#
# There is insufficient memory for the Java Runtime Environment to continue.
# Native memory allocation (mmap) failed to map 1048576 bytes. Error detail: G1 virtual space
# Possible reasons:
#   The system is out of physical RAM or swap space
#   This process is running with CompressedOops enabled, and the Java Heap may be blocking the growth of the native heap
# Possible solutions:
#   Reduce memory load on the system
#   Increase physical memory or swap space
#   Check if swap backing store is full
#   Decrease Java heap size (-Xmx/-Xms)
#   Decrease number of Java threads
#   Decrease Java thread stack sizes (-Xss)
#   Set larger code cache with -XX:ReservedCodeCacheSize=
#   JVM is running with Unscaled Compressed Oops mode in which the Java heap is
#     placed in the first 4GB address space. The Java Heap base address is the
#     maximum limit for the native heap growth. Please use -XX:HeapBaseMinAddress
#     to set the Java Heap base and to place the Java Heap above 4GB virtual address.
# This output file may be truncated or incomplete.
#
#  Out of Memory Error (os_windows.cpp:3925), pid=25520, tid=16968
#
# JRE version: OpenJDK Runtime Environment (21.0.8) (build 21.0.8+-14018985-b1038.68)
# Java VM: OpenJDK 64-Bit Server VM (21.0.8+-14018985-b1038.68, mixed mode, tiered, compressed oops, compressed class ptrs, g1 gc, windows-amd64)
# No core dump will be written. Minidumps are not enabled by default on client versions of Windows
#

---------------  S U M M A R Y ------------

Command Line: -XX:MaxMetaspaceSize=512m --add-opens=java.base/java.util=ALL-UNNAMED --add-opens=java.base/java.lang=ALL-UNNAMED --add-opens=java.base/java.lang.invoke=ALL-UNNAMED --add-opens=java.prefs/java.util.prefs=ALL-UNNAMED --add-exports=jdk.compiler/com.sun.tools.javac.api=ALL-UNNAMED --add-exports=jdk.compiler/com.sun.tools.javac.util=ALL-UNNAMED --add-opens=java.base/java.nio.charset=ALL-UNNAMED --add-opens=java.base/java.net=ALL-UNNAMED --add-opens=java.base/java.util.concurrent.atomic=ALL-UNNAMED -Xmx2048m -Dfile.encoding=UTF-8 -Duser.country=US -Duser.language=en -Duser.variant -javaagent:C:\Users\HP\.gradle\wrapper\dists\gradle-8.10.2-bin\a04bxjujx95o3nb99gddekhwo\gradle-8.10.2\lib\agents\gradle-instrumentation-agent-8.10.2.jar org.gradle.launcher.daemon.bootstrap.GradleDaemon 8.10.2

Host: 13th Gen Intel(R) Core(TM) i5-1335U, 12 cores, 7G,  Windows 11 , 64 bit Build 26100 (10.0.26100.4484)
Time: Wed Mar 18 13:28:00 2026 Sri Lanka Standard Time elapsed time: 271.754249 seconds (0d 0h 4m 31s)

---------------  T H R E A D  ---------------

Current thread (0x00000219ff54f470):  JavaThread "ForkJoinPool.commonPool-worker-6" daemon [_thread_in_vm, id=16968, stack(0x00000058be900000,0x00000058bea00000) (1024K)]

Stack: [0x00000058be900000,0x00000058bea00000]
Native frames: (J=compiled Java code, j=interpreted, Vv=VM code, C=native code)
V  [jvm.dll+0x6d68d9]
V  [jvm.dll+0x866693]
V  [jvm.dll+0x868c4e]
V  [jvm.dll+0x869333]
V  [jvm.dll+0x280566]
V  [jvm.dll+0x6d3195]
V  [jvm.dll+0x6c69ea]
V  [jvm.dll+0x3586db]
V  [jvm.dll+0x360336]
V  [jvm.dll+0x3b20fb]
V  [jvm.dll+0x3b27b4]
V  [jvm.dll+0x3b2306]
V  [jvm.dll+0x32b2a4]
V  [jvm.dll+0x32943f]
V  [jvm.dll+0x668220]
V  [jvm.dll+0x240372]
V  [jvm.dll+0x82ac67]
V  [jvm.dll+0x1a633e]
C  0x00000219dba2d7f1

The last pc belongs to new_type_array Runtime1 stub (printed below).
Java frames: (J=compiled Java code, j=interpreted, Vv=VM code)
v  ~RuntimeStub::new_type_array Runtime1 stub 0x00000219dba2d7f1
J 29635 c1 java.nio.file.Files.read(Ljava/io/InputStream;I)[B java.base@21.0.8 (103 bytes) @ 0x00000219d4b76b20 [0x00000219d4b76460+0x00000000000006c0]
j  java.nio.file.Files.readAllBytes(Ljava/nio/file/Path;)[B+57 java.base@21.0.8
J 29634 c1 org.gradle.internal.classpath.declarations.NioFileInterceptors.intercept_readAllBytes(Ljava/nio/file/Path;Ljava/lang/String;)[B (10 bytes) @ 0x00000219d5902ecc [0x00000219d59023e0+0x0000000000000aec]
j  com.android.zipflinger.BytesSource.<init>(Ljava/nio/file/Path;Ljava/lang/String;I)V+8
J 24139 c1 com.android.zipflinger.Sources.from(Ljava/nio/file/Path;Ljava/lang/String;I)Lcom/android/zipflinger/Source; (33 bytes) @ 0x00000219d6b4073c [0x00000219d6b40140+0x00000000000005fc]
j  com.android.zipflinger.Sources.from(Ljava/io/File;Ljava/lang/String;I)Lcom/android/zipflinger/Source;+6
j  com.android.builder.internal.packaging.ApkFlinger$writeFile$1.call()V+48
j  com.android.builder.internal.packaging.ApkFlinger$writeFile$1.call()Ljava/lang/Object;+1
J 28614 c2 java.util.concurrent.ForkJoinTask$InterruptibleTask.exec()Z java.base@21.0.8 (84 bytes) @ 0x00000219dca2cdd4 [0x00000219dca2cce0+0x00000000000000f4]
J 28621 c1 java.util.concurrent.ForkJoinPool$WorkQueue.topLevelExec(Ljava/util/concurrent/ForkJoinTask;Ljava/util/concurrent/ForkJoinPool$WorkQueue;I)V java.base@21.0.8 (93 bytes) @ 0x00000219d4420b1c [0x00000219d4420880+0x000000000000029c]
J 28166 c1 java.util.concurrent.ForkJoinPool.scan(Ljava/util/concurrent/ForkJoinPool$WorkQueue;JI)J java.base@21.0.8 (301 bytes) @ 0x00000219d741f9d4 [0x00000219d741f240+0x0000000000000794]
j  java.util.concurrent.ForkJoinPool.runWorker(Ljava/util/concurrent/ForkJoinPool$WorkQueue;)V+62 java.base@21.0.8
j  java.util.concurrent.ForkJoinWorkerThread.run()V+31 java.base@21.0.8
v  ~StubRoutines::call_stub 0x00000219db92100d
--------------------------------------------------------------------------------
Decoding CodeBlob, name: new_type_array Runtime1 stub, at  [0x00000219dba2d700, 0x00000219dba2d910]  528 bytes
[MachCode]
  0x00000219dba2d700: 5548 8bec | 4881 ec80 | 0000 0048 | 8944 2478 | 4889 4c24 | 7048 8954 | 2468 4889 | 5c24 6048 
  0x00000219dba2d720: 896c 2450 | 4889 7424 | 4848 897c | 2440 4c89 | 4424 384c | 894c 2430 | 4c89 5424 | 284c 895c 
  0x00000219dba2d740: 2420 4c89 | 6424 184c | 896c 2410 | 4c89 7424 | 084c 893c | 2448 81ec | 1004 0000 | c5fb 1144 
  0x00000219dba2d760: 2428 c5fb | 114c 2430 | c5fb 1154 | 2438 c5fb | 115c 2440 | c5fb 1164 | 2448 c5fb | 116c 2450 
  0x00000219dba2d780: c5fb 1174 | 2458 c5fb | 117c 2460 | c57b 1144 | 2468 c57b | 114c 2470 | c57b 1154 | 2478 c57b 
  0x00000219dba2d7a0: 119c 2480 | 0000 00c5 | 7b11 a424 | 8800 0000 | c57b 11ac | 2490 0000 | 00c5 7b11 | b424 9800 
  0x00000219dba2d7c0: 0000 c57b | 11bc 24a0 | 0000 0048 | 8bd2 4c8b | c349 8bcf | c5f8 7749 | 89af a803 | 0000 4989 
  0x00000219dba2d7e0: a798 0300 | 0048 b810 | 638d 56fe | 7f00 00ff | d049 c787 | 9803 0000 | 0000 0000 | 49c7 87a8 
  0x00000219dba2d800: 0300 0000 | 0000 0049 | c787 a003 | 0000 0000 | 0000 c5f8 | 7749 837f | 0800 0f84 | 1400 0000 
  0x00000219dba2d820: 498b 4708 | 49c7 87f0 | 0300 0000 | 0000 00e9 | cce3 ffff | 498b 87f0 | 0300 0049 | c787 f003 
  0x00000219dba2d840: 0000 0000 | 0000 c5fb | 1044 2428 | c5fb 104c | 2430 c5fb | 1054 2438 | c5fb 105c | 2440 c5fb 
  0x00000219dba2d860: 1064 2448 | c5fb 106c | 2450 c5fb | 1074 2458 | c5fb 107c | 2460 c57b | 1044 2468 | c57b 104c 
  0x00000219dba2d880: 2470 c57b | 1054 2478 | c57b 109c | 2480 0000 | 00c5 7b10 | a424 8800 | 0000 c57b | 10ac 2490 
  0x00000219dba2d8a0: 0000 00c5 | 7b10 b424 | 9800 0000 | c57b 10bc | 24a0 0000 | 0048 81c4 | 1004 0000 | 4c8b 3c24 
  0x00000219dba2d8c0: 4c8b 7424 | 084c 8b6c | 2410 4c8b | 6424 184c | 8b5c 2420 | 4c8b 5424 | 284c 8b4c | 2430 4c8b 
  0x00000219dba2d8e0: 4424 3848 | 8b7c 2440 | 488b 7424 | 4848 8b6c | 2450 488b | 5c24 6048 | 8b54 2468 | 488b 4c24 
  0x00000219dba2d900: 7048 81c4 | 8000 0000 | c9c3 660f | 1f44 0000 
[/MachCode]
--------------------------------------------------------------------------------


Compiled method (c1) 272498 29635       3       java.nio.file.Files::read (103 bytes)
 total in heap  [0x00000219d4b76210,0x00000219d4b76f70] = 3424
 relocation     [0x00000219d4b76370,0x00000219d4b76448] = 216
 main code      [0x00000219d4b76460,0x00000219d4b76c40] = 2016
 stub code      [0x00000219d4b76c40,0x00000219d4b76cb8] = 120
 metadata       [0x00000219d4b76cb8,0x00000219d4b76cd0] = 24
 scopes data    [0x00000219d4b76cd0,0x00000219d4b76e08] = 312
 scopes pcs     [0x00000219d4b76e08,0x00000219d4b76f48] = 320
 dependencies   [0x00000219d4b76f48,0x00000219d4b76f50] = 8
 nul chk table  [0x00000219d4b76f50,0x00000219d4b76f70] = 32

[Constant Pool (empty)]

[MachCode]
[Verified Entry Point]
  # {method} {0x00000219e95d7b38} 'read' '(Ljava/io/InputStream;I)[B' in 'java/nio/file/Files'
  # parm0:    rdx:rdx   = 'java/io/InputStream'
  # parm1:    r8        = int
  #           [sp+0xa0]  (sp of caller)
  0x00000219d4b76460: 8984 2400 | 80ff ff55 | 4881 ec90 | 0000 0090 | 4181 7f20 | 2700 0000 

  0x00000219d4b76478: ;   {runtime_call StubRoutines (final stubs)}
  0x00000219d4b76478: 7405 e8a1 | 36de 0648 | 8954 2468 

  0x00000219d4b76484: ;   {metadata(method data for {method} {0x00000219e95d7b38} 'read' '(Ljava/io/InputStream;I)[B' in 'java/nio/file/Files')}
  0x00000219d4b76484: 48bb 680c | 3a80 1902 | 0000 8bb3 | cc00 0000 | 83c6 0289 | b3cc 0000 | 0081 e6fe | 0700 0085 
  0x00000219d4b764a4: f60f 844f | 0600 0049 | 8bd8 4c8b 

  0x00000219d4b764b0: ;   {metadata({type array byte})}
  0x00000219d4b764b0: da48 bac8 | 0a04 0001 | 0000 0048 | 63db 488b | fb48 81fb | ffff ff00 | 0f87 4d06 | 0000 48c7 
  0x00000219d4b764d0: c617 0000 | 0048 8d34 | 1e48 83e6 | f849 8b87 | b801 0000 | 488d 3430 | 493b b7c8 | 0100 000f 
  0x00000219d4b764f0: 8726 0600 | 0049 89b7 | b801 0000 | 482b f048 | c700 0100 | 0000 488b | ca48 c1e9 | 0389 4808 
  0x00000219d4b76510: 8958 0c48 | 83ee 1048 | 85f6 0f84 | 1100 0000 | 4833 db48 | c1ee 0348 | 895c f008 | 48ff ce75 
  0x00000219d4b76530: f6be 0000 | 0000 6690 

  0x00000219d4b76538: ; implicit exception: dispatches to 0x00000219d4b76b25
  0x00000219d4b76538: 493b 0349 

  0x00000219d4b7653c: ;   {metadata(method data for {method} {0x00000219e95d7b38} 'read' '(Ljava/io/InputStream;I)[B' in 'java/nio/file/Files')}
  0x00000219d4b7653c: 8bd3 49b9 | 680c 3a80 | 1902 0000 | 8b52 0848 | c1e2 0349 | 3b91 2001 | 0000 750d | 4983 8128 
  0x00000219d4b7655c: 0100 0001 | e960 0000 | 0049 3b91 | 3001 0000 | 750d 4983 | 8138 0100 | 0001 e94a | 0000 0049 
  0x00000219d4b7657c: 83b9 2001 | 0000 0075 | 1749 8991 | 2001 0000 | 49c7 8128 | 0100 0001 | 0000 00e9 | 2900 0000 
  0x00000219d4b7659c: 4983 b930 | 0100 0000 | 7517 4989 | 9130 0100 | 0049 c781 | 3801 0000 | 0100 0000 | e908 0000 
  0x00000219d4b765bc: 0049 8381 | 1001 0000 | 0149 8bf8 | 2bfe 4489 | 4424 704c | 8bc0 4c8b | ce49 8bd3 | 8974 2474 
  0x00000219d4b765dc: 4889 4424 | 780f 1f40 | 0048 b880 | 136d 0001 

  0x00000219d4b765ec: ;   {virtual_call}
  0x00000219d4b765ec: 0000 00e8 

  0x00000219d4b765f0: ; ImmutableOopMap {[104]=Oop [120]=Oop }
                      ;*invokevirtual read {reexecute=0 rethrow=0 return_oop=0}
                      ; - java.nio.file.Files::read@17
  0x00000219d4b765f0: 4c1b 5d00 

  0x00000219d4b765f4: ;   {other}
  0x00000219d4b765f4: 0f1f 8400 | e403 0000 

  0x00000219d4b765fc: ;   {metadata(method data for {method} {0x00000219e95d7b38} 'read' '(Ljava/io/InputStream;I)[B' in 'java/nio/file/Files')}
  0x00000219d4b765fc: 85c0 48ba | 680c 3a80 | 1902 0000 | 48c7 c658 | 0100 007f | 0748 c7c6 | 4801 0000 | 488b 3c32 
  0x00000219d4b7661c: 488d 7f01 | 4889 3c32 | 0f8f a803 | 0000 85c0 

  0x00000219d4b7662c: ;   {metadata(method data for {method} {0x00000219e95d7b38} 'read' '(Ljava/io/InputStream;I)[B' in 'java/nio/file/Files')}
  0x00000219d4b7662c: 48ba 680c | 3a80 1902 | 0000 48c7 | c680 0100 | 007c 0748 | c7c6 9001 | 0000 488b | 3c32 488d 
  0x00000219d4b7664c: 7f01 4889 | 3c32 0f8c | de03 0000 | 488b 5424 

  0x00000219d4b7665c: ;   {metadata(method data for {method} {0x00000219e95d7b38} 'read' '(Ljava/io/InputStream;I)[B' in 'java/nio/file/Files')}
  0x00000219d4b7665c: 6848 be68 | 0c3a 8019 | 0200 008b | 5208 48c1 | e203 483b | 96b0 0100 | 0075 0d48 | 8386 b801 
  0x00000219d4b7667c: 0000 01e9 | 6000 0000 | 483b 96c0 | 0100 0075 | 0d48 8386 | c801 0000 | 01e9 4a00 | 0000 4883 
  0x00000219d4b7669c: beb0 0100 | 0000 7517 | 4889 96b0 | 0100 0048 | c786 b801 | 0000 0100 | 0000 e929 | 0000 0048 
  0x00000219d4b766bc: 83be c001 | 0000 0075 | 1748 8996 | c001 0000 | 48c7 86c8 | 0100 0001 | 0000 00e9 | 0800 0000 
  0x00000219d4b766dc: 4883 86a0 | 0100 0001 | 488b 5424 | 680f 1f40 | 0048 b880 | 136d 0001 

  0x00000219d4b766f4: ;   {virtual_call}
  0x00000219d4b766f4: 0000 00e8 

  0x00000219d4b766f8: ; ImmutableOopMap {[104]=Oop [120]=Oop }
                      ;*invokevirtual read {reexecute=0 rethrow=0 return_oop=0}
                      ; - java.nio.file.Files::read@42
  0x00000219d4b766f8: e439 fc01 

  0x00000219d4b766fc: ;   {other}
  0x00000219d4b766fc: 0f1f 8400 | ec04 0001 | 8984 2480 | 0000 0085 

  0x00000219d4b7670c: ;   {metadata(method data for {method} {0x00000219e95d7b38} 'read' '(Ljava/io/InputStream;I)[B' in 'java/nio/file/Files')}
  0x00000219d4b7670c: c048 ba68 | 0c3a 8019 | 0200 0049 | c7c0 e801 | 0000 7c07 | 49c7 c0d8 | 0100 004a | 8b34 0248 
  0x00000219d4b7672c: 8d76 014a | 8934 020f | 8c10 0300 | 0044 8b44 

  0x00000219d4b7673c: ;   {metadata(method data for {method} {0x00000219e95d7b38} 'read' '(Ljava/io/InputStream;I)[B' in 'java/nio/file/Files')}
  0x00000219d4b7673c: 2470 48ba | 680c 3a80 | 1902 0000 | 4883 8210 | 0200 0001 

  0x00000219d4b76750: ;   {metadata(method data for {method} {0x00000219e91bc538} 'newLength' '(III)I' in 'jdk/internal/util/ArraysSupport')}
  0x00000219d4b76750: 48ba 887d | 71e9 1902 | 0000 8bb2 | cc00 0000 | 83c6 0289 | b2cc 0000 | 0081 e6fe | ff1f 0085 
  0x00000219d4b76770: f60f 84b3 

  0x00000219d4b76774: ;   {metadata(method data for {method} {0x00000219e91bc538} 'newLength' '(III)I' in 'jdk/internal/util/ArraysSupport')}
  0x00000219d4b76774: 0300 0048 | ba88 7d71 | e919 0200 | 0048 8382 | 1001 0000 

  0x00000219d4b76788: ;   {metadata(method data for {method} {0x00000219e9198b18} 'max' '(II)I' in 'java/lang/Math')}
  0x00000219d4b76788: 0148 ba78 | 3f4f e919 | 0200 008b | b2cc 0000 | 0083 c602 | 89b2 cc00 | 0000 81e6 | feff 1f00 
  0x00000219d4b767a8: 85f6 0f84 | 9b03 0000 | 4183 f801 

  0x00000219d4b767b4: ;   {metadata(method data for {method} {0x00000219e9198b18} 'max' '(II)I' in 'java/lang/Math')}
  0x00000219d4b767b4: 48ba 783f | 4fe9 1902 | 0000 48c7 | c610 0100 | 007f 0748 | c7c6 2001 | 0000 488b | 3c32 488d 
  0x00000219d4b767d4: 7f01 4889 | 3c32 0f8f | 1a00 0000 

  0x00000219d4b767e0: ;   {metadata(method data for {method} {0x00000219e9198b18} 'max' '(II)I' in 'java/lang/Math')}
  0x00000219d4b767e0: 48ba 783f | 4fe9 1902 | 0000 ff82 | 3001 0000 | ba01 0000 | 00e9 0300 | 0000 498b | d041 03d0 
  0x00000219d4b76800: ;   {metadata(method data for {method} {0x00000219e91bc538} 'newLength' '(III)I' in 'jdk/internal/util/ArraysSupport')}
  0x00000219d4b76800: 85d2 48be | 887d 71e9 | 1902 0000 | 48c7 c720 | 0100 007e | 0748 c7c7 | 3001 0000 | 488b 1c3e 
  0x00000219d4b76820: 488d 5b01 | 4889 1c3e | 0f8e 3200 | 0000 81fa | f7ff ff7f 

  0x00000219d4b76834: ;   {metadata(method data for {method} {0x00000219e91bc538} 'newLength' '(III)I' in 'jdk/internal/util/ArraysSupport')}
  0x00000219d4b76834: 48be 887d | 71e9 1902 | 0000 48c7 | c750 0100 | 007e 0748 | c7c7 4001 | 0000 488b | 1c3e 488d 
  0x00000219d4b76854: 5b01 4889 | 1c3e 0f8e | 3100 0000 

  0x00000219d4b76860: ;   {metadata(method data for {method} {0x00000219e91bc538} 'newLength' '(III)I' in 'jdk/internal/util/ArraysSupport')}
  0x00000219d4b76860: 48ba 887d | 71e9 1902 | 0000 4883 | 8260 0100 | 0001 498b | d041 b801 | 0000 000f 

  0x00000219d4b7687c: ;   {static_call}
  0x00000219d4b7687c: 1f40 00e8 

  0x00000219d4b76880: ; ImmutableOopMap {[104]=Oop [120]=Oop }
                      ;*invokestatic hugeLength {reexecute=0 rethrow=0 return_oop=0}
                      ; - jdk.internal.util.ArraysSupport::newLength@23
                      ; - java.nio.file.Files::read@57
  0x00000219d4b76880: fc87 df06 

  0x00000219d4b76884: ;   {other}
  0x00000219d4b76884: 0f1f 8400 | 7406 0002 | e903 0000 | 0048 8bc2 

  0x00000219d4b76894: ;   {metadata(method data for {method} {0x00000219e95d7b38} 'read' '(Ljava/io/InputStream;I)[B' in 'java/nio/file/Files')}
  0x00000219d4b76894: 48ba 680c | 3a80 1902 | 0000 4883 | 8220 0200 

  0x00000219d4b768a4: ;   {metadata(method data for {method} {0x00000219e9198b18} 'max' '(II)I' in 'java/lang/Math')}
  0x00000219d4b768a4: 0001 48ba | 783f 4fe9 | 1902 0000 | 448b 82cc | 0000 0041 | 83c0 0244 | 8982 cc00 | 0000 4181 
  0x00000219d4b768c4: e0fe ff1f | 0045 85c0 | 0f84 9a02 | 0000 3d00 

  0x00000219d4b768d4: ;   {metadata(method data for {method} {0x00000219e9198b18} 'max' '(II)I' in 'java/lang/Math')}
  0x00000219d4b768d4: 2000 0048 | ba78 3f4f | e919 0200 | 0049 c7c0 | 1001 0000 | 7c07 49c7 | c020 0100 | 004a 8b34 
  0x00000219d4b768f4: 0248 8d76 | 014a 8934 | 020f 8c15 

  0x00000219d4b76900: ;   {metadata(method data for {method} {0x00000219e9198b18} 'max' '(II)I' in 'java/lang/Math')}
  0x00000219d4b76900: 0000 0048 | ba78 3f4f | e919 0200 | 00ff 8230 | 0100 00e9 | 0500 0000 | b800 2000 

  0x00000219d4b7691c: ;   {metadata(method data for {method} {0x00000219e95d7b38} 'read' '(Ljava/io/InputStream;I)[B' in 'java/nio/file/Files')}
  0x00000219d4b7691c: 0048 ba68 | 0c3a 8019 | 0200 0048 | 8382 3002 | 0000 0148 | 8b54 2478 | 4c8b c089 | 8424 8400 
  0x00000219d4b7693c: ;   {static_call}
  0x00000219d4b7693c: 0000 90e8 

  0x00000219d4b76940: ; ImmutableOopMap {[104]=Oop }
                      ;*invokestatic copyOf {reexecute=0 rethrow=0 return_oop=0}
                      ; - java.nio.file.Files::read@69
  0x00000219d4b76940: 3c87 df06 

  0x00000219d4b76944: ;   {other}
  0x00000219d4b76944: 0f1f 8400 | 3407 0003 | 8b74 2474 | ffc6 8b94 | 2480 0000 | 008b 7c24 | 743b 780c | 0f83 3102 
  0x00000219d4b76964: 0000 4c63 | c742 8854 

  0x00000219d4b7696c: ;   {metadata(method data for {method} {0x00000219e95d7b38} 'read' '(Ljava/io/InputStream;I)[B' in 'java/nio/file/Files')}
  0x00000219d4b7696c: 0010 48ba | 680c 3a80 | 1902 0000 | 448b 82d0 | 0000 0041 | 83c0 0244 | 8982 d000 | 0000 4181 
  0x00000219d4b7698c: e0fe 3f00 | 0045 85c0 | 0f84 0b02 | 0000 4d8b | 9750 0400 

  0x00000219d4b769a0: ; ImmutableOopMap {rax=Oop [104]=Oop }
                      ;*goto {reexecute=1 rethrow=0 return_oop=0}
                      ; - (reexecute) java.nio.file.Files::read@83
                      ;   {poll}
  0x00000219d4b769a0: 0041 8502 

  0x00000219d4b769a4: ;   {metadata(method data for {method} {0x00000219e95d7b38} 'read' '(Ljava/io/InputStream;I)[B' in 'java/nio/file/Files')}
  0x00000219d4b769a4: 48ba 680c | 3a80 1902 | 0000 ff82 | 4002 0000 | 488b fe48 | 8bd0 448b | 8424 8400 | 0000 488b 
  0x00000219d4b769c4: f748 8bc2 | 4c8b 5c24 | 68e9 66fb | ffff 8b7c | 2474 488b | 5424 7844 | 8b44 2470 

  0x00000219d4b769e0: ;   {metadata(method data for {method} {0x00000219e95d7b38} 'read' '(Ljava/io/InputStream;I)[B' in 'java/nio/file/Files')}
  0x00000219d4b769e0: 03c7 48be | 680c 3a80 | 1902 0000 | 8bbe d000 | 0000 83c7 | 0289 bed0 | 0000 0081 | e7fe 3f00 
  0x00000219d4b76a00: 0085 ff0f | 84bd 0100 | 004d 8b97 

  0x00000219d4b76a0c: ; ImmutableOopMap {rdx=Oop [104]=Oop }
                      ;*goto {reexecute=1 rethrow=0 return_oop=0}
                      ; - (reexecute) java.nio.file.Files::read@33
  0x00000219d4b76a0c: 5004 0000 

  0x00000219d4b76a10: ;   {poll}
  0x00000219d4b76a10: 4185 0248 | be68 0c3a | 8019 0200 | 00ff 8668 | 0100 0048 | 8bf8 488b | f748 8bc2 | 4c8b 5c24 
  0x00000219d4b76a30: 68e9 02fb | ffff 8b7c | 2474 488b | 5424 7844 | 8b44 2470 | e91e 0000 | 008b 7c24 | 7448 8b54 
  0x00000219d4b76a50: 2478 448b 

  0x00000219d4b76a54: ;   {metadata(method data for {method} {0x00000219e95d7b38} 'read' '(Ljava/io/InputStream;I)[B' in 'java/nio/file/Files')}
  0x00000219d4b76a54: 4424 7048 | be68 0c3a | 8019 0200 | 00ff 86f8 | 0100 0044 

  0x00000219d4b76a68: ;   {metadata(method data for {method} {0x00000219e95d7b38} 'read' '(Ljava/io/InputStream;I)[B' in 'java/nio/file/Files')}
  0x00000219d4b76a68: 3bc7 49b8 | 680c 3a80 | 1902 0000 | 48c7 c658 | 0200 0075 | 0748 c7c6 | 6802 0000 | 498b 1c30 
  0x00000219d4b76a88: 488d 5b01 | 4989 1c30 | 0f85 2a00 

  0x00000219d4b76a94: ;   {metadata(method data for {method} {0x00000219e95d7b38} 'read' '(Ljava/io/InputStream;I)[B' in 'java/nio/file/Files')}
  0x00000219d4b76a94: 0000 49b8 | 680c 3a80 | 1902 0000 | 41ff 8078 | 0200 0048 | 8bc2 4881 | c490 0000 

  0x00000219d4b76ab0: ;   {poll_return}
  0x00000219d4b76ab0: 005d 493b | a748 0400 | 000f 8728 | 0100 00c3 

  0x00000219d4b76ac0: ;   {metadata(method data for {method} {0x00000219e95d7b38} 'read' '(Ljava/io/InputStream;I)[B' in 'java/nio/file/Files')}
  0x00000219d4b76ac0: 49b8 680c | 3a80 1902 | 0000 4983 | 8090 0200 | 0001 4c8b 

  0x00000219d4b76ad4: ;   {static_call}
  0x00000219d4b76ad4: c766 90e8 

  0x00000219d4b76ad8: ; ImmutableOopMap {}
                      ;*invokestatic copyOf {reexecute=0 rethrow=0 return_oop=0}
                      ; - java.nio.file.Files::read@99
  0x00000219d4b76ad8: a485 df06 

  0x00000219d4b76adc: ;   {other}
  0x00000219d4b76adc: 0f1f 8400 | cc08 0006 | 4881 c490 | 0000 005d 

  0x00000219d4b76aec: ;   {poll_return}
  0x00000219d4b76aec: 493b a748 | 0400 000f | 8704 0100 

  0x00000219d4b76af8: ;   {metadata({method} {0x00000219e95d7b38} 'read' '(Ljava/io/InputStream;I)[B' in 'java/nio/file/Files')}
  0x00000219d4b76af8: 00c3 49ba | 307b 5de9 | 1902 0000 | 4c89 5424 | 0848 c704 | 24ff ffff 

  0x00000219d4b76b10: ;   {runtime_call counter_overflow Runtime1 stub}
  0x00000219d4b76b10: ffe8 eaad 

  0x00000219d4b76b14: ; ImmutableOopMap {rdx=Oop [104]=Oop }
                      ;*synchronization entry
                      ; - java.nio.file.Files::read@-1
  0x00000219d4b76b14: eb06 e990 

  0x00000219d4b76b18: ;   {runtime_call new_type_array Runtime1 stub}
  0x00000219d4b76b18: f9ff ffe8 

  0x00000219d4b76b1c: ; ImmutableOopMap {r11=Oop [104]=Oop }
                      ;*newarray {reexecute=0 rethrow=0 return_oop=0}
                      ; - java.nio.file.Files::read@3
  0x00000219d4b76b1c: e06b eb06 | e90c faff 

  0x00000219d4b76b24: ;   {runtime_call throw_null_pointer_exception Runtime1 stub}
  0x00000219d4b76b24: ffe8 d65c 

  0x00000219d4b76b28: ; ImmutableOopMap {r11=Oop rax=Oop [104]=Oop }
                      ;*invokevirtual read {reexecute=0 rethrow=0 return_oop=0}
                      ; - java.nio.file.Files::read@17
                      ;   {metadata({method} {0x00000219e91bc538} 'newLength' '(III)I' in 'jdk/internal/util/ArraysSupport')}
  0x00000219d4b76b28: eb06 49ba | 30c5 1be9 | 1902 0000 | 4c89 5424 | 0848 c704 | 24ff ffff 

  0x00000219d4b76b40: ;   {runtime_call counter_overflow Runtime1 stub}
  0x00000219d4b76b40: ffe8 baad 

  0x00000219d4b76b44: ; ImmutableOopMap {[104]=Oop [120]=Oop }
                      ;*synchronization entry
                      ; - jdk.internal.util.ArraysSupport::newLength@-1
                      ; - java.nio.file.Files::read@57
  0x00000219d4b76b44: eb06 e92c 

  0x00000219d4b76b48: ;   {metadata({method} {0x00000219e9198b18} 'max' '(II)I' in 'java/lang/Math')}
  0x00000219d4b76b48: fcff ff49 | ba10 8b19 | e919 0200 | 004c 8954 | 2408 48c7 | 0424 ffff 

  0x00000219d4b76b60: ;   {runtime_call counter_overflow Runtime1 stub}
  0x00000219d4b76b60: ffff e899 

  0x00000219d4b76b64: ; ImmutableOopMap {[104]=Oop [120]=Oop }
                      ;*synchronization entry
                      ; - java.lang.Math::max@-1
                      ; - jdk.internal.util.ArraysSupport::newLength@3
                      ; - java.nio.file.Files::read@57
  0x00000219d4b76b64: adeb 06e9 | 44fc ffff 

  0x00000219d4b76b6c: ;   {metadata({method} {0x00000219e9198b18} 'max' '(II)I' in 'java/lang/Math')}
  0x00000219d4b76b6c: 49ba 108b | 19e9 1902 | 0000 4c89 | 5424 0848 | c704 24ff 

  0x00000219d4b76b80: ;   {runtime_call counter_overflow Runtime1 stub}
  0x00000219d4b76b80: ffff ffe8 

  0x00000219d4b76b84: ; ImmutableOopMap {[104]=Oop [120]=Oop }
                      ;*synchronization entry
                      ; - java.lang.Math::max@-1
                      ; - java.nio.file.Files::read@63
  0x00000219d4b76b84: 78ad eb06 | e945 fdff 

  0x00000219d4b76b8c: ;   {runtime_call throw_null_pointer_exception Runtime1 stub}
  0x00000219d4b76b8c: ffe8 6e5c 

  0x00000219d4b76b90: ; ImmutableOopMap {rax=Oop [104]=Oop }
                      ;*bastore {reexecute=0 rethrow=0 return_oop=0}
                      ; - java.nio.file.Files::read@82
                      ;   {runtime_call throw_null_pointer_exception Runtime1 stub}
  0x00000219d4b76b90: eb06 e869 

  0x00000219d4b76b94: ; ImmutableOopMap {rax=Oop [104]=Oop }
                      ;*bastore {reexecute=0 rethrow=0 return_oop=0}
                      ; - java.nio.file.Files::read@82
  0x00000219d4b76b94: 5ceb 0648 | 893c 2448 | 8944 2408 

  0x00000219d4b76ba0: ;   {runtime_call throw_range_check_failed Runtime1 stub}
  0x00000219d4b76ba0: e85b 53eb 

  0x00000219d4b76ba4: ; ImmutableOopMap {rax=Oop [104]=Oop }
                      ;*bastore {reexecute=0 rethrow=0 return_oop=0}
                      ; - java.nio.file.Files::read@82
                      ;   {metadata({method} {0x00000219e95d7b38} 'read' '(Ljava/io/InputStream;I)[B' in 'java/nio/file/Files')}
  0x00000219d4b76ba4: 0649 ba30 | 7b5d e919 | 0200 004c | 8954 2408 | 48c7 0424 | 5300 0000 

  0x00000219d4b76bbc: ;   {runtime_call counter_overflow Runtime1 stub}
  0x00000219d4b76bbc: e83f adeb 

  0x00000219d4b76bc0: ; ImmutableOopMap {rax=Oop [104]=Oop }
                      ;*goto {reexecute=1 rethrow=0 return_oop=0}
                      ; - (reexecute) java.nio.file.Files::read@83
  0x00000219d4b76bc0: 06e9 d4fd 

  0x00000219d4b76bc4: ;   {metadata({method} {0x00000219e95d7b38} 'read' '(Ljava/io/InputStream;I)[B' in 'java/nio/file/Files')}
  0x00000219d4b76bc4: ffff 49ba | 307b 5de9 | 1902 0000 | 4c89 5424 | 0848 c704 | 2421 0000 

  0x00000219d4b76bdc: ;   {runtime_call counter_overflow Runtime1 stub}
  0x00000219d4b76bdc: 00e8 1ead 

  0x00000219d4b76be0: ; ImmutableOopMap {rdx=Oop [104]=Oop }
                      ;*goto {reexecute=1 rethrow=0 return_oop=0}
                      ; - (reexecute) java.nio.file.Files::read@33
  0x00000219d4b76be0: eb06 e922 

  0x00000219d4b76be4: ;   {internal_word}
  0x00000219d4b76be4: feff ff49 | bab2 6ab7 | d419 0200 | 004d 8997 | 6004 0000 

  0x00000219d4b76bf8: ;   {runtime_call SafepointBlob}
  0x00000219d4b76bf8: e903 ebdf 

  0x00000219d4b76bfc: ;   {internal_word}
  0x00000219d4b76bfc: 0649 baec | 6ab7 d419 | 0200 004d | 8997 6004 

  0x00000219d4b76c0c: ;   {runtime_call SafepointBlob}
  0x00000219d4b76c0c: 0000 e9ed | eadf 0649 | 8b87 f804 | 0000 49c7 | 87f8 0400 | 0000 0000 | 0049 c787 | 0005 0000 
  0x00000219d4b76c2c: 0000 0000 | 4881 c490 | 0000 005d 

  0x00000219d4b76c38: ;   {runtime_call unwind_exception Runtime1 stub}
  0x00000219d4b76c38: e9c3 4ceb | 06f4 f4f4 
[Stub Code]
  0x00000219d4b76c40: ;   {no_reloc}
  0x00000219d4b76c40: 0f1f 4400 

  0x00000219d4b76c44: ;   {static_stub}
  0x00000219d4b76c44: 0048 bb00 | 0000 0000 

  0x00000219d4b76c4c: ;   {runtime_call nmethod}
  0x00000219d4b76c4c: 0000 00e9 | fbff ffff 

  0x00000219d4b76c54: ;   {static_stub}
  0x00000219d4b76c54: 9048 bb00 | 0000 0000 

  0x00000219d4b76c5c: ;   {runtime_call nmethod}
  0x00000219d4b76c5c: 0000 00e9 | fbff ffff 

  0x00000219d4b76c64: ;   {static_stub}
  0x00000219d4b76c64: 48bb 0000 | 0000 0000 

  0x00000219d4b76c6c: ;   {runtime_call nmethod}
  0x00000219d4b76c6c: 0000 e9fb 

  0x00000219d4b76c70: ;   {static_stub}
  0x00000219d4b76c70: ffff ff48 | bb00 0000 | 0000 0000 

  0x00000219d4b76c7c: ;   {runtime_call nmethod}
  0x00000219d4b76c7c: 00e9 fbff 

  0x00000219d4b76c80: ;   {runtime_call handle_exception_from_callee Runtime1 stub}
  0x00000219d4b76c80: ffff e879 

  0x00000219d4b76c84: ;   {external_word}
  0x00000219d4b76c84: 79eb 0648 | b970 6107 | 57fe 7f00 | 0048 83e4 

  0x00000219d4b76c94: ;   {runtime_call}
  0x00000219d4b76c94: f048 b810 | cdd5 56fe | 7f00 00ff 

  0x00000219d4b76ca0: ;   {section_word}
  0x00000219d4b76ca0: d0f4 49ba | a26c b7d4 | 1902 0000 

  0x00000219d4b76cac: ;   {runtime_call DeoptimizationBlob}
  0x00000219d4b76cac: 4152 e9ed | dcdf 06f4 | f4f4 f4f4 
[/MachCode]


Compiled method (c1) 272582 29634       3       org.gradle.internal.classpath.declarations.NioFileInterceptors::intercept_readAllBytes (10 bytes)
 total in heap  [0x00000219d5902110,0x00000219d59036b0] = 5536
 relocation     [0x00000219d5902270,0x00000219d59023d0] = 352
 main code      [0x00000219d59023e0,0x00000219d5903138] = 3416
 stub code      [0x00000219d5903138,0x00000219d59031e8] = 176
 oops           [0x00000219d59031e8,0x00000219d59031f0] = 8
 metadata       [0x00000219d59031f0,0x00000219d5903290] = 160
 scopes data    [0x00000219d5903290,0x00000219d5903450] = 448
 scopes pcs     [0x00000219d5903450,0x00000219d5903650] = 512
 dependencies   [0x00000219d5903650,0x00000219d5903680] = 48
 nul chk table  [0x00000219d5903680,0x00000219d59036b0] = 48

[Constant Pool (empty)]

[MachCode]
[Verified Entry Point]
  # {method} {0x00000219eca1f930} 'intercept_readAllBytes' '(Ljava/nio/file/Path;Ljava/lang/String;)[B' in 'org/gradle/internal/classpath/declarations/NioFileInterceptors'
  # parm0:    rdx:rdx   = 'java/nio/file/Path'
  # parm1:    r8:r8     = 'java/lang/String'
  #           [sp+0xf0]  (sp of caller)
  0x00000219d59023e0: 8984 2400 | 80ff ff55 | 4881 ece0 | 0000 0090 | 4181 7f20 | 2700 0000 

  0x00000219d59023f8: ;   {runtime_call StubRoutines (final stubs)}
  0x00000219d59023f8: 7405 e821 

  0x00000219d59023fc: ;   {metadata(method data for {method} {0x00000219eca1f930} 'intercept_readAllBytes' '(Ljava/nio/file/Path;Ljava/lang/String;)[B' in 'org/gradle/internal/classpath/declarations/NioFileInterceptors')}
  0x00000219d59023fc: 7705 0648 | beb0 3296 | 8119 0200 | 008b becc | 0000 0083 | c702 89be | cc00 0000 | 81e7 fe07 
  0x00000219d590241c: 0000 85ff | 0f84 c40a | 0000 4c89 | 8424 b000 

  0x00000219d590242c: ;   {metadata(method data for {method} {0x00000219eca1f930} 'intercept_readAllBytes' '(Ljava/nio/file/Path;Ljava/lang/String;)[B' in 'org/gradle/internal/classpath/declarations/NioFileInterceptors')}
  0x00000219d590242c: 0000 48be | b032 9681 | 1902 0000 | 4883 8610 | 0100 0001 

  0x00000219d5902440: ;   {metadata(method data for {method} {0x00000219eca355f8} 'tryReportFileOpened' '(Ljava/nio/file/Path;Ljava/lang/String;)V' in 'org/gradle/internal/classpath/FileUtils')}
  0x00000219d5902440: 48be 2042 | c1f8 1902 | 0000 8bbe | cc00 0000 | 83c7 0289 | becc 0000 | 0081 e7fe | ff1f 0085 
  0x00000219d5902460: ff0f 84a4 

  0x00000219d5902464: ;   {metadata(method data for {method} {0x00000219eca355f8} 'tryReportFileOpened' '(Ljava/nio/file/Path;Ljava/lang/String;)V' in 'org/gradle/internal/classpath/FileUtils')}
  0x00000219d5902464: 0a00 0048 | be20 42c1 | f819 0200 | 0048 8386 | 1001 0000 

  0x00000219d5902478: ;   {metadata(method data for {method} {0x00000219eca358e8} 'toFileIfAvailable' '(Ljava/nio/file/Path;)Ljava/io/File;' in 'org/gradle/internal/classpath/FileUtils')}
  0x00000219d5902478: 0148 beb8 | 43c1 f819 | 0200 008b | becc 0000 | 0083 c702 | 89be cc00 | 0000 81e7 | feff 1f00 
  0x00000219d5902498: 85ff 0f84 | 8c0a 0000 

  0x00000219d59024a0: ; implicit exception: dispatches to 0x00000219d5902f4d
  0x00000219d59024a0: 483b 0248 

  0x00000219d59024a4: ;   {metadata(method data for {method} {0x00000219eca358e8} 'toFileIfAvailable' '(Ljava/nio/file/Path;)Ljava/io/File;' in 'org/gradle/internal/classpath/FileUtils')}
  0x00000219d59024a4: 8bf2 48bf | b843 c1f8 | 1902 0000 | 8b76 0848 | c1e6 0348 | 3bb7 2001 | 0000 750d | 4883 8728 
  0x00000219d59024c4: 0100 0001 | e960 0000 | 0048 3bb7 | 3001 0000 | 750d 4883 | 8738 0100 | 0001 e94a | 0000 0048 
  0x00000219d59024e4: 83bf 2001 | 0000 0075 | 1748 89b7 | 2001 0000 | 48c7 8728 | 0100 0001 | 0000 00e9 | 2900 0000 
  0x00000219d5902504: 4883 bf30 | 0100 0000 | 7517 4889 | b730 0100 | 0048 c787 | 3801 0000 | 0100 0000 | e908 0000 
  0x00000219d5902524: 0048 8387 | 1001 0000 | 0148 8bf2 | 488b d648 | 89b4 24a8 | 0000 0066 | 9048 b850 | 4224 0001 
  0x00000219d5902544: ;   {virtual_call}
  0x00000219d5902544: 0000 00e8 

  0x00000219d5902548: ; ImmutableOopMap {[168]=Oop [176]=Oop }
                      ;*invokeinterface getFileSystem {reexecute=0 rethrow=0 return_oop=0}
                      ; - org.gradle.internal.classpath.FileUtils::toFileIfAvailable@1 (line 81)
                      ; - org.gradle.internal.classpath.FileUtils::tryReportFileOpened@1 (line 56)
                      ; - org.gradle.internal.classpath.declarations.NioFileInterceptors::intercept_readAllBytes@2 (line 189)
  0x00000219d5902548: 5491 0606 

  0x00000219d590254c: ;   {other}
  0x00000219d590254c: 0f1f 8400 | 3c04 0000 

  0x00000219d5902554: ;   {metadata(method data for {method} {0x00000219eca358e8} 'toFileIfAvailable' '(Ljava/nio/file/Path;)Ljava/io/File;' in 'org/gradle/internal/classpath/FileUtils')}
  0x00000219d5902554: 48ba b843 | c1f8 1902 | 0000 4883 | 8248 0100 

  0x00000219d5902564: ;   {metadata(method data for {method} {0x00000219e97866a0} 'getDefault' '()Ljava/nio/file/FileSystem;' in 'java/nio/file/FileSystems')}
  0x00000219d5902564: 0001 48ba | 2043 79eb | 1902 0000 | 8bb2 cc00 | 0000 83c6 | 0289 b2cc | 0000 0081 | e6fe ff1f 
  0x00000219d5902584: 0085 f60f | 84c5 0900 

  0x00000219d590258c: ;   {metadata(method data for {method} {0x00000219e97866a0} 'getDefault' '()Ljava/nio/file/FileSystem;' in 'java/nio/file/FileSystems')}
  0x00000219d590258c: 0048 ba20 | 4379 eb19 | 0200 0048 | 8382 1001 

  0x00000219d590259c: ;   {metadata(method data for {method} {0x00000219e91680d0} 'isModuleSystemInited' '()Z' in 'jdk/internal/misc/VM')}
  0x00000219d590259c: 0000 0148 | baf0 356b | e919 0200 | 008b b2cc | 0000 0083 | c602 89b2 | cc00 0000 | 81e6 feff 
  0x00000219d59025bc: 1f00 85f6 | 0f84 ad09 

  0x00000219d59025c4: ;   {oop(a 'java/lang/Class'{0x0000000080648f28} = 'jdk/internal/misc/VM')}
  0x00000219d59025c4: 0000 48ba | 288f 6480 | 0000 0000 | 8b92 9400 | 0000 83fa 

  0x00000219d59025d8: ;   {metadata(method data for {method} {0x00000219e91680d0} 'isModuleSystemInited' '()Z' in 'jdk/internal/misc/VM')}
  0x00000219d59025d8: 0248 baf0 | 356b e919 | 0200 0048 | c7c6 1001 | 0000 7c07 | 48c7 c620 | 0100 0048 | 8b3c 3248 
  0x00000219d59025f8: 8d7f 0148 | 893c 320f | 8c1a 0000 

  0x00000219d5902604: ;   {metadata(method data for {method} {0x00000219e91680d0} 'isModuleSystemInited' '()Z' in 'jdk/internal/misc/VM')}
  0x00000219d5902604: 0048 baf0 | 356b e919 | 0200 00ff | 8230 0100 | 00ba 0100 | 0000 e905 | 0000 00ba | 0000 0000 
  0x00000219d5902624: 83e2 0185 

  0x00000219d5902628: ;   {metadata(method data for {method} {0x00000219e97866a0} 'getDefault' '()Ljava/nio/file/FileSystem;' in 'java/nio/file/FileSystems')}
  0x00000219d5902628: d248 ba20 | 4379 eb19 | 0200 0048 | c7c6 2001 | 0000 7407 | 48c7 c630 | 0100 0048 | 8b3c 3248 
  0x00000219d5902648: 8d7f 0148 | 893c 320f | 840f 0000 

  0x00000219d5902654: ;   {oop(a 'sun/nio/fs/WindowsFileSystem'{0x00000000806963d0})}
  0x00000219d5902654: 0048 bad0 | 6369 8000 | 0000 00e9 | 6c00 0000 

  0x00000219d5902664: ;   {metadata(method data for {method} {0x00000219e97866a0} 'getDefault' '()Ljava/nio/file/FileSystem;' in 'java/nio/file/FileSystems')}
  0x00000219d5902664: 48ba 2043 | 79eb 1902 | 0000 4883 | 8240 0100 

  0x00000219d5902674: ;   {metadata(method data for {method} {0x00000219e95b8fc8} 'theFileSystem' '()Ljava/nio/file/FileSystem;' in 'sun/nio/fs/DefaultFileSystemProvider')}
  0x00000219d5902674: 0001 48ba | a844 79eb | 1902 0000 | 8bb2 cc00 | 0000 83c6 | 0289 b2cc | 0000 0081 | e6fe ff1f 
  0x00000219d5902694: 0085 f60f | 84f7 0800 

  0x00000219d590269c: ;   {oop(a 'sun/nio/fs/WindowsFileSystemProvider'{0x00000000806963e8})}
  0x00000219d590269c: 0048 bae8 | 6369 8000 | 0000 0048 

  0x00000219d59026a8: ;   {metadata(method data for {method} {0x00000219e95b8fc8} 'theFileSystem' '()Ljava/nio/file/FileSystem;' in 'sun/nio/fs/DefaultFileSystemProvider')}
  0x00000219d59026a8: 8bf2 48bf | a844 79eb | 1902 0000 

  0x00000219d59026b4: ;   {metadata('sun/nio/fs/WindowsFileSystemProvider')}
  0x00000219d59026b4: 49ba b059 | 0800 0100 | 0000 4c89 | 9720 0100 | 0048 8387 | 2801 0000 | 018b 520c 

  0x00000219d59026d0: ;   {metadata(method data for {method} {0x00000219eca358e8} 'toFileIfAvailable' '(Ljava/nio/file/Path;)Ljava/io/File;' in 'org/gradle/internal/classpath/FileUtils')}
  0x00000219d59026d0: 483b c248 | bab8 43c1 | f819 0200 | 0048 c7c6 | 5801 0000 | 7507 48c7 | c668 0100 | 0048 8b3c 
  0x00000219d59026f0: 3248 8d7f | 0148 893c | 320f 85ba | 0000 0048 | 8b94 24a8 

  0x00000219d5902704: ;   {metadata(method data for {method} {0x00000219eca358e8} 'toFileIfAvailable' '(Ljava/nio/file/Path;)Ljava/io/File;' in 'org/gradle/internal/classpath/FileUtils')}
  0x00000219d5902704: 0000 0048 | beb8 43c1 | f819 0200 | 008b 5208 | 48c1 e203 | 483b 9688 | 0100 0075 | 0d48 8386 
  0x00000219d5902724: 9001 0000 | 01e9 6000 | 0000 483b | 9698 0100 | 0075 0d48 | 8386 a001 | 0000 01e9 | 4a00 0000 
  0x00000219d5902744: 4883 be88 | 0100 0000 | 7517 4889 | 9688 0100 | 0048 c786 | 9001 0000 | 0100 0000 | e929 0000 
  0x00000219d5902764: 0048 83be | 9801 0000 | 0075 1748 | 8996 9801 | 0000 48c7 | 86a0 0100 | 0001 0000 | 00e9 0800 
  0x00000219d5902784: 0000 4883 | 8678 0100 | 0001 488b | 9424 a800 | 0000 0f1f | 8000 0000 | 0048 b850 | 4224 0001 
  0x00000219d59027a4: ;   {virtual_call}
  0x00000219d59027a4: 0000 00e8 

  0x00000219d59027a8: ; ImmutableOopMap {[168]=Oop [176]=Oop }
                      ;*invokeinterface toFile {reexecute=0 rethrow=0 return_oop=0}
                      ; - org.gradle.internal.classpath.FileUtils::toFileIfAvailable@13 (line 82)
                      ; - org.gradle.internal.classpath.FileUtils::tryReportFileOpened@1 (line 56)
                      ; - org.gradle.internal.classpath.declarations.NioFileInterceptors::intercept_readAllBytes@2 (line 189)
  0x00000219d59027a8: 348f 0606 

  0x00000219d59027ac: ;   {other}
  0x00000219d59027ac: 0f1f 8400 | 9c06 0001 | e90a 0000 

  0x00000219d59027b8: ;   {oop(nullptr)}
  0x00000219d59027b8: 0048 b800 | 0000 0000 | 0000 0048 

  0x00000219d59027c4: ;   {metadata(method data for {method} {0x00000219eca355f8} 'tryReportFileOpened' '(Ljava/nio/file/Path;Ljava/lang/String;)V' in 'org/gradle/internal/classpath/FileUtils')}
  0x00000219d59027c4: 85c0 49b8 | 2042 c1f8 | 1902 0000 | 48c7 c220 | 0100 0074 | 0748 c7c2 | 3001 0000 | 498b 3410 
  0x00000219d59027e4: 488d 7601 | 4989 3410 | 0f84 ba06 

  0x00000219d59027f0: ;   {metadata(method data for {method} {0x00000219eca355f8} 'tryReportFileOpened' '(Ljava/nio/file/Path;Ljava/lang/String;)V' in 'org/gradle/internal/classpath/FileUtils')}
  0x00000219d59027f0: 0000 49b8 | 2042 c1f8 | 1902 0000 | 4983 8040 | 0100 0001 

  0x00000219d5902804: ;   {metadata(method data for {method} {0x00000219e9a89fd8} 'fileOpened' '(Ljava/io/File;Ljava/lang/String;)V' in 'org/gradle/internal/classpath/Instrumented')}
  0x00000219d5902804: 49b8 e866 | f1f7 1902 | 0000 418b | 90cc 0000 | 0083 c202 | 4189 90cc | 0000 0081 | e2fe ff1f 
  0x00000219d5902824: 0085 d20f | 848d 0700 

  0x00000219d590282c: ;   {metadata(method data for {method} {0x00000219e9a89fd8} 'fileOpened' '(Ljava/io/File;Ljava/lang/String;)V' in 'org/gradle/internal/classpath/Instrumented')}
  0x00000219d590282c: 0049 b8e8 | 66f1 f719 | 0200 0049 | 8380 1001 

  0x00000219d590283c: ;   {metadata(method data for {method} {0x00000219e9a86c40} 'listener' '()Lorg/gradle/internal/configuration/inputs/InstrumentedInputsListener;' in 'org/gradle/internal/classpath/Instrumented')}
  0x00000219d590283c: 0000 0149 | b800 00de | f619 0200 | 0041 8b90 | cc00 0000 | 83c2 0241 | 8990 cc00 | 0000 81e2 
  0x00000219d590285c: feff 1f00 | 85d2 0f84 | 7307 0000 

  0x00000219d5902868: ;   {metadata(method data for {method} {0x00000219e9a86c40} 'listener' '()Lorg/gradle/internal/configuration/inputs/InstrumentedInputsListener;' in 'org/gradle/internal/classpath/Instrumented')}
  0x00000219d5902868: 49b8 0000 | def6 1902 | 0000 4983 | 8010 0100 

  0x00000219d5902878: ;   {metadata(method data for {method} {0x00000219ebbe5b08} 'listener' '()Lorg/gradle/internal/configuration/inputs/InstrumentedInputsListener;' in 'org/gradle/internal/configuration/inputs/InstrumentedInputs')}
  0x00000219d5902878: 0001 49b8 | 5801 def6 | 1902 0000 | 418b 90cc | 0000 0083 | c202 4189 | 90cc 0000 | 0081 e2fe 
  0x00000219d5902898: ff1f 0085 | d20f 8459 

  0x00000219d59028a0: ;   {oop(a 'java/util/concurrent/atomic/AtomicReference'{0x0000000085953368})}
  0x00000219d59028a0: 0700 0049 | b868 3395 | 8500 0000 | 0049 8bd0 

  0x00000219d59028b0: ;   {metadata(method data for {method} {0x00000219ebbe5b08} 'listener' '()Lorg/gradle/internal/configuration/inputs/InstrumentedInputsListener;' in 'org/gradle/internal/configuration/inputs/InstrumentedInputs')}
  0x00000219d59028b0: 48be 5801 | def6 1902 | 0000 4883 | 8610 0100 | 0001 458b | 400c 4d85 

  0x00000219d59028c8: ;   {metadata(method data for {method} {0x00000219ebbe5b08} 'listener' '()Lorg/gradle/internal/configuration/inputs/InstrumentedInputsListener;' in 'org/gradle/internal/configuration/inputs/InstrumentedInputs')}
  0x00000219d59028c8: c075 1648 | ba58 01de | f619 0200 | 0080 8a41 | 0100 0001 | e9d7 0000 

  0x00000219d59028e0: ;   {metadata('org/gradle/internal/configuration/inputs/InstrumentedInputsListener')}
  0x00000219d59028e0: 0048 bf70 | 183a 0001 | 0000 0041 | 8b50 0848 | c1e2 0348 | 3b7a 200f | 841a 0000 | 0048 3bd7 
  0x00000219d5902900: 0f84 1100 | 0000 5257 

  0x00000219d5902908: ;   {runtime_call slow_subtype_check Runtime1 stub}
  0x00000219d5902908: e8f3 c812 | 065a 5a85 | d20f 8485 

  0x00000219d5902914: ;   {metadata(method data for {method} {0x00000219ebbe5b08} 'listener' '()Lorg/gradle/internal/configuration/inputs/InstrumentedInputsListener;' in 'org/gradle/internal/configuration/inputs/InstrumentedInputs')}
  0x00000219d5902914: 0000 0048 | ba58 01de | f619 0200 | 0041 8b78 | 0848 c1e7 | 0348 3bba | 5801 0000 | 750d 4883 
  0x00000219d5902934: 8260 0100 | 0001 e979 | 0000 0048 | 3bba 6801 | 0000 750d | 4883 8270 | 0100 0001 | e963 0000 
  0x00000219d5902954: 0048 83ba | 5801 0000 | 0075 1748 | 89ba 5801 | 0000 48c7 | 8260 0100 | 0001 0000 | 00e9 4200 
  0x00000219d5902974: 0000 4883 | ba68 0100 | 0000 7517 | 4889 ba68 | 0100 0048 | c782 7001 | 0000 0100 | 0000 e921 
  0x00000219d5902994: 0000 00e9 | 1c00 0000 

  0x00000219d590299c: ;   {metadata(method data for {method} {0x00000219ebbe5b08} 'listener' '()Lorg/gradle/internal/configuration/inputs/InstrumentedInputsListener;' in 'org/gradle/internal/configuration/inputs/InstrumentedInputs')}
  0x00000219d590299c: 48ba 5801 | def6 1902 | 0000 4883 | aa48 0100 | 0001 e96f | 0600 00e9 | 0000 0000 

  0x00000219d59029b8: ;   {metadata(method data for {method} {0x00000219e9a89fd8} 'fileOpened' '(Ljava/io/File;Ljava/lang/String;)V' in 'org/gradle/internal/classpath/Instrumented')}
  0x00000219d59029b8: 498b f049 | b8e8 66f1 | f719 0200 | 0049 8380 | 2001 0000 

  0x00000219d59029cc: ;   {metadata(method data for {method} {0x00000219e9a8a0b8} 'absoluteFileOf' '(Ljava/io/File;)Ljava/io/File;' in 'org/gradle/internal/classpath/Instrumented')}
  0x00000219d59029cc: 0149 b8d0 | 61f1 f719 | 0200 0041 | 8b90 cc00 | 0000 83c2 | 0241 8990 | cc00 0000 | 81e2 feff 
  0x00000219d59029ec: 1f00 85d2 | 0f84 3506 | 0000 483b | 004c 8bc0 

  0x00000219d59029fc: ;   {metadata(method data for {method} {0x00000219e9a8a0b8} 'absoluteFileOf' '(Ljava/io/File;)Ljava/io/File;' in 'org/gradle/internal/classpath/Instrumented')}
  0x00000219d59029fc: 48ba d061 | f1f7 1902 | 0000 458b | 4008 49c1 | e003 4c3b | 8220 0100 | 0075 0d48 | 8382 2801 
  0x00000219d5902a1c: 0000 01e9 | 6000 0000 | 4c3b 8230 | 0100 0075 | 0d48 8382 | 3801 0000 | 01e9 4a00 | 0000 4883 
  0x00000219d5902a3c: ba20 0100 | 0000 7517 | 4c89 8220 | 0100 0048 | c782 2801 | 0000 0100 | 0000 e929 | 0000 0048 
  0x00000219d5902a5c: 83ba 3001 | 0000 0075 | 174c 8982 | 3001 0000 | 48c7 8238 | 0100 0001 | 0000 00e9 | 0800 0000 
  0x00000219d5902a7c: 4883 8210 | 0100 0001 

  0x00000219d5902a84: ;   {metadata(method data for {method} {0x00000219e92e5748} 'isAbsolute' '()Z' in 'java/io/File')}
  0x00000219d5902a84: 49b8 688b | 8aec 1902 | 0000 418b | 90cc 0000 | 0083 c202 | 4189 90cc | 0000 0081 | e2fe ff1f 
  0x00000219d5902aa4: 0085 d20f | 84a4 0500 

  0x00000219d5902aac: ;   {oop(a 'java/io/WinNTFileSystem'{0x00000000806b1460})}
  0x00000219d5902aac: 0048 ba60 | 146b 8000 | 0000 004c 

  0x00000219d5902ab8: ;   {metadata(method data for {method} {0x00000219e92e5748} 'isAbsolute' '()Z' in 'java/io/File')}
  0x00000219d5902ab8: 8bc2 48bf | 688b 8aec | 1902 0000 | 4883 8710 | 0100 0001 | 4c8b c048 | 89b4 24c0 | 0000 0048 
  0x00000219d5902ad8: 8984 24b8 

  0x00000219d5902adc: ;   {optimized virtual_call}
  0x00000219d5902adc: 0000 00e8 

  0x00000219d5902ae0: ; ImmutableOopMap {[168]=Oop [176]=Oop [184]=Oop [192]=Oop }
                      ;*invokevirtual isAbsolute {reexecute=0 rethrow=0 return_oop=0}
                      ; - java.io.File::isAbsolute@4
                      ; - org.gradle.internal.classpath.Instrumented::absoluteFileOf@1 (line 434)
                      ; - org.gradle.internal.classpath.Instrumented::fileOpened@4 (line 430)
                      ; - org.gradle.internal.classpath.FileUtils::tryReportFileOpened@11 (line 58)
                      ; - org.gradle.internal.classpath.declarations.NioFileInterceptors::intercept_readAllBytes@2 (line 189)
  0x00000219d5902ae0: dc48 7707 

  0x00000219d5902ae4: ;   {other}
  0x00000219d5902ae4: 0f1f 8400 | d409 0002 | 83e0 0185 

  0x00000219d5902af0: ;   {metadata(method data for {method} {0x00000219e9a8a0b8} 'absoluteFileOf' '(Ljava/io/File;)Ljava/io/File;' in 'org/gradle/internal/classpath/Instrumented')}
  0x00000219d5902af0: c048 bad0 | 61f1 f719 | 0200 0048 | c7c6 4801 | 0000 7407 | 48c7 c658 | 0100 0048 | 8b3c 3248 
  0x00000219d5902b10: 8d7f 0148 | 893c 320f | 841d 0000 

  0x00000219d5902b1c: ;   {metadata(method data for {method} {0x00000219e9a8a0b8} 'absoluteFileOf' '(Ljava/io/File;)Ljava/io/File;' in 'org/gradle/internal/classpath/Instrumented')}
  0x00000219d5902b1c: 0048 bad0 | 61f1 f719 | 0200 00ff | 8268 0100 | 0048 8b84 | 24b8 0000 | 00e9 b202 

  0x00000219d5902b38: ;   {metadata('java/io/File')}
  0x00000219d5902b38: 0000 48ba | 4033 0200 | 0100 0000 | 498b 87b8 | 0100 0048 | 8d78 2049 | 3bbf c801 | 0000 0f87 
  0x00000219d5902b58: 1605 0000 | 4989 bfb8 | 0100 0048 | c700 0100 | 0000 488b | ca48 c1e9 | 0389 4808 | 4833 c989 
  0x00000219d5902b78: 480c 4833 | c948 8948 | 1048 8948 

  0x00000219d5902b84: ;   {metadata(method data for {method} {0x00000219e9a8a0b8} 'absoluteFileOf' '(Ljava/io/File;)Ljava/io/File;' in 'org/gradle/internal/classpath/Instrumented')}
  0x00000219d5902b84: 1848 bad0 | 61f1 f719 | 0200 0048 | 8382 8001 

  0x00000219d5902b94: ;   {metadata(method data for {method} {0x00000219e9a8a180} 'currentDir' '()Ljava/io/File;' in 'org/gradle/internal/classpath/Instrumented')}
  0x00000219d5902b94: 0000 0148 | bae8 63f1 | f719 0200 | 008b b2cc | 0000 0083 | c602 89b2 | cc00 0000 | 81e6 feff 
  0x00000219d5902bb4: 1f00 85f6 | 0f84 c104 

  0x00000219d5902bbc: ;   {metadata(method data for {method} {0x00000219e9a8a180} 'currentDir' '()Ljava/io/File;' in 'org/gradle/internal/classpath/Instrumented')}
  0x00000219d5902bbc: 0000 48ba | e863 f1f7 | 1902 0000 | 4883 8210 | 0100 0001 

  0x00000219d5902bd0: ;   {metadata(method data for {method} {0x00000219e9c6d5a0} 'getInstance' '()Lorg/gradle/internal/SystemProperties;' in 'org/gradle/internal/SystemProperties')}
  0x00000219d5902bd0: 48ba 388b | 3bf7 1902 | 0000 8bb2 | cc00 0000 | 83c6 0289 | b2cc 0000 | 0081 e6fe | ff1f 0085 
  0x00000219d5902bf0: f60f 84a9 

  0x00000219d5902bf4: ;   {oop(a 'org/gradle/internal/SystemProperties'{0x00000000ffbd1180})}
  0x00000219d5902bf4: 0400 0048 | ba80 11bd | ff00 0000 

  0x00000219d5902c00: ;   {metadata(method data for {method} {0x00000219e9a8a180} 'currentDir' '()Ljava/io/File;' in 'org/gradle/internal/classpath/Instrumented')}
  0x00000219d5902c00: 0048 bee8 | 63f1 f719 

  0x00000219d5902c08: ;   {metadata('org/gradle/internal/SystemProperties')}
  0x00000219d5902c08: 0200 0049 | bab8 971b | 0001 0000 | 004c 8996 | 3001 0000 | 4883 8638 | 0100 0001 

  0x00000219d5902c24: ;   {metadata(method data for {method} {0x00000219e9c6db08} 'getCurrentDir' '()Ljava/io/File;' in 'org/gradle/internal/SystemProperties')}
  0x00000219d5902c24: 48ba 7865 | f1f7 1902 | 0000 8bb2 | cc00 0000 | 83c6 0289 | b2cc 0000 | 0081 e6fe | ff1f 0085 
  0x00000219d5902c44: f60f 8476 

  0x00000219d5902c48: ;   {metadata('java/io/File')}
  0x00000219d5902c48: 0400 0048 | ba40 3302 | 0001 0000 | 0048 8984 | 24d0 0000 | 0049 8b87 | b801 0000 | 488d 7820 
  0x00000219d5902c68: 493b bfc8 | 0100 000f | 876d 0400 | 0049 89bf | b801 0000 | 48c7 0001 | 0000 0048 | 8bca 48c1 
  0x00000219d5902c88: e903 8948 | 0848 33c9 | 8948 0c48 | 33c9 4889 | 4810 4889 

  0x00000219d5902c9c: ;   {metadata(method data for {method} {0x00000219e9c6db08} 'getCurrentDir' '()Ljava/io/File;' in 'org/gradle/internal/SystemProperties')}
  0x00000219d5902c9c: 4818 48ba | 7865 f1f7 | 1902 0000 | 4883 8210 | 0100 0001 

  0x00000219d5902cb0: ;   {oop("user.dir"{0x0000000080bd2288})}
  0x00000219d5902cb0: 48ba 8822 | bd80 0000 | 0000 4889 | 8424 c800 | 0000 0f1f 

  0x00000219d5902cc4: ;   {static_call}
  0x00000219d5902cc4: 4400 00e8 

  0x00000219d5902cc8: ; ImmutableOopMap {[168]=Oop [176]=Oop [184]=Oop [192]=Oop [200]=Oop [208]=Oop }
                      ;*invokestatic getProperty {reexecute=0 rethrow=0 return_oop=0}
                      ; - org.gradle.internal.SystemProperties::getCurrentDir@6 (line 103)
                      ; - org.gradle.internal.classpath.Instrumented::currentDir@3 (line 438)
                      ; - org.gradle.internal.classpath.Instrumented::absoluteFileOf@15 (line 434)
                      ; - org.gradle.internal.classpath.Instrumented::fileOpened@4 (line 430)
                      ; - org.gradle.internal.classpath.FileUtils::tryReportFileOpened@11 (line 58)
                      ; - org.gradle.internal.classpath.declarations.NioFileInterceptors::intercept_readAllBytes@2 (line 189)
  0x00000219d5902cc8: b4c3 0606 

  0x00000219d5902ccc: ;   {other}
  0x00000219d5902ccc: 0f1f 8400 | bc0b 0003 | 4c8b 8424 | c800 0000 

  0x00000219d5902cdc: ;   {metadata(method data for {method} {0x00000219e9c6db08} 'getCurrentDir' '()Ljava/io/File;' in 'org/gradle/internal/SystemProperties')}
  0x00000219d5902cdc: 48ba 7865 | f1f7 1902 | 0000 4883 | 8220 0100 | 0001 4c8b | c048 8b94 | 24c8 0000 | 0066 0f1f 
  0x00000219d5902cfc: ;   {optimized virtual_call}
  0x00000219d5902cfc: 4400 00e8 

  0x00000219d5902d00: ; ImmutableOopMap {[168]=Oop [176]=Oop [184]=Oop [192]=Oop [200]=Oop [208]=Oop }
                      ;*invokespecial <init> {reexecute=0 rethrow=0 return_oop=0}
                      ; - org.gradle.internal.SystemProperties::getCurrentDir@9 (line 103)
                      ; - org.gradle.internal.classpath.Instrumented::currentDir@3 (line 438)
                      ; - org.gradle.internal.classpath.Instrumented::absoluteFileOf@15 (line 434)
                      ; - org.gradle.internal.classpath.Instrumented::fileOpened@4 (line 430)
                      ; - org.gradle.internal.classpath.FileUtils::tryReportFileOpened@11 (line 58)
                      ; - org.gradle.internal.classpath.declarations.NioFileInterceptors::intercept_readAllBytes@2 (line 189)
  0x00000219d5902d00: 7cbd 0606 

  0x00000219d5902d04: ;   {other}
  0x00000219d5902d04: 0f1f 8400 | f40b 0004 | 488b 8424 | b800 0000 

  0x00000219d5902d14: ;   {metadata(method data for {method} {0x00000219e9a8a0b8} 'absoluteFileOf' '(Ljava/io/File;)Ljava/io/File;' in 'org/gradle/internal/classpath/Instrumented')}
  0x00000219d5902d14: 49b8 d061 | f1f7 1902 | 0000 8b40 | 0848 c1e0 | 0349 3b80 | a001 0000 | 750d 4983 | 80a8 0100 
  0x00000219d5902d34: 0001 e960 | 0000 0049 | 3b80 b001 | 0000 750d | 4983 80b8 | 0100 0001 | e94a 0000 | 0049 83b8 
  0x00000219d5902d54: a001 0000 | 0075 1749 | 8980 a001 | 0000 49c7 | 80a8 0100 | 0001 0000 | 00e9 2900 | 0000 4983 
  0x00000219d5902d74: b8b0 0100 | 0000 7517 | 4989 80b0 | 0100 0049 | c780 b801 | 0000 0100 | 0000 e908 | 0000 0049 
  0x00000219d5902d94: 8380 9001 | 0000 0148 | 8b84 24b8 | 0000 0044 | 8b48 1048 | 8b84 24d0 

  0x00000219d5902dac: ;   {metadata(method data for {method} {0x00000219e9a8a0b8} 'absoluteFileOf' '(Ljava/io/File;)Ljava/io/File;' in 'org/gradle/internal/classpath/Instrumented')}
  0x00000219d5902dac: 0000 0049 | b8d0 61f1 | f719 0200 | 0049 8380 | c801 0000 | 014c 8b84 | 24c8 0000 | 0048 8b94 
  0x00000219d5902dcc: 24d0 0000 | 0066 0f1f 

  0x00000219d5902dd4: ;   {optimized virtual_call}
  0x00000219d5902dd4: 4400 00e8 

  0x00000219d5902dd8: ; ImmutableOopMap {[168]=Oop [176]=Oop [192]=Oop [208]=Oop }
                      ;*invokespecial <init> {reexecute=0 rethrow=0 return_oop=0}
                      ; - org.gradle.internal.classpath.Instrumented::absoluteFileOf@22 (line 434)
                      ; - org.gradle.internal.classpath.Instrumented::fileOpened@4 (line 430)
                      ; - org.gradle.internal.classpath.FileUtils::tryReportFileOpened@11 (line 58)
                      ; - org.gradle.internal.classpath.declarations.NioFileInterceptors::intercept_readAllBytes@2 (line 189)
  0x00000219d5902dd8: a4bc 0606 

  0x00000219d5902ddc: ;   {other}
  0x00000219d5902ddc: 0f1f 8400 | cc0c 0005 | 488b 8424 | d000 0000 | 488b b424 | c000 0000 | 4c8b 8c24 | b000 0000 
  0x00000219d5902dfc: ; implicit exception: dispatches to 0x00000219d59030ef
  0x00000219d5902dfc: 483b 064c 

  0x00000219d5902e00: ;   {metadata(method data for {method} {0x00000219e9a89fd8} 'fileOpened' '(Ljava/io/File;Ljava/lang/String;)V' in 'org/gradle/internal/classpath/Instrumented')}
  0x00000219d5902e00: 8bc6 48ba | e866 f1f7 | 1902 0000 | 458b 4008 | 49c1 e003 | 4c3b 8240 | 0100 0075 | 0d48 8382 
  0x00000219d5902e20: 4801 0000 | 01e9 6000 | 0000 4c3b | 8250 0100 | 0075 0d48 | 8382 5801 | 0000 01e9 | 4a00 0000 
  0x00000219d5902e40: 4883 ba40 | 0100 0000 | 7517 4c89 | 8240 0100 | 0048 c782 | 4801 0000 | 0100 0000 | e929 0000 
  0x00000219d5902e60: 0048 83ba | 5001 0000 | 0075 174c | 8982 5001 | 0000 48c7 | 8258 0100 | 0001 0000 | 00e9 0800 
  0x00000219d5902e80: 0000 4883 | 8230 0100 | 0001 4c8b | c048 8bd6 | 0f1f 4400 | 0048 b800 | 207b 0001 

  0x00000219d5902e9c: ;   {virtual_call}
  0x00000219d5902e9c: 0000 00e8 

  0x00000219d5902ea0: ; ImmutableOopMap {[168]=Oop }
                      ;*invokeinterface fileOpened {reexecute=0 rethrow=0 return_oop=0}
                      ; - org.gradle.internal.classpath.Instrumented::fileOpened@8 (line 430)
                      ; - org.gradle.internal.classpath.FileUtils::tryReportFileOpened@11 (line 58)
                      ; - org.gradle.internal.classpath.declarations.NioFileInterceptors::intercept_readAllBytes@2 (line 189)
  0x00000219d5902ea0: fc19 4300 

  0x00000219d5902ea4: ;   {other}
  0x00000219d5902ea4: 0f1f 8400 | 940d 0006 | 488b 9424 | a800 0000 

  0x00000219d5902eb4: ;   {metadata(method data for {method} {0x00000219eca1f930} 'intercept_readAllBytes' '(Ljava/nio/file/Path;Ljava/lang/String;)[B' in 'org/gradle/internal/classpath/declarations/NioFileInterceptors')}
  0x00000219d5902eb4: 48be b032 | 9681 1902 | 0000 4883 | 8620 0100 

  0x00000219d5902ec4: ;   {static_call}
  0x00000219d5902ec4: 0001 90e8 

  0x00000219d5902ec8: ; ImmutableOopMap {}
                      ;*invokestatic readAllBytes {reexecute=0 rethrow=0 return_oop=0}
                      ; - org.gradle.internal.classpath.declarations.NioFileInterceptors::intercept_readAllBytes@6 (line 190)
  0x00000219d5902ec8: dc02 0000 

  0x00000219d5902ecc: ;   {other}
  0x00000219d5902ecc: 0f1f 8400 | bc0d 0007 | 4881 c4e0 | 0000 005d 

  0x00000219d5902edc: ;   {poll_return}
  0x00000219d5902edc: 493b a748 | 0400 000f | 870b 0200 

  0x00000219d5902ee8: ;   {metadata({method} {0x00000219eca1f930} 'intercept_readAllBytes' '(Ljava/nio/file/Path;Ljava/lang/String;)[B' in 'org/gradle/internal/classpath/declarations/NioFileInterceptors')}
  0x00000219d5902ee8: 00c3 49ba | 28f9 a1ec | 1902 0000 | 4c89 5424 | 0848 c704 | 24ff ffff 

  0x00000219d5902f00: ;   {runtime_call counter_overflow Runtime1 stub}
  0x00000219d5902f00: ffe8 fae9 

  0x00000219d5902f04: ; ImmutableOopMap {rdx=Oop r8=Oop }
                      ;*synchronization entry
                      ; - org.gradle.internal.classpath.declarations.NioFileInterceptors::intercept_readAllBytes@-1 (line 189)
  0x00000219d5902f04: 1206 e91b 

  0x00000219d5902f08: ;   {metadata({method} {0x00000219eca355f8} 'tryReportFileOpened' '(Ljava/nio/file/Path;Ljava/lang/String;)V' in 'org/gradle/internal/classpath/FileUtils')}
  0x00000219d5902f08: f5ff ff49 | baf0 55a3 | ec19 0200 | 004c 8954 | 2408 48c7 | 0424 ffff 

  0x00000219d5902f20: ;   {runtime_call counter_overflow Runtime1 stub}
  0x00000219d5902f20: ffff e8d9 

  0x00000219d5902f24: ; ImmutableOopMap {rdx=Oop [176]=Oop }
                      ;*synchronization entry
                      ; - org.gradle.internal.classpath.FileUtils::tryReportFileOpened@-1 (line 56)
                      ; - org.gradle.internal.classpath.declarations.NioFileInterceptors::intercept_readAllBytes@2 (line 189)
  0x00000219d5902f24: e912 06e9 | 3bf5 ffff 

  0x00000219d5902f2c: ;   {metadata({method} {0x00000219eca358e8} 'toFileIfAvailable' '(Ljava/nio/file/Path;)Ljava/io/File;' in 'org/gradle/internal/classpath/FileUtils')}
  0x00000219d5902f2c: 49ba e058 | a3ec 1902 | 0000 4c89 | 5424 0848 | c704 24ff 

  0x00000219d5902f40: ;   {runtime_call counter_overflow Runtime1 stub}
  0x00000219d5902f40: ffff ffe8 

  0x00000219d5902f44: ; ImmutableOopMap {rdx=Oop [176]=Oop }
                      ;*synchronization entry
                      ; - org.gradle.internal.classpath.FileUtils::toFileIfAvailable@-1 (line 81)
                      ; - org.gradle.internal.classpath.FileUtils::tryReportFileOpened@1 (line 56)
                      ; - org.gradle.internal.classpath.declarations.NioFileInterceptors::intercept_readAllBytes@2 (line 189)
  0x00000219d5902f44: b8e9 1206 | e953 f5ff 

  0x00000219d5902f4c: ;   {runtime_call throw_null_pointer_exception Runtime1 stub}
  0x00000219d5902f4c: ffe8 ae98 

  0x00000219d5902f50: ; ImmutableOopMap {rdx=Oop [176]=Oop }
                      ;*invokeinterface getFileSystem {reexecute=0 rethrow=0 return_oop=0}
                      ; - org.gradle.internal.classpath.FileUtils::toFileIfAvailable@1 (line 81)
                      ; - org.gradle.internal.classpath.FileUtils::tryReportFileOpened@1 (line 56)
                      ; - org.gradle.internal.classpath.declarations.NioFileInterceptors::intercept_readAllBytes@2 (line 189)
                      ;   {metadata({method} {0x00000219e97866a0} 'getDefault' '()Ljava/nio/file/FileSystem;' in 'java/nio/file/FileSystems')}
  0x00000219d5902f50: 1206 49ba | 9866 78e9 | 1902 0000 | 4c89 5424 | 0848 c704 | 24ff ffff 

  0x00000219d5902f68: ;   {runtime_call counter_overflow Runtime1 stub}
  0x00000219d5902f68: ffe8 92e9 

  0x00000219d5902f6c: ; ImmutableOopMap {rax=Oop [168]=Oop [176]=Oop }
                      ;*synchronization entry
                      ; - java.nio.file.FileSystems::getDefault@-1
                      ; - org.gradle.internal.classpath.FileUtils::toFileIfAvailable@6 (line 81)
                      ; - org.gradle.internal.classpath.FileUtils::tryReportFileOpened@1 (line 56)
                      ; - org.gradle.internal.classpath.declarations.NioFileInterceptors::intercept_readAllBytes@2 (line 189)
  0x00000219d5902f6c: 1206 e91a 

  0x00000219d5902f70: ;   {metadata({method} {0x00000219e91680d0} 'isModuleSystemInited' '()Z' in 'jdk/internal/misc/VM')}
  0x00000219d5902f70: f6ff ff49 | bac8 8016 | e919 0200 | 004c 8954 | 2408 48c7 | 0424 ffff 

  0x00000219d5902f88: ;   {runtime_call counter_overflow Runtime1 stub}
  0x00000219d5902f88: ffff e871 

  0x00000219d5902f8c: ; ImmutableOopMap {rax=Oop [168]=Oop [176]=Oop }
                      ;*synchronization entry
                      ; - jdk.internal.misc.VM::isModuleSystemInited@-1
                      ; - java.nio.file.FileSystems::getDefault@0
                      ; - org.gradle.internal.classpath.FileUtils::toFileIfAvailable@6 (line 81)
                      ; - org.gradle.internal.classpath.FileUtils::tryReportFileOpened@1 (line 56)
                      ; - org.gradle.internal.classpath.declarations.NioFileInterceptors::intercept_readAllBytes@2 (line 189)
  0x00000219d5902f8c: e912 06e9 | 32f6 ffff 

  0x00000219d5902f94: ;   {metadata({method} {0x00000219e95b8fc8} 'theFileSystem' '()Ljava/nio/file/FileSystem;' in 'sun/nio/fs/DefaultFileSystemProvider')}
  0x00000219d5902f94: 49ba c08f | 5be9 1902 | 0000 4c89 | 5424 0848 | c704 24ff 

  0x00000219d5902fa8: ;   {runtime_call counter_overflow Runtime1 stub}
  0x00000219d5902fa8: ffff ffe8 

  0x00000219d5902fac: ; ImmutableOopMap {rax=Oop [168]=Oop [176]=Oop }
                      ;*synchronization entry
                      ; - sun.nio.fs.DefaultFileSystemProvider::theFileSystem@-1
                      ; - java.nio.file.FileSystems::getDefault@10
                      ; - org.gradle.internal.classpath.FileUtils::toFileIfAvailable@6 (line 81)
                      ; - org.gradle.internal.classpath.FileUtils::tryReportFileOpened@1 (line 56)
                      ; - org.gradle.internal.classpath.declarations.NioFileInterceptors::intercept_readAllBytes@2 (line 189)
  0x00000219d5902fac: 50e9 1206 | e9e8 f6ff 

  0x00000219d5902fb4: ;   {runtime_call throw_null_pointer_exception Runtime1 stub}
  0x00000219d5902fb4: ffe8 4698 

  0x00000219d5902fb8: ; ImmutableOopMap {rax=Oop [168]=Oop [176]=Oop }
                      ;*getfield theFileSystem {reexecute=1 rethrow=0 return_oop=0}
                      ; - (reexecute) sun.nio.fs.WindowsFileSystemProvider::theFileSystem@1
                      ; - sun.nio.fs.DefaultFileSystemProvider::theFileSystem@3
                      ; - java.nio.file.FileSystems::getDefault@10
                      ; - org.gradle.internal.classpath.FileUtils::toFileIfAvailable@6 (line 81)
                      ; - org.gradle.internal.classpath.FileUtils::tryReportFileOpened@1 (line 56)
                      ; - org.gradle.internal.classpath.declarations.NioFileInterceptors::intercept_readAllBytes@2 (line 189)
                      ;   {metadata({method} {0x00000219e9a89fd8} 'fileOpened' '(Ljava/io/File;Ljava/lang/String;)V' in 'org/gradle/internal/classpath/Instrumented')}
  0x00000219d5902fb8: 1206 49ba | d09f a8e9 | 1902 0000 | 4c89 5424 | 0848 c704 | 24ff ffff 

  0x00000219d5902fd0: ;   {runtime_call counter_overflow Runtime1 stub}
  0x00000219d5902fd0: ffe8 2ae9 

  0x00000219d5902fd4: ; ImmutableOopMap {rax=Oop [168]=Oop [176]=Oop }
                      ;*synchronization entry
                      ; - org.gradle.internal.classpath.Instrumented::fileOpened@-1 (line 430)
                      ; - org.gradle.internal.classpath.FileUtils::tryReportFileOpened@11 (line 58)
                      ; - org.gradle.internal.classpath.declarations.NioFileInterceptors::intercept_readAllBytes@2 (line 189)
  0x00000219d5902fd4: 1206 e952 

  0x00000219d5902fd8: ;   {metadata({method} {0x00000219e9a86c40} 'listener' '()Lorg/gradle/internal/configuration/inputs/InstrumentedInputsListener;' in 'org/gradle/internal/classpath/Instrumented')}
  0x00000219d5902fd8: f8ff ff49 | ba38 6ca8 | e919 0200 | 004c 8954 | 2408 48c7 | 0424 ffff 

  0x00000219d5902ff0: ;   {runtime_call counter_overflow Runtime1 stub}
  0x00000219d5902ff0: ffff e809 

  0x00000219d5902ff4: ; ImmutableOopMap {rax=Oop [168]=Oop [176]=Oop }
                      ;*synchronization entry
                      ; - org.gradle.internal.classpath.Instrumented::listener@-1 (line 65)
                      ; - org.gradle.internal.classpath.Instrumented::fileOpened@0 (line 430)
                      ; - org.gradle.internal.classpath.FileUtils::tryReportFileOpened@11 (line 58)
                      ; - org.gradle.internal.classpath.declarations.NioFileInterceptors::intercept_readAllBytes@2 (line 189)
  0x00000219d5902ff4: e912 06e9 | 6cf8 ffff 

  0x00000219d5902ffc: ;   {metadata({method} {0x00000219ebbe5b08} 'listener' '()Lorg/gradle/internal/configuration/inputs/InstrumentedInputsListener;' in 'org/gradle/internal/configuration/inputs/InstrumentedInputs')}
  0x00000219d5902ffc: 49ba 005b | beeb 1902 | 0000 4c89 | 5424 0848 | c704 24ff 

  0x00000219d5903010: ;   {runtime_call counter_overflow Runtime1 stub}
  0x00000219d5903010: ffff ffe8 

  0x00000219d5903014: ; ImmutableOopMap {rax=Oop [168]=Oop [176]=Oop }
                      ;*synchronization entry
                      ; - org.gradle.internal.configuration.inputs.InstrumentedInputs::listener@-1 (line 33)
                      ; - org.gradle.internal.classpath.Instrumented::listener@0 (line 65)
                      ; - org.gradle.internal.classpath.Instrumented::fileOpened@0 (line 430)
                      ; - org.gradle.internal.classpath.FileUtils::tryReportFileOpened@11 (line 58)
                      ; - org.gradle.internal.classpath.declarations.NioFileInterceptors::intercept_readAllBytes@2 (line 189)
  0x00000219d5903014: e8e8 1206 | e986 f8ff 

  0x00000219d590301c: ;   {runtime_call throw_null_pointer_exception Runtime1 stub}
  0x00000219d590301c: ffe8 de97 

  0x00000219d5903020: ; ImmutableOopMap {rax=Oop [168]=Oop [176]=Oop }
                      ;*getfield value {reexecute=1 rethrow=0 return_oop=0}
                      ; - (reexecute) java.util.concurrent.atomic.AtomicReference::get@1
                      ; - org.gradle.internal.configuration.inputs.InstrumentedInputs::listener@3 (line 33)
                      ; - org.gradle.internal.classpath.Instrumented::listener@0 (line 65)
                      ; - org.gradle.internal.classpath.Instrumented::fileOpened@0 (line 430)
                      ; - org.gradle.internal.classpath.FileUtils::tryReportFileOpened@11 (line 58)
                      ; - org.gradle.internal.classpath.declarations.NioFileInterceptors::intercept_readAllBytes@2 (line 189)
  0x00000219d5903020: 1206 4c89 

  0x00000219d5903024: ;   {runtime_call throw_class_cast_exception Runtime1 stub}
  0x00000219d5903024: 0424 e8d5 

  0x00000219d5903028: ; ImmutableOopMap {rax=Oop [168]=Oop [176]=Oop }
                      ;*checkcast {reexecute=0 rethrow=0 return_oop=0}
                      ; - org.gradle.internal.configuration.inputs.InstrumentedInputs::listener@6 (line 33)
                      ; - org.gradle.internal.classpath.Instrumented::listener@0 (line 65)
                      ; - org.gradle.internal.classpath.Instrumented::fileOpened@0 (line 430)
                      ; - org.gradle.internal.classpath.FileUtils::tryReportFileOpened@11 (line 58)
                      ; - org.gradle.internal.classpath.declarations.NioFileInterceptors::intercept_readAllBytes@2 (line 189)
                      ;   {metadata({method} {0x00000219e9a8a0b8} 'absoluteFileOf' '(Ljava/io/File;)Ljava/io/File;' in 'org/gradle/internal/classpath/Instrumented')}
  0x00000219d5903028: bb12 0649 | bab0 a0a8 | e919 0200 | 004c 8954 | 2408 48c7 | 0424 ffff 

  0x00000219d5903040: ;   {runtime_call counter_overflow Runtime1 stub}
  0x00000219d5903040: ffff e8b9 

  0x00000219d5903044: ; ImmutableOopMap {rax=Oop rsi=Oop [168]=Oop [176]=Oop }
                      ;*synchronization entry
                      ; - org.gradle.internal.classpath.Instrumented::absoluteFileOf@-1 (line 434)
                      ; - org.gradle.internal.classpath.Instrumented::fileOpened@4 (line 430)
                      ; - org.gradle.internal.classpath.FileUtils::tryReportFileOpened@11 (line 58)
                      ; - org.gradle.internal.classpath.declarations.NioFileInterceptors::intercept_readAllBytes@2 (line 189)
  0x00000219d5903044: e812 06e9 | aaf9 ffff 

  0x00000219d590304c: ;   {runtime_call throw_null_pointer_exception Runtime1 stub}
  0x00000219d590304c: e8af 9712 

  0x00000219d5903050: ; ImmutableOopMap {rax=Oop rsi=Oop [168]=Oop [176]=Oop }
                      ;*invokevirtual isAbsolute {reexecute=0 rethrow=0 return_oop=0}
                      ; - org.gradle.internal.classpath.Instrumented::absoluteFileOf@1 (line 434)
                      ; - org.gradle.internal.classpath.Instrumented::fileOpened@4 (line 430)
                      ; - org.gradle.internal.classpath.FileUtils::tryReportFileOpened@11 (line 58)
                      ; - org.gradle.internal.classpath.declarations.NioFileInterceptors::intercept_readAllBytes@2 (line 189)
                      ;   {metadata({method} {0x00000219e92e5748} 'isAbsolute' '()Z' in 'java/io/File')}
  0x00000219d5903050: 0649 ba40 | 572e e919 | 0200 004c | 8954 2408 | 48c7 0424 | ffff ffff 

  0x00000219d5903068: ;   {runtime_call counter_overflow Runtime1 stub}
  0x00000219d5903068: e893 e812 

  0x00000219d590306c: ; ImmutableOopMap {rax=Oop rsi=Oop [168]=Oop [176]=Oop }
                      ;*synchronization entry
                      ; - java.io.File::isAbsolute@-1
                      ; - org.gradle.internal.classpath.Instrumented::absoluteFileOf@1 (line 434)
                      ; - org.gradle.internal.classpath.Instrumented::fileOpened@4 (line 430)
                      ; - org.gradle.internal.classpath.FileUtils::tryReportFileOpened@11 (line 58)
                      ; - org.gradle.internal.classpath.declarations.NioFileInterceptors::intercept_readAllBytes@2 (line 189)
  0x00000219d590306c: 06e9 3bfa | ffff 488b 

  0x00000219d5903074: ;   {runtime_call fast_new_instance Runtime1 stub}
  0x00000219d5903074: d2e8 86a0 

  0x00000219d5903078: ; ImmutableOopMap {[168]=Oop [176]=Oop [184]=Oop [192]=Oop }
                      ;*new {reexecute=0 rethrow=0 return_oop=0}
                      ; - org.gradle.internal.classpath.Instrumented::absoluteFileOf@11 (line 434)
                      ; - org.gradle.internal.classpath.Instrumented::fileOpened@4 (line 430)
                      ; - org.gradle.internal.classpath.FileUtils::tryReportFileOpened@11 (line 58)
                      ; - org.gradle.internal.classpath.declarations.NioFileInterceptors::intercept_readAllBytes@2 (line 189)
  0x00000219d5903078: 1206 e906 

  0x00000219d590307c: ;   {metadata({method} {0x00000219e9a8a180} 'currentDir' '()Ljava/io/File;' in 'org/gradle/internal/classpath/Instrumented')}
  0x00000219d590307c: fbff ff49 | ba78 a1a8 | e919 0200 | 004c 8954 | 2408 48c7 | 0424 ffff 

  0x00000219d5903094: ;   {runtime_call counter_overflow Runtime1 stub}
  0x00000219d5903094: ffff e865 

  0x00000219d5903098: ; ImmutableOopMap {rax=Oop [168]=Oop [176]=Oop [184]=Oop [192]=Oop }
                      ;*synchronization entry
                      ; - org.gradle.internal.classpath.Instrumented::currentDir@-1 (line 438)
                      ; - org.gradle.internal.classpath.Instrumented::absoluteFileOf@15 (line 434)
                      ; - org.gradle.internal.classpath.Instrumented::fileOpened@4 (line 430)
                      ; - org.gradle.internal.classpath.FileUtils::tryReportFileOpened@11 (line 58)
                      ; - org.gradle.internal.classpath.declarations.NioFileInterceptors::intercept_readAllBytes@2 (line 189)
  0x00000219d5903098: e812 06e9 | 1efb ffff 

  0x00000219d59030a0: ;   {metadata({method} {0x00000219e9c6d5a0} 'getInstance' '()Lorg/gradle/internal/SystemProperties;' in 'org/gradle/internal/SystemProperties')}
  0x00000219d59030a0: 49ba 98d5 | c6e9 1902 | 0000 4c89 | 5424 0848 | c704 24ff 

  0x00000219d59030b4: ;   {runtime_call counter_overflow Runtime1 stub}
  0x00000219d59030b4: ffff ffe8 

  0x00000219d59030b8: ; ImmutableOopMap {rax=Oop [168]=Oop [176]=Oop [184]=Oop [192]=Oop }
                      ;*synchronization entry
                      ; - org.gradle.internal.SystemProperties::getInstance@-1 (line 71)
                      ; - org.gradle.internal.classpath.Instrumented::currentDir@0 (line 438)
                      ; - org.gradle.internal.classpath.Instrumented::absoluteFileOf@15 (line 434)
                      ; - org.gradle.internal.classpath.Instrumented::fileOpened@4 (line 430)
                      ; - org.gradle.internal.classpath.FileUtils::tryReportFileOpened@11 (line 58)
                      ; - org.gradle.internal.classpath.declarations.NioFileInterceptors::intercept_readAllBytes@2 (line 189)
  0x00000219d59030b8: 44e8 1206 | e936 fbff 

  0x00000219d59030c0: ;   {metadata({method} {0x00000219e9c6db08} 'getCurrentDir' '()Ljava/io/File;' in 'org/gradle/internal/SystemProperties')}
  0x00000219d59030c0: ff49 ba00 | dbc6 e919 | 0200 004c | 8954 2408 | 48c7 0424 | ffff ffff 

  0x00000219d59030d8: ;   {runtime_call counter_overflow Runtime1 stub}
  0x00000219d59030d8: e823 e812 

  0x00000219d59030dc: ; ImmutableOopMap {rax=Oop [168]=Oop [176]=Oop [184]=Oop [192]=Oop }
                      ;*synchronization entry
                      ; - org.gradle.internal.SystemProperties::getCurrentDir@-1 (line 103)
                      ; - org.gradle.internal.classpath.Instrumented::currentDir@3 (line 438)
                      ; - org.gradle.internal.classpath.Instrumented::absoluteFileOf@15 (line 434)
                      ; - org.gradle.internal.classpath.Instrumented::fileOpened@4 (line 430)
                      ; - org.gradle.internal.classpath.FileUtils::tryReportFileOpened@11 (line 58)
                      ; - org.gradle.internal.classpath.declarations.NioFileInterceptors::intercept_readAllBytes@2 (line 189)
  0x00000219d59030dc: 06e9 69fb | ffff 488b 

  0x00000219d59030e4: ;   {runtime_call fast_new_instance Runtime1 stub}
  0x00000219d59030e4: d2e8 16a0 

  0x00000219d59030e8: ; ImmutableOopMap {[168]=Oop [176]=Oop [184]=Oop [192]=Oop [208]=Oop }
                      ;*new {reexecute=0 rethrow=0 return_oop=0}
                      ; - org.gradle.internal.SystemProperties::getCurrentDir@0 (line 103)
                      ; - org.gradle.internal.classpath.Instrumented::currentDir@3 (line 438)
                      ; - org.gradle.internal.classpath.Instrumented::absoluteFileOf@15 (line 434)
                      ; - org.gradle.internal.classpath.Instrumented::fileOpened@4 (line 430)
                      ; - org.gradle.internal.classpath.FileUtils::tryReportFileOpened@11 (line 58)
                      ; - org.gradle.internal.classpath.declarations.NioFileInterceptors::intercept_readAllBytes@2 (line 189)
  0x00000219d59030e8: 1206 e9af 

  0x00000219d59030ec: ;   {runtime_call throw_null_pointer_exception Runtime1 stub}
  0x00000219d59030ec: fbff ffe8 

  0x00000219d59030f0: ; ImmutableOopMap {rax=Oop rsi=Oop r9=Oop [168]=Oop }
                      ;*invokeinterface fileOpened {reexecute=0 rethrow=0 return_oop=0}
                      ; - org.gradle.internal.classpath.Instrumented::fileOpened@8 (line 430)
                      ; - org.gradle.internal.classpath.FileUtils::tryReportFileOpened@11 (line 58)
                      ; - org.gradle.internal.classpath.declarations.NioFileInterceptors::intercept_readAllBytes@2 (line 189)
  0x00000219d59030f0: 0c97 1206 

  0x00000219d59030f4: ;   {internal_word}
  0x00000219d59030f4: 49ba dc2e | 90d5 1902 | 0000 4d89 | 9760 0400 

  0x00000219d5903104: ;   {runtime_call SafepointBlob}
  0x00000219d5903104: 00e9 f625 | 0706 498b | 87f8 0400 | 0049 c787 | f804 0000 | 0000 0000 | 49c7 8700 | 0500 0000 
  0x00000219d5903124: 0000 0048 | 81c4 e000 

  0x00000219d590312c: ;   {runtime_call unwind_exception Runtime1 stub}
  0x00000219d590312c: 0000 5de9 | cc87 1206 | f4f4 f4f4 
[Stub Code]
  0x00000219d5903138: ;   {no_reloc}
  0x00000219d5903138: 0f1f 4400 

  0x00000219d590313c: ;   {static_stub}
  0x00000219d590313c: 0048 bb00 | 0000 0000 

  0x00000219d5903144: ;   {runtime_call nmethod}
  0x00000219d5903144: 0000 00e9 | fbff ffff 

  0x00000219d590314c: ;   {static_stub}
  0x00000219d590314c: 9048 bb00 | 0000 0000 

  0x00000219d5903154: ;   {runtime_call nmethod}
  0x00000219d5903154: 0000 00e9 | fbff ffff 

  0x00000219d590315c: ;   {static_stub}
  0x00000219d590315c: 9048 bb00 | 0000 0000 

  0x00000219d5903164: ;   {runtime_call nmethod}
  0x00000219d5903164: 0000 00e9 | fbff ffff 

  0x00000219d590316c: ;   {static_stub}
  0x00000219d590316c: 48bb 0000 | 0000 0000 

  0x00000219d5903174: ;   {runtime_call nmethod}
  0x00000219d5903174: 0000 e9fb 

  0x00000219d5903178: ;   {static_stub}
  0x00000219d5903178: ffff ff48 | bb00 0000 | 0000 0000 

  0x00000219d5903184: ;   {runtime_call nmethod}
  0x00000219d5903184: 00e9 fbff 

  0x00000219d5903188: ;   {static_stub}
  0x00000219d5903188: ffff 48bb | 0000 0000 | 0000 0000 

  0x00000219d5903194: ;   {runtime_call nmethod}
  0x00000219d5903194: e9fb ffff 

  0x00000219d5903198: ;   {static_stub}
  0x00000219d5903198: ff48 bb00 | 0000 0000 

  0x00000219d59031a0: ;   {runtime_call nmethod}
  0x00000219d59031a0: 0000 00e9 | fbff ffff 

  0x00000219d59031a8: ;   {static_stub}
  0x00000219d59031a8: 48bb a87c | 5de9 1902 

  0x00000219d59031b0: ;   {runtime_call I2C/C2I adapters}
  0x00000219d59031b0: 0000 e9a3 

  0x00000219d59031b4: ;   {runtime_call handle_exception_from_callee Runtime1 stub}
  0x00000219d59031b4: 0207 06e8 | 44b4 1206 

  0x00000219d59031bc: ;   {external_word}
  0x00000219d59031bc: 48b9 7061 | 0757 fe7f | 0000 4883 

  0x00000219d59031c8: ;   {runtime_call}
  0x00000219d59031c8: e4f0 48b8 | 10cd d556 | fe7f 0000 

  0x00000219d59031d4: ;   {section_word}
  0x00000219d59031d4: ffd0 f449 | bad7 3190 | d519 0200 

  0x00000219d59031e0: ;   {runtime_call DeoptimizationBlob}
  0x00000219d59031e0: 0041 52e9 | b817 0706 
[/MachCode]


---------------  P R O C E S S  ---------------

Threads class SMR info:
_java_thread_list=0x00000219fc041510, length=241, elements={
0x00000219d12a0890, 0x00000219ed07e3a0, 0x00000219ed082b70, 0x00000219ed080f40,
0x00000219ed08f4b0, 0x00000219ed09a1e0, 0x00000219ed09ac40, 0x00000219ed09b6a0,
0x00000219ed09d440, 0x00000219ed09e680, 0x00000219ed3de980, 0x00000219eeea0a80,
0x00000219eed18850, 0x00000219ef044270, 0x00000219eefd8cb0, 0x00000219eefd9320,
0x00000219eefda820, 0x00000219eefdb3a0, 0x00000219eeede0c0, 0x00000219eeedda30,
0x00000219eeedd3a0, 0x00000219eeedcd10, 0x00000219eeedc680, 0x00000219eeedbff0,
0x00000219eeedede0, 0x00000219eeedf470, 0x00000219f17a9dd0, 0x00000219f17a9740,
0x00000219f17a90b0, 0x00000219f17aa460, 0x00000219f17ab180, 0x00000219f17aaaf0,
0x00000219f17adf70, 0x00000219f17ad8e0, 0x00000219f17ae600, 0x00000219ef763f60,
0x00000219ef765310, 0x00000219ef7638d0, 0x00000219ef766030, 0x00000219ef7666c0,
0x00000219ef7673e0, 0x00000219ef766d50, 0x00000219ef7645f0, 0x00000219ef767a70,
0x00000219ef7659a0, 0x00000219ef768100, 0x00000219ef764c80, 0x00000219ef7694b0,
0x00000219ef768790, 0x00000219ef768e20, 0x00000219ef769b40, 0x00000219ef76a1d0,
0x00000219ef76a860, 0x00000219ef76aef0, 0x00000219f1e63650, 0x00000219f1e622a0,
0x00000219f1e62930, 0x00000219f1e61580, 0x00000219f1e63ce0, 0x00000219f1e60860,
0x00000219f1e62fc0, 0x00000219f1e64370, 0x00000219f1e60ef0, 0x00000219f1e64a00,
0x00000219f1e65090, 0x00000219f1e61c10, 0x00000219f1e65720, 0x00000219f1e677f0,
0x00000219ef6e9a70, 0x00000219ef6ec860, 0x00000219ef6ea790, 0x00000219ef6eae20,
0x00000219ef6eb4b0, 0x00000219ef6ebb40, 0x00000219ef6e93e0, 0x00000219ef6eefc0,
0x00000219ef6ed580, 0x00000219ef6edc10, 0x00000219ef6ef650, 0x00000219ef6ec1d0,
0x00000219ef6ecef0, 0x00000219ef6ee930, 0x00000219ef6efce0, 0x00000219ef6f0370,
0x00000219ef6ee2a0, 0x00000219ef6f0a00, 0x00000219f1f90fb0, 0x00000219f1f91640,
0x00000219f1f92360, 0x00000219f1f929f0, 0x00000219f1f91cd0, 0x00000219f1f93080,
0x00000219f1f8fc00, 0x00000219f1f90920, 0x00000219f1f93710, 0x00000219f1f90290,
0x00000219f1f97220, 0x00000219f1f94ac0, 0x00000219f1f95150, 0x00000219f1f93da0,
0x00000219f1f95e70, 0x00000219f1f96500, 0x00000219f1f94430, 0x00000219f1f957e0,
0x00000219f1f96b90, 0x00000219f0998790, 0x00000219f0998100, 0x00000219f0997a70,
0x00000219f0996030, 0x00000219f0998e20, 0x00000219f09994b0, 0x00000219f0999b40,
0x00000219f09966c0, 0x00000219f0996d50, 0x00000219f099a1d0, 0x00000219f099a860,
0x00000219f09973e0, 0x00000219f099d650, 0x00000219f099aef0, 0x00000219f099c930,
0x00000219f099c2a0, 0x00000219f099b580, 0x00000219f099bc10, 0x00000219f099cfc0,
0x00000219f3266090, 0x00000219f3262c10, 0x00000219f3264ce0, 0x00000219f3265370,
0x00000219f3263930, 0x00000219f3263fc0, 0x00000219f32632a0, 0x00000219f3266db0,
0x00000219f3267440, 0x00000219f3266720, 0x00000219f3267ad0, 0x00000219f3264650,
0x00000219f28cf690, 0x00000219f28d2480, 0x00000219f28d1df0, 0x00000219f28d31a0,
0x00000219f28cfd20, 0x00000219f28d1760, 0x00000219f28d3830, 0x00000219f28d3ec0,
0x00000219f28d0a40, 0x00000219f28d4550, 0x00000219f28d10d0, 0x00000219f3da0b70,
0x00000219efa7b2b0, 0x00000219efa7b940, 0x00000219efa7e730, 0x00000219efa7edc0,
0x00000219efa86a70, 0x00000219f3dabca0, 0x00000219f3dab610, 0x00000219f3dae400,
0x00000219f3daaf80, 0x00000219f3daea90, 0x00000219efa80170, 0x00000219ef441a40,
0x00000219ef440d20, 0x00000219ef43f970, 0x00000219ef443480, 0x00000219ef440000,
0x00000219ef443b10, 0x00000219ef440690, 0x00000219ef445be0, 0x00000219ef447620,
0x00000219ef4441a0, 0x00000219ef447cb0, 0x00000219ef444ec0, 0x00000219ef446f90,
0x00000219ef4420d0, 0x00000219ef43f2e0, 0x00000219ef449060, 0x00000219ef4489d0,
0x00000219ef446270, 0x00000219ef44a410, 0x00000219ef44b130, 0x00000219ef4496f0,
0x00000219ef44aaa0, 0x00000219ef44be50, 0x00000219ef44c4e0, 0x00000219ef44b7c0,
0x00000219ef44d200, 0x00000219ef449d80, 0x00000219efa82f60, 0x00000219f3da8190,
0x00000219f9373f80, 0x00000219f9374610, 0x00000219f9374ca0, 0x00000219f9375330,
0x00000219f90d6fe0, 0x00000219f90d8390, 0x00000219f90d90b0, 0x00000219f90d7d00,
0x00000219f90d7670, 0x00000219f90d62c0, 0x00000219f90d9740, 0x00000219f90db810,
0x00000219f90d9dd0, 0x00000219f90d6950, 0x00000219f90dd250, 0x00000219f90dc530,
0x00000219f111e460, 0x00000219f111c390, 0x00000219f111afe0, 0x00000219f1126e30,
0x00000219f11281e0, 0x00000219f90e0040, 0x00000219f90d55a0, 0x00000219f90ddf70,
0x00000219f90df320, 0x00000219f90df9b0, 0x00000219f90de600, 0x00000219f90e06d0,
0x00000219f90dec90, 0x00000219f90e0d60, 0x00000219ff547130, 0x00000219ff5477c0,
0x00000219ff54a5b0, 0x00000219ff54b2d0, 0x00000219ff54ac40, 0x00000219ff5484e0,
0x00000219ff549f20, 0x00000219ff549200, 0x00000219ff547e50, 0x00000219ff54b960,
0x00000219ff54bff0, 0x00000219ff54c680, 0x00000219ff54cd10, 0x00000219ff549890,
0x00000219ff54d3a0, 0x00000219ff54e750, 0x00000219ff54e0c0, 0x00000219ff54ede0,
0x00000219ff54fb00, 0x00000219ff54f470, 0x00000219ff550820, 0x00000219ff550190,
0x00000219ff550eb0
}

Java Threads: ( => current thread )
  0x00000219d12a0890 JavaThread "main"                              [_thread_blocked, id=30636, stack(0x00000058aed00000,0x00000058aee00000) (1024K)]
  0x00000219ed07e3a0 JavaThread "Common-Cleaner"             daemon [_thread_blocked, id=16576, stack(0x00000058af500000,0x00000058af600000) (1024K)]
  0x00000219ed082b70 JavaThread "Reference Handler"          daemon [_thread_blocked, id=26204, stack(0x00000058af600000,0x00000058af700000) (1024K)]
  0x00000219ed080f40 JavaThread "Finalizer"                  daemon [_thread_blocked, id=29184, stack(0x00000058af700000,0x00000058af800000) (1024K)]
  0x00000219ed08f4b0 JavaThread "Signal Dispatcher"          daemon [_thread_blocked, id=23832, stack(0x00000058af800000,0x00000058af900000) (1024K)]
  0x00000219ed09a1e0 JavaThread "Attach Listener"            daemon [_thread_blocked, id=8096, stack(0x00000058af900000,0x00000058afa00000) (1024K)]
  0x00000219ed09ac40 JavaThread "Service Thread"             daemon [_thread_blocked, id=24428, stack(0x00000058afa00000,0x00000058afb00000) (1024K)]
  0x00000219ed09b6a0 JavaThread "Monitor Deflation Thread"   daemon [_thread_blocked, id=21288, stack(0x00000058afb00000,0x00000058afc00000) (1024K)]
  0x00000219ed09d440 JavaThread "C2 CompilerThread0"         daemon [_thread_blocked, id=25436, stack(0x00000058afc00000,0x00000058afd00000) (1024K)]
  0x00000219ed09e680 JavaThread "C1 CompilerThread0"         daemon [_thread_blocked, id=10440, stack(0x00000058afd00000,0x00000058afe00000) (1024K)]
  0x00000219ed3de980 JavaThread "Notification Thread"        daemon [_thread_blocked, id=16660, stack(0x00000058afe00000,0x00000058aff00000) (1024K)]
  0x00000219eeea0a80 JavaThread "Daemon health stats"               [_thread_blocked, id=27940, stack(0x00000058b0000000,0x00000058b0100000) (1024K)]
  0x00000219eed18850 JavaThread "Incoming local TCP Connector on port 60518"        [_thread_in_native, id=3532, stack(0x00000058b0500000,0x00000058b0600000) (1024K)]
  0x00000219ef044270 JavaThread "Daemon periodic checks"            [_thread_blocked, id=26440, stack(0x00000058b0600000,0x00000058b0700000) (1024K)]
  0x00000219eefd8cb0 JavaThread "Daemon"                            [_thread_blocked, id=19132, stack(0x00000058b0700000,0x00000058b0800000) (1024K)]
  0x00000219eefd9320 JavaThread "Handler for socket connection from /127.0.0.1:60518 to /127.0.0.1:60519"        [_thread_in_native, id=16880, stack(0x00000058b0800000,0x00000058b0900000) (1024K)]
  0x00000219eefda820 JavaThread "Cancel handler"                    [_thread_blocked, id=22508, stack(0x00000058b0900000,0x00000058b0a00000) (1024K)]
  0x00000219eefdb3a0 JavaThread "Daemon worker"                     [_thread_blocked, id=29500, stack(0x00000058b0a00000,0x00000058b0b00000) (1024K)]
  0x00000219eeede0c0 JavaThread "Asynchronous log dispatcher for DefaultDaemonConnection: socket connection from /127.0.0.1:60518 to /127.0.0.1:60519"        [_thread_blocked, id=9420, stack(0x00000058b0b00000,0x00000058b0c00000) (1024K)]
  0x00000219eeedda30 JavaThread "Stdin handler"                     [_thread_blocked, id=14704, stack(0x00000058b0c00000,0x00000058b0d00000) (1024K)]
  0x00000219eeedd3a0 JavaThread "Daemon client event forwarder"        [_thread_blocked, id=26596, stack(0x00000058b0d00000,0x00000058b0e00000) (1024K)]
  0x00000219eeedcd10 JavaThread "Cache worker for journal cache (C:\Users\HP\.gradle\caches\journal-1)"        [_thread_blocked, id=18572, stack(0x00000058b1400000,0x00000058b1500000) (1024K)]
  0x00000219eeedc680 JavaThread "File lock request listener"        [_thread_in_native, id=5868, stack(0x00000058b1500000,0x00000058b1600000) (1024K)]
  0x00000219eeedbff0 JavaThread "Cache worker for file hash cache (C:\Users\HP\.gradle\caches\8.10.2\fileHashes)"        [_thread_blocked, id=27716, stack(0x00000058b1600000,0x00000058b1700000) (1024K)]
  0x00000219eeedede0 JavaThread "Cache worker for file hash cache (C:\Users\HP\Downloads\new-skillo-app2\android\.gradle\8.10.2\fileHashes)"        [_thread_blocked, id=28468, stack(0x00000058b1800000,0x00000058b1900000) (1024K)]
  0x00000219eeedf470 JavaThread "Cache worker for Build Output Cleanup Cache (C:\Users\HP\Downloads\new-skillo-app2\android\.gradle\buildOutputCleanup)"        [_thread_blocked, id=23068, stack(0x00000058b1900000,0x00000058b1a00000) (1024K)]
  0x00000219f17a9dd0 JavaThread "File watcher server"        daemon [_thread_blocked, id=23960, stack(0x00000058b1a00000,0x00000058b1b00000) (1024K)]
  0x00000219f17a9740 JavaThread "File watcher consumer"      daemon [_thread_blocked, id=29512, stack(0x00000058b1b00000,0x00000058b1c00000) (1024K)]
  0x00000219f17a90b0 JavaThread "Cache worker for checksums cache (C:\Users\HP\Downloads\new-skillo-app2\android\.gradle\8.10.2\checksums)"        [_thread_blocked, id=17020, stack(0x00000058b1c00000,0x00000058b1d00000) (1024K)]
  0x00000219f17aa460 JavaThread "Cache worker for file content cache (C:\Users\HP\.gradle\caches\8.10.2\fileContent)"        [_thread_blocked, id=29008, stack(0x00000058b1d00000,0x00000058b1e00000) (1024K)]
  0x00000219f17ab180 JavaThread "Cache worker for cache directory md-rule (C:\Users\HP\.gradle\caches\8.10.2\md-rule)"        [_thread_blocked, id=24920, stack(0x00000058b1e00000,0x00000058b1f00000) (1024K)]
  0x00000219f17aaaf0 JavaThread "Cache worker for cache directory md-supplier (C:\Users\HP\.gradle\caches\8.10.2\md-supplier)"        [_thread_blocked, id=15120, stack(0x00000058b1f00000,0x00000058b2000000) (1024K)]
  0x00000219f17adf70 JavaThread "Cache worker for Build Output Cleanup Cache (C:\flutter\flutter\packages\flutter_tools\gradle\.gradle\buildOutputCleanup)"        [_thread_blocked, id=29768, stack(0x00000058b2000000,0x00000058b2100000) (1024K)]
  0x00000219f17ad8e0 JavaThread "Unconstrained build operations"        [_thread_blocked, id=26792, stack(0x00000058b2100000,0x00000058b2200000) (1024K)]
  0x00000219f17ae600 JavaThread "Unconstrained build operations Thread 2"        [_thread_blocked, id=11872, stack(0x00000058b2200000,0x00000058b2300000) (1024K)]
  0x00000219ef763f60 JavaThread "Unconstrained build operations Thread 3"        [_thread_blocked, id=29784, stack(0x00000058b2300000,0x00000058b2400000) (1024K)]
  0x00000219ef765310 JavaThread "Unconstrained build operations Thread 4"        [_thread_blocked, id=2192, stack(0x00000058b2400000,0x00000058b2500000) (1024K)]
  0x00000219ef7638d0 JavaThread "Unconstrained build operations Thread 5"        [_thread_blocked, id=22208, stack(0x00000058b2500000,0x00000058b2600000) (1024K)]
  0x00000219ef766030 JavaThread "Unconstrained build operations Thread 6"        [_thread_blocked, id=10224, stack(0x00000058b2600000,0x00000058b2700000) (1024K)]
  0x00000219ef7666c0 JavaThread "Unconstrained build operations Thread 7"        [_thread_blocked, id=28036, stack(0x00000058b2700000,0x00000058b2800000) (1024K)]
  0x00000219ef7673e0 JavaThread "Unconstrained build operations Thread 8"        [_thread_blocked, id=23808, stack(0x00000058b2800000,0x00000058b2900000) (1024K)]
  0x00000219ef766d50 JavaThread "Unconstrained build operations Thread 9"        [_thread_blocked, id=30268, stack(0x00000058b2900000,0x00000058b2a00000) (1024K)]
  0x00000219ef7645f0 JavaThread "Unconstrained build operations Thread 10"        [_thread_blocked, id=16500, stack(0x00000058b2a00000,0x00000058b2b00000) (1024K)]
  0x00000219ef767a70 JavaThread "Unconstrained build operations Thread 11"        [_thread_blocked, id=25584, stack(0x00000058b2b00000,0x00000058b2c00000) (1024K)]
  0x00000219ef7659a0 JavaThread "Unconstrained build operations Thread 12"        [_thread_blocked, id=12580, stack(0x00000058b2c00000,0x00000058b2d00000) (1024K)]
  0x00000219ef768100 JavaThread "Unconstrained build operations Thread 13"        [_thread_blocked, id=25156, stack(0x00000058b2d00000,0x00000058b2e00000) (1024K)]
  0x00000219ef764c80 JavaThread "Unconstrained build operations Thread 14"        [_thread_blocked, id=27340, stack(0x00000058b2e00000,0x00000058b2f00000) (1024K)]
  0x00000219ef7694b0 JavaThread "Unconstrained build operations Thread 15"        [_thread_blocked, id=12036, stack(0x00000058b2f00000,0x00000058b3000000) (1024K)]
  0x00000219ef768790 JavaThread "Unconstrained build operations Thread 16"        [_thread_blocked, id=8496, stack(0x00000058b3000000,0x00000058b3100000) (1024K)]
  0x00000219ef768e20 JavaThread "Unconstrained build operations Thread 17"        [_thread_blocked, id=18000, stack(0x00000058b3100000,0x00000058b3200000) (1024K)]
  0x00000219ef769b40 JavaThread "Unconstrained build operations Thread 18"        [_thread_blocked, id=23928, stack(0x00000058b3200000,0x00000058b3300000) (1024K)]
  0x00000219ef76a1d0 JavaThread "Unconstrained build operations Thread 19"        [_thread_blocked, id=28656, stack(0x00000058b3300000,0x00000058b3400000) (1024K)]
  0x00000219ef76a860 JavaThread "Unconstrained build operations Thread 20"        [_thread_blocked, id=7060, stack(0x00000058b3400000,0x00000058b3500000) (1024K)]
  0x00000219ef76aef0 JavaThread "Unconstrained build operations Thread 21"        [_thread_blocked, id=29932, stack(0x00000058b3500000,0x00000058b3600000) (1024K)]
  0x00000219f1e63650 JavaThread "Unconstrained build operations Thread 22"        [_thread_blocked, id=18176, stack(0x00000058b3600000,0x00000058b3700000) (1024K)]
  0x00000219f1e622a0 JavaThread "Unconstrained build operations Thread 23"        [_thread_blocked, id=23392, stack(0x00000058b3700000,0x00000058b3800000) (1024K)]
  0x00000219f1e62930 JavaThread "Unconstrained build operations Thread 24"        [_thread_blocked, id=27592, stack(0x00000058b3800000,0x00000058b3900000) (1024K)]
  0x00000219f1e61580 JavaThread "Unconstrained build operations Thread 25"        [_thread_blocked, id=12820, stack(0x00000058b3900000,0x00000058b3a00000) (1024K)]
  0x00000219f1e63ce0 JavaThread "Unconstrained build operations Thread 26"        [_thread_blocked, id=23400, stack(0x00000058b3a00000,0x00000058b3b00000) (1024K)]
  0x00000219f1e60860 JavaThread "Unconstrained build operations Thread 27"        [_thread_blocked, id=30536, stack(0x00000058b3b00000,0x00000058b3c00000) (1024K)]
  0x00000219f1e62fc0 JavaThread "Unconstrained build operations Thread 28"        [_thread_blocked, id=29368, stack(0x00000058b3c00000,0x00000058b3d00000) (1024K)]
  0x00000219f1e64370 JavaThread "Unconstrained build operations Thread 29"        [_thread_blocked, id=20428, stack(0x00000058b3d00000,0x00000058b3e00000) (1024K)]
  0x00000219f1e60ef0 JavaThread "Unconstrained build operations Thread 30"        [_thread_blocked, id=10184, stack(0x00000058b3e00000,0x00000058b3f00000) (1024K)]
  0x00000219f1e64a00 JavaThread "Unconstrained build operations Thread 31"        [_thread_blocked, id=30088, stack(0x00000058b3f00000,0x00000058b4000000) (1024K)]
  0x00000219f1e65090 JavaThread "Unconstrained build operations Thread 32"        [_thread_blocked, id=12992, stack(0x00000058b4000000,0x00000058b4100000) (1024K)]
  0x00000219f1e61c10 JavaThread "Unconstrained build operations Thread 33"        [_thread_blocked, id=28360, stack(0x00000058b4100000,0x00000058b4200000) (1024K)]
  0x00000219f1e65720 JavaThread "Memory manager"                    [_thread_blocked, id=29568, stack(0x00000058b4200000,0x00000058b4300000) (1024K)]
  0x00000219f1e677f0 JavaThread "build event listener"              [_thread_blocked, id=29980, stack(0x00000058b4300000,0x00000058b4400000) (1024K)]
  0x00000219ef6e9a70 JavaThread "included builds"                   [_thread_blocked, id=4084, stack(0x00000058b4500000,0x00000058b4600000) (1024K)]
  0x00000219ef6ec860 JavaThread "Execution worker"                  [_thread_blocked, id=25460, stack(0x00000058b4600000,0x00000058b4700000) (1024K)]
  0x00000219ef6ea790 JavaThread "Execution worker Thread 2"         [_thread_blocked, id=23376, stack(0x00000058b4700000,0x00000058b4800000) (1024K)]
  0x00000219ef6eae20 JavaThread "Execution worker Thread 3"         [_thread_blocked, id=26512, stack(0x00000058b4800000,0x00000058b4900000) (1024K)]
  0x00000219ef6eb4b0 JavaThread "Execution worker Thread 4"         [_thread_blocked, id=7936, stack(0x00000058b4900000,0x00000058b4a00000) (1024K)]
  0x00000219ef6ebb40 JavaThread "Execution worker Thread 5"         [_thread_blocked, id=24756, stack(0x00000058b4a00000,0x00000058b4b00000) (1024K)]
  0x00000219ef6e93e0 JavaThread "Execution worker Thread 6"         [_thread_blocked, id=12244, stack(0x00000058b4b00000,0x00000058b4c00000) (1024K)]
  0x00000219ef6eefc0 JavaThread "Execution worker Thread 7"         [_thread_blocked, id=22564, stack(0x00000058b4c00000,0x00000058b4d00000) (1024K)]
  0x00000219ef6ed580 JavaThread "Execution worker Thread 8"         [_thread_blocked, id=27888, stack(0x00000058b4d00000,0x00000058b4e00000) (1024K)]
  0x00000219ef6edc10 JavaThread "Execution worker Thread 9"         [_thread_blocked, id=29196, stack(0x00000058b4e00000,0x00000058b4f00000) (1024K)]
  0x00000219ef6ef650 JavaThread "Execution worker Thread 10"        [_thread_blocked, id=19644, stack(0x00000058b4f00000,0x00000058b5000000) (1024K)]
  0x00000219ef6ec1d0 JavaThread "Execution worker Thread 11"        [_thread_blocked, id=30508, stack(0x00000058b5000000,0x00000058b5100000) (1024K)]
  0x00000219ef6ecef0 JavaThread "Cache worker for execution history cache (C:\flutter\flutter\packages\flutter_tools\gradle\.gradle\8.10.2\executionHistory)"        [_thread_blocked, id=30304, stack(0x00000058b5100000,0x00000058b5200000) (1024K)]
  0x00000219ef6ee930 JavaThread "Unconstrained build operations Thread 34"        [_thread_blocked, id=26556, stack(0x00000058b5200000,0x00000058b5300000) (1024K)]
  0x00000219ef6efce0 JavaThread "Unconstrained build operations Thread 35"        [_thread_blocked, id=30096, stack(0x00000058b5300000,0x00000058b5400000) (1024K)]
  0x00000219ef6f0370 JavaThread "Unconstrained build operations Thread 36"        [_thread_blocked, id=8548, stack(0x00000058b5400000,0x00000058b5500000) (1024K)]
  0x00000219ef6ee2a0 JavaThread "Unconstrained build operations Thread 37"        [_thread_blocked, id=23152, stack(0x00000058b5500000,0x00000058b5600000) (1024K)]
  0x00000219ef6f0a00 JavaThread "Unconstrained build operations Thread 38"        [_thread_blocked, id=26304, stack(0x00000058b5600000,0x00000058b5700000) (1024K)]
  0x00000219f1f90fb0 JavaThread "Unconstrained build operations Thread 39"        [_thread_blocked, id=23908, stack(0x00000058b5700000,0x00000058b5800000) (1024K)]
  0x00000219f1f91640 JavaThread "Unconstrained build operations Thread 40"        [_thread_blocked, id=18764, stack(0x00000058b5800000,0x00000058b5900000) (1024K)]
  0x00000219f1f92360 JavaThread "Unconstrained build operations Thread 41"        [_thread_blocked, id=16460, stack(0x00000058b5900000,0x00000058b5a00000) (1024K)]
  0x00000219f1f929f0 JavaThread "Unconstrained build operations Thread 42"        [_thread_blocked, id=24020, stack(0x00000058b5a00000,0x00000058b5b00000) (1024K)]
  0x00000219f1f91cd0 JavaThread "Unconstrained build operations Thread 43"        [_thread_blocked, id=1892, stack(0x00000058b5b00000,0x00000058b5c00000) (1024K)]
  0x00000219f1f93080 JavaThread "Unconstrained build operations Thread 44"        [_thread_blocked, id=18052, stack(0x00000058b5c00000,0x00000058b5d00000) (1024K)]
  0x00000219f1f8fc00 JavaThread "Unconstrained build operations Thread 45"        [_thread_blocked, id=11260, stack(0x00000058b5d00000,0x00000058b5e00000) (1024K)]
  0x00000219f1f90920 JavaThread "Unconstrained build operations Thread 46"        [_thread_blocked, id=17852, stack(0x00000058b5e00000,0x00000058b5f00000) (1024K)]
  0x00000219f1f93710 JavaThread "Unconstrained build operations Thread 47"        [_thread_blocked, id=28976, stack(0x00000058b5f00000,0x00000058b6000000) (1024K)]
  0x00000219f1f90290 JavaThread "Unconstrained build operations Thread 48"        [_thread_blocked, id=3676, stack(0x00000058b6000000,0x00000058b6100000) (1024K)]
  0x00000219f1f97220 JavaThread "Unconstrained build operations Thread 49"        [_thread_blocked, id=21280, stack(0x00000058b6100000,0x00000058b6200000) (1024K)]
  0x00000219f1f94ac0 JavaThread "Unconstrained build operations Thread 50"        [_thread_blocked, id=24016, stack(0x00000058b6200000,0x00000058b6300000) (1024K)]
  0x00000219f1f95150 JavaThread "Unconstrained build operations Thread 51"        [_thread_blocked, id=25996, stack(0x00000058b6300000,0x00000058b6400000) (1024K)]
  0x00000219f1f93da0 JavaThread "Unconstrained build operations Thread 52"        [_thread_blocked, id=19552, stack(0x00000058b6400000,0x00000058b6500000) (1024K)]
  0x00000219f1f95e70 JavaThread "Unconstrained build operations Thread 53"        [_thread_blocked, id=30104, stack(0x00000058b6500000,0x00000058b6600000) (1024K)]
  0x00000219f1f96500 JavaThread "Unconstrained build operations Thread 54"        [_thread_blocked, id=30456, stack(0x00000058b6600000,0x00000058b6700000) (1024K)]
  0x00000219f1f94430 JavaThread "Unconstrained build operations Thread 55"        [_thread_blocked, id=9284, stack(0x00000058b6700000,0x00000058b6800000) (1024K)]
  0x00000219f1f957e0 JavaThread "Unconstrained build operations Thread 56"        [_thread_blocked, id=29928, stack(0x00000058b6800000,0x00000058b6900000) (1024K)]
  0x00000219f1f96b90 JavaThread "Unconstrained build operations Thread 57"        [_thread_blocked, id=19728, stack(0x00000058b6900000,0x00000058b6a00000) (1024K)]
  0x00000219f0998790 JavaThread "Unconstrained build operations Thread 58"        [_thread_blocked, id=18072, stack(0x00000058b6a00000,0x00000058b6b00000) (1024K)]
  0x00000219f0998100 JavaThread "Unconstrained build operations Thread 59"        [_thread_blocked, id=21556, stack(0x00000058b6b00000,0x00000058b6c00000) (1024K)]
  0x00000219f0997a70 JavaThread "Unconstrained build operations Thread 60"        [_thread_blocked, id=17248, stack(0x00000058b6c00000,0x00000058b6d00000) (1024K)]
  0x00000219f0996030 JavaThread "Unconstrained build operations Thread 61"        [_thread_blocked, id=14412, stack(0x00000058b6d00000,0x00000058b6e00000) (1024K)]
  0x00000219f0998e20 JavaThread "Unconstrained build operations Thread 62"        [_thread_blocked, id=4920, stack(0x00000058b6e00000,0x00000058b6f00000) (1024K)]
  0x00000219f09994b0 JavaThread "Unconstrained build operations Thread 63"        [_thread_blocked, id=2584, stack(0x00000058b6f00000,0x00000058b7000000) (1024K)]
  0x00000219f0999b40 JavaThread "Unconstrained build operations Thread 64"        [_thread_blocked, id=16416, stack(0x00000058b7000000,0x00000058b7100000) (1024K)]
  0x00000219f09966c0 JavaThread "Unconstrained build operations Thread 65"        [_thread_blocked, id=27624, stack(0x00000058b7100000,0x00000058b7200000) (1024K)]
  0x00000219f0996d50 JavaThread "Unconstrained build operations Thread 66"        [_thread_blocked, id=16824, stack(0x00000058b7200000,0x00000058b7300000) (1024K)]
  0x00000219f099a1d0 JavaThread "Unconstrained build operations Thread 67"        [_thread_blocked, id=10176, stack(0x00000058b4400000,0x00000058b4500000) (1024K)]
  0x00000219f099a860 JavaThread "Unconstrained build operations Thread 68"        [_thread_blocked, id=2856, stack(0x00000058b7300000,0x00000058b7400000) (1024K)]
  0x00000219f09973e0 JavaThread "Unconstrained build operations Thread 69"        [_thread_blocked, id=30576, stack(0x00000058b7400000,0x00000058b7500000) (1024K)]
  0x00000219f099d650 JavaThread "Unconstrained build operations Thread 70"        [_thread_blocked, id=3028, stack(0x00000058b7500000,0x00000058b7600000) (1024K)]
  0x00000219f099aef0 JavaThread "Unconstrained build operations Thread 71"        [_thread_blocked, id=21512, stack(0x00000058b7600000,0x00000058b7700000) (1024K)]
  0x00000219f099c930 JavaThread "Unconstrained build operations Thread 72"        [_thread_blocked, id=19960, stack(0x00000058b7700000,0x00000058b7800000) (1024K)]
  0x00000219f099c2a0 JavaThread "Unconstrained build operations Thread 73"        [_thread_blocked, id=29632, stack(0x00000058b7800000,0x00000058b7900000) (1024K)]
  0x00000219f099b580 JavaThread "Unconstrained build operations Thread 74"        [_thread_blocked, id=10528, stack(0x00000058b7900000,0x00000058b7a00000) (1024K)]
  0x00000219f099bc10 JavaThread "Unconstrained build operations Thread 75"        [_thread_blocked, id=11216, stack(0x00000058b7a00000,0x00000058b7b00000) (1024K)]
  0x00000219f099cfc0 JavaThread "Unconstrained build operations Thread 76"        [_thread_blocked, id=21460, stack(0x00000058b7b00000,0x00000058b7c00000) (1024K)]
  0x00000219f3266090 JavaThread "Unconstrained build operations Thread 77"        [_thread_blocked, id=17960, stack(0x00000058b7c00000,0x00000058b7d00000) (1024K)]
  0x00000219f3262c10 JavaThread "Unconstrained build operations Thread 78"        [_thread_blocked, id=26164, stack(0x00000058b7d00000,0x00000058b7e00000) (1024K)]
  0x00000219f3264ce0 JavaThread "Unconstrained build operations Thread 79"        [_thread_blocked, id=13128, stack(0x00000058b7e00000,0x00000058b7f00000) (1024K)]
  0x00000219f3265370 JavaThread "Unconstrained build operations Thread 80"        [_thread_blocked, id=21540, stack(0x00000058b7f00000,0x00000058b8000000) (1024K)]
  0x00000219f3263930 JavaThread "Unconstrained build operations Thread 81"        [_thread_blocked, id=12064, stack(0x00000058b8000000,0x00000058b8100000) (1024K)]
  0x00000219f3263fc0 JavaThread "Unconstrained build operations Thread 82"        [_thread_blocked, id=21392, stack(0x00000058b8100000,0x00000058b8200000) (1024K)]
  0x00000219f32632a0 JavaThread "Unconstrained build operations Thread 83"        [_thread_blocked, id=24384, stack(0x00000058b8200000,0x00000058b8300000) (1024K)]
  0x00000219f3266db0 JavaThread "Unconstrained build operations Thread 84"        [_thread_blocked, id=12156, stack(0x00000058b8300000,0x00000058b8400000) (1024K)]
  0x00000219f3267440 JavaThread "Unconstrained build operations Thread 85"        [_thread_blocked, id=27092, stack(0x00000058b8400000,0x00000058b8500000) (1024K)]
  0x00000219f3266720 JavaThread "Unconstrained build operations Thread 86"        [_thread_blocked, id=30316, stack(0x00000058b8500000,0x00000058b8600000) (1024K)]
  0x00000219f3267ad0 JavaThread "Unconstrained build operations Thread 87"        [_thread_blocked, id=29084, stack(0x00000058b8600000,0x00000058b8700000) (1024K)]
  0x00000219f3264650 JavaThread "Unconstrained build operations Thread 88"        [_thread_blocked, id=7600, stack(0x00000058b8700000,0x00000058b8800000) (1024K)]
  0x00000219f28cf690 JavaThread "Unconstrained build operations Thread 89"        [_thread_blocked, id=30012, stack(0x00000058b8800000,0x00000058b8900000) (1024K)]
  0x00000219f28d2480 JavaThread "Unconstrained build operations Thread 90"        [_thread_blocked, id=27096, stack(0x00000058b8900000,0x00000058b8a00000) (1024K)]
  0x00000219f28d1df0 JavaThread "Unconstrained build operations Thread 91"        [_thread_blocked, id=16472, stack(0x00000058b8a00000,0x00000058b8b00000) (1024K)]
  0x00000219f28d31a0 JavaThread "Unconstrained build operations Thread 92"        [_thread_blocked, id=27532, stack(0x00000058b8b00000,0x00000058b8c00000) (1024K)]
  0x00000219f28cfd20 JavaThread "Unconstrained build operations Thread 93"        [_thread_blocked, id=18452, stack(0x00000058b8c00000,0x00000058b8d00000) (1024K)]
  0x00000219f28d1760 JavaThread "Unconstrained build operations Thread 94"        [_thread_blocked, id=24708, stack(0x00000058b8d00000,0x00000058b8e00000) (1024K)]
  0x00000219f28d3830 JavaThread "Unconstrained build operations Thread 95"        [_thread_blocked, id=26016, stack(0x00000058b8e00000,0x00000058b8f00000) (1024K)]
  0x00000219f28d3ec0 JavaThread "Unconstrained build operations Thread 96"        [_thread_blocked, id=16524, stack(0x00000058b8f00000,0x00000058b9000000) (1024K)]
  0x00000219f28d0a40 JavaThread "Unconstrained build operations Thread 97"        [_thread_blocked, id=9804, stack(0x00000058b9000000,0x00000058b9100000) (1024K)]
  0x00000219f28d4550 JavaThread "Unconstrained build operations Thread 98"        [_thread_blocked, id=25916, stack(0x00000058b9100000,0x00000058b9200000) (1024K)]
  0x00000219f28d10d0 JavaThread "Unconstrained build operations Thread 99"        [_thread_blocked, id=21944, stack(0x00000058b9200000,0x00000058b9300000) (1024K)]
  0x00000219f3da0b70 JavaThread "build event listener"              [_thread_blocked, id=25036, stack(0x00000058b9400000,0x00000058b9500000) (1024K)]
  0x00000219efa7b2b0 JavaThread "jar transforms"                    [_thread_blocked, id=28172, stack(0x00000058b9300000,0x00000058b9400000) (1024K)]
  0x00000219efa7b940 JavaThread "jar transforms Thread 2"           [_thread_blocked, id=10932, stack(0x00000058b9500000,0x00000058b9600000) (1024K)]
  0x00000219efa7e730 JavaThread "jar transforms Thread 3"           [_thread_blocked, id=5340, stack(0x00000058b9700000,0x00000058b9800000) (1024K)]
  0x00000219efa7edc0 JavaThread "jar transforms Thread 4"           [_thread_blocked, id=8604, stack(0x00000058b9800000,0x00000058b9900000) (1024K)]
  0x00000219efa86a70 JavaThread "jar transforms Thread 5"           [_thread_blocked, id=17136, stack(0x00000058b9900000,0x00000058b9a00000) (1024K)]
  0x00000219f3dabca0 JavaThread "jar transforms Thread 6"           [_thread_blocked, id=444, stack(0x00000058b9a00000,0x00000058b9b00000) (1024K)]
  0x00000219f3dab610 JavaThread "jar transforms Thread 7"           [_thread_blocked, id=2984, stack(0x00000058b9b00000,0x00000058b9c00000) (1024K)]
  0x00000219f3dae400 JavaThread "jar transforms Thread 8"           [_thread_blocked, id=28924, stack(0x00000058b9c00000,0x00000058b9d00000) (1024K)]
  0x00000219f3daaf80 JavaThread "jar transforms Thread 9"           [_thread_blocked, id=23692, stack(0x00000058b9d00000,0x00000058b9e00000) (1024K)]
  0x00000219f3daea90 JavaThread "jar transforms Thread 10"          [_thread_blocked, id=14764, stack(0x00000058b9e00000,0x00000058b9f00000) (1024K)]
  0x00000219efa80170 JavaThread "Cache worker for execution history cache (C:\Users\HP\Downloads\new-skillo-app2\android\.gradle\8.10.2\executionHistory)"        [_thread_blocked, id=22956, stack(0x00000058b9600000,0x00000058b9700000) (1024K)]
  0x00000219ef441a40 JavaThread "WorkerExecutor Queue Thread 2"        [_thread_blocked, id=19680, stack(0x00000058ba400000,0x00000058ba500000) (1024K)]
  0x00000219ef440d20 JavaThread "WorkerExecutor Queue Thread 3"        [_thread_blocked, id=27488, stack(0x00000058ba600000,0x00000058ba700000) (1024K)]
  0x00000219ef43f970 JavaThread "Unconstrained build operations Thread 100"        [_thread_blocked, id=25048, stack(0x00000058ba700000,0x00000058ba800000) (1024K)]
  0x00000219ef443480 JavaThread "Unconstrained build operations Thread 101"        [_thread_blocked, id=13960, stack(0x00000058ba800000,0x00000058ba900000) (1024K)]
  0x00000219ef440000 JavaThread "Unconstrained build operations Thread 102"        [_thread_blocked, id=20176, stack(0x00000058ba900000,0x00000058baa00000) (1024K)]
  0x00000219ef443b10 JavaThread "Unconstrained build operations Thread 103"        [_thread_blocked, id=19676, stack(0x00000058baa00000,0x00000058bab00000) (1024K)]
  0x00000219ef440690 JavaThread "Unconstrained build operations Thread 104"        [_thread_blocked, id=30584, stack(0x00000058bab00000,0x00000058bac00000) (1024K)]
  0x00000219ef445be0 JavaThread "Unconstrained build operations Thread 105"        [_thread_blocked, id=15592, stack(0x00000058bac00000,0x00000058bad00000) (1024K)]
  0x00000219ef447620 JavaThread "Unconstrained build operations Thread 106"        [_thread_blocked, id=26576, stack(0x00000058bad00000,0x00000058bae00000) (1024K)]
  0x00000219ef4441a0 JavaThread "Unconstrained build operations Thread 107"        [_thread_blocked, id=3708, stack(0x00000058bae00000,0x00000058baf00000) (1024K)]
  0x00000219ef447cb0 JavaThread "Unconstrained build operations Thread 108"        [_thread_blocked, id=11332, stack(0x00000058baf00000,0x00000058bb000000) (1024K)]
  0x00000219ef444ec0 JavaThread "Unconstrained build operations Thread 109"        [_thread_blocked, id=26372, stack(0x00000058bb000000,0x00000058bb100000) (1024K)]
  0x00000219ef446f90 JavaThread "Unconstrained build operations Thread 110"        [_thread_blocked, id=10588, stack(0x00000058bb100000,0x00000058bb200000) (1024K)]
  0x00000219ef4420d0 JavaThread "WorkerExecutor Queue Thread 5"        [_thread_blocked, id=25364, stack(0x00000058bb300000,0x00000058bb400000) (1024K)]
  0x00000219ef43f2e0 JavaThread "WorkerExecutor Queue Thread 6"        [_thread_blocked, id=16596, stack(0x00000058bb400000,0x00000058bb500000) (1024K)]
  0x00000219ef449060 JavaThread "WorkerExecutor Queue Thread 9"        [_thread_blocked, id=21184, stack(0x00000058bb700000,0x00000058bb800000) (1024K)]
  0x00000219ef4489d0 JavaThread "WorkerExecutor Queue Thread 10"        [_thread_blocked, id=26908, stack(0x00000058bb800000,0x00000058bb900000) (1024K)]
  0x00000219ef446270 JavaThread "Unconstrained build operations Thread 111"        [_thread_blocked, id=21820, stack(0x00000058bb900000,0x00000058bba00000) (1024K)]
  0x00000219ef44a410 JavaThread "Unconstrained build operations Thread 112"        [_thread_blocked, id=5980, stack(0x00000058bba00000,0x00000058bbb00000) (1024K)]
  0x00000219ef44b130 JavaThread "Unconstrained build operations Thread 113"        [_thread_blocked, id=12528, stack(0x00000058bbb00000,0x00000058bbc00000) (1024K)]
  0x00000219ef4496f0 JavaThread "Unconstrained build operations Thread 114"        [_thread_blocked, id=25568, stack(0x00000058bbc00000,0x00000058bbd00000) (1024K)]
  0x00000219ef44aaa0 JavaThread "Unconstrained build operations Thread 115"        [_thread_blocked, id=12800, stack(0x00000058bbd00000,0x00000058bbe00000) (1024K)]
  0x00000219ef44be50 JavaThread "Unconstrained build operations Thread 116"        [_thread_blocked, id=23744, stack(0x00000058bbe00000,0x00000058bbf00000) (1024K)]
  0x00000219ef44c4e0 JavaThread "Unconstrained build operations Thread 117"        [_thread_blocked, id=24252, stack(0x00000058bbf00000,0x00000058bc000000) (1024K)]
  0x00000219ef44b7c0 JavaThread "Unconstrained build operations Thread 118"        [_thread_blocked, id=30480, stack(0x00000058bc000000,0x00000058bc100000) (1024K)]
  0x00000219ef44d200 JavaThread "Unconstrained build operations Thread 119"        [_thread_blocked, id=28056, stack(0x00000058bc100000,0x00000058bc200000) (1024K)]
  0x00000219ef449d80 JavaThread "Unconstrained build operations Thread 120"        [_thread_blocked, id=18752, stack(0x00000058bc200000,0x00000058bc300000) (1024K)]
  0x00000219efa82f60 JavaThread "WorkerExecutor Queue Thread 11"        [_thread_blocked, id=30416, stack(0x00000058bc300000,0x00000058bc400000) (1024K)]
  0x00000219f3da8190 JavaThread "WorkerExecutor Queue Thread 13"        [_thread_blocked, id=18376, stack(0x00000058bc500000,0x00000058bc600000) (1024K)]
  0x00000219f9373f80 JavaThread "pool-3-thread-1"                   [_thread_blocked, id=28552, stack(0x00000058bc600000,0x00000058bc700000) (1024K)]
  0x00000219f9374610 JavaThread "stderr"                            [_thread_in_native, id=12624, stack(0x00000058bc700000,0x00000058bc800000) (1024K)]
  0x00000219f9374ca0 JavaThread "stdout"                            [_thread_in_native, id=8688, stack(0x00000058bc800000,0x00000058bc900000) (1024K)]
  0x00000219f9375330 JavaThread "Cache worker for Java compile cache (C:\Users\HP\.gradle\caches\8.10.2\javaCompile)"        [_thread_blocked, id=16924, stack(0x00000058bc900000,0x00000058bca00000) (1024K)]
  0x00000219f90d6fe0 JavaThread "Build operations"                  [_thread_blocked, id=17268, stack(0x00000058ba500000,0x00000058ba600000) (1024K)]
  0x00000219f90d8390 JavaThread "Build operations Thread 2"         [_thread_blocked, id=11396, stack(0x00000058bca00000,0x00000058bcb00000) (1024K)]
  0x00000219f90d90b0 JavaThread "Build operations Thread 3"         [_thread_blocked, id=18256, stack(0x00000058bcb00000,0x00000058bcc00000) (1024K)]
  0x00000219f90d7d00 JavaThread "Build operations Thread 4"         [_thread_blocked, id=26376, stack(0x00000058bcc00000,0x00000058bcd00000) (1024K)]
  0x00000219f90d7670 JavaThread "Build operations Thread 5"         [_thread_blocked, id=6524, stack(0x00000058bcd00000,0x00000058bce00000) (1024K)]
  0x00000219f90d62c0 JavaThread "Build operations Thread 6"         [_thread_blocked, id=28088, stack(0x00000058bce00000,0x00000058bcf00000) (1024K)]
  0x00000219f90d9740 JavaThread "Build operations Thread 7"         [_thread_blocked, id=12016, stack(0x00000058bcf00000,0x00000058bd000000) (1024K)]
  0x00000219f90db810 JavaThread "Build operations Thread 8"         [_thread_blocked, id=22408, stack(0x00000058bd000000,0x00000058bd100000) (1024K)]
  0x00000219f90d9dd0 JavaThread "Build operations Thread 9"         [_thread_blocked, id=4440, stack(0x00000058bd100000,0x00000058bd200000) (1024K)]
  0x00000219f90d6950 JavaThread "Build operations Thread 10"        [_thread_blocked, id=12780, stack(0x00000058bd200000,0x00000058bd300000) (1024K)]
  0x00000219f90dd250 JavaThread "Build operations Thread 11"        [_thread_blocked, id=18100, stack(0x00000058bd300000,0x00000058bd400000) (1024K)]
  0x00000219f90dc530 JavaThread "Build operations Thread 12"        [_thread_blocked, id=2312, stack(0x00000058bd500000,0x00000058bd600000) (1024K)]
  0x00000219f111e460 JavaThread "WorkerExecutor Queue Thread 14"        [_thread_blocked, id=29444, stack(0x00000058bd600000,0x00000058bd700000) (1024K)]
  0x00000219f111c390 JavaThread "RMI Scheduler(0)"           daemon [_thread_blocked, id=11744, stack(0x00000058bd700000,0x00000058bd800000) (1024K)]
  0x00000219f111afe0 JavaThread "RMI GC Daemon"              daemon [_thread_blocked, id=24312, stack(0x00000058bd900000,0x00000058bda00000) (1024K)]
  0x00000219f1126e30 JavaThread "RMI TCP Accept-0"           daemon [_thread_in_native, id=30420, stack(0x00000058be600000,0x00000058be700000) (1024K)]
  0x00000219f11281e0 JavaThread "RMI Reaper"                        [_thread_blocked, id=29772, stack(0x00000058be700000,0x00000058be800000) (1024K)]
  0x00000219f90e0040 JavaThread "WorkerExecutor Queue Thread 15"        [_thread_blocked, id=13180, stack(0x00000058aec00000,0x00000058aed00000) (1024K)]
  0x00000219f90d55a0 JavaThread "Exec process Thread 6"             [_thread_blocked, id=1420, stack(0x00000058aea00000,0x00000058aeb00000) (1024K)]
  0x00000219f90ddf70 JavaThread "Exec process Thread 8"             [_thread_blocked, id=30716, stack(0x00000058aeb00000,0x00000058aec00000) (1024K)]
  0x00000219f90df320 JavaThread "Exec process Thread 4"             [_thread_blocked, id=15784, stack(0x00000058b1700000,0x00000058b1800000) (1024K)]
  0x00000219f90df9b0 JavaThread "Exec process Thread 5"             [_thread_blocked, id=20868, stack(0x00000058b9f00000,0x00000058ba000000) (1024K)]
  0x00000219f90de600 JavaThread "Exec process Thread 9"             [_thread_blocked, id=17124, stack(0x00000058ba000000,0x00000058ba100000) (1024K)]
  0x00000219f90e06d0 JavaThread "Exec process Thread 10"            [_thread_blocked, id=4664, stack(0x00000058ba100000,0x00000058ba200000) (1024K)]
  0x00000219f90dec90 JavaThread "Exec process Thread 11"            [_thread_blocked, id=24600, stack(0x00000058ba200000,0x00000058ba300000) (1024K)]
  0x00000219f90e0d60 JavaThread "Exec process Thread 7"             [_thread_blocked, id=3800, stack(0x00000058ba300000,0x00000058ba400000) (1024K)]
  0x00000219ff547130 JavaThread "Exec process Thread 12"            [_thread_blocked, id=25104, stack(0x00000058bb200000,0x00000058bb300000) (1024K)]
  0x00000219ff5477c0 JavaThread "Exec process Thread 13"            [_thread_blocked, id=30552, stack(0x00000058bb500000,0x00000058bb600000) (1024K)]
  0x00000219ff54a5b0 JavaThread "Exec process Thread 14"            [_thread_blocked, id=18972, stack(0x00000058bb600000,0x00000058bb700000) (1024K)]
  0x00000219ff54b2d0 JavaThread "Exec process Thread 15"            [_thread_blocked, id=27500, stack(0x00000058bc400000,0x00000058bc500000) (1024K)]
  0x00000219ff54ac40 JavaThread "Exec process Thread 16"            [_thread_blocked, id=11088, stack(0x00000058bd400000,0x00000058bd500000) (1024K)]
  0x00000219ff5484e0 JavaThread "Exec process Thread 17"            [_thread_blocked, id=21088, stack(0x00000058bd800000,0x00000058bd900000) (1024K)]
  0x00000219ff549f20 JavaThread "Exec process Thread 18"            [_thread_blocked, id=28592, stack(0x00000058bda00000,0x00000058bdb00000) (1024K)]
  0x00000219ff549200 JavaThread "Exec process Thread 19"            [_thread_blocked, id=23984, stack(0x00000058bdb00000,0x00000058bdc00000) (1024K)]
  0x00000219ff547e50 JavaThread "Exec process Thread 20"            [_thread_blocked, id=24092, stack(0x00000058bdc00000,0x00000058bdd00000) (1024K)]
  0x00000219ff54b960 JavaThread "Exec process Thread 21"            [_thread_blocked, id=13112, stack(0x00000058bdd00000,0x00000058bde00000) (1024K)]
  0x00000219ff54bff0 JavaThread "Exec process Thread 22"            [_thread_blocked, id=28704, stack(0x00000058bde00000,0x00000058bdf00000) (1024K)]
  0x00000219ff54c680 JavaThread "Exec process Thread 23"            [_thread_blocked, id=24772, stack(0x00000058bdf00000,0x00000058be000000) (1024K)]
  0x00000219ff54cd10 JavaThread "Exec process Thread 24"            [_thread_blocked, id=17952, stack(0x00000058be000000,0x00000058be100000) (1024K)]
  0x00000219ff549890 JavaThread "WorkerExecutor Queue Thread 16"        [_thread_blocked, id=16072, stack(0x00000058be100000,0x00000058be200000) (1024K)]
  0x00000219ff54d3a0 JavaThread "ForkJoinPool.commonPool-worker-1" daemon [_thread_blocked, id=18140, stack(0x00000058be200000,0x00000058be300000) (1024K)]
  0x00000219ff54e750 JavaThread "ForkJoinPool.commonPool-worker-2" daemon [_thread_blocked, id=24940, stack(0x00000058be300000,0x00000058be400000) (1024K)]
  0x00000219ff54e0c0 JavaThread "ForkJoinPool.commonPool-worker-3" daemon [_thread_blocked, id=25612, stack(0x00000058be400000,0x00000058be500000) (1024K)]
  0x00000219ff54ede0 JavaThread "ForkJoinPool.commonPool-worker-4" daemon [_thread_blocked, id=18636, stack(0x00000058be500000,0x00000058be600000) (1024K)]
  0x00000219ff54fb00 JavaThread "ForkJoinPool.commonPool-worker-5" daemon [_thread_blocked, id=17340, stack(0x00000058be800000,0x00000058be900000) (1024K)]
=>0x00000219ff54f470 JavaThread "ForkJoinPool.commonPool-worker-6" daemon [_thread_in_vm, id=16968, stack(0x00000058be900000,0x00000058bea00000) (1024K)]
  0x00000219ff550820 JavaThread "ForkJoinPool.commonPool-worker-7" daemon [_thread_blocked, id=24820, stack(0x00000058bec00000,0x00000058bed00000) (1024K)]
  0x00000219ff550190 JavaThread "ForkJoinPool.commonPool-worker-8" daemon [_thread_blocked, id=27104, stack(0x00000058bed00000,0x00000058bee00000) (1024K)]
  0x00000219ff550eb0 JavaThread "ForkJoinPool.commonPool-worker-9" daemon [_thread_blocked, id=23028, stack(0x00000058bee00000,0x00000058bef00000) (1024K)]
Total: 241

Other Threads:
  0x00000219e8ddea70 VMThread "VM Thread"                           [id=29076, stack(0x00000058af400000,0x00000058af500000) (1024K)] _threads_hazard_ptr=0x00000219fc041510
  0x00000219e8d76d90 WatcherThread "VM Periodic Task Thread"        [id=30168, stack(0x00000058af300000,0x00000058af400000) (1024K)]
  0x00000219d12f7db0 WorkerThread "GC Thread#0"                     [id=16496, stack(0x00000058aee00000,0x00000058aef00000) (1024K)]
  0x00000219eda04a60 WorkerThread "GC Thread#1"                     [id=25188, stack(0x00000058b0100000,0x00000058b0200000) (1024K)]
  0x00000219ed6d8520 WorkerThread "GC Thread#2"                     [id=7336, stack(0x00000058b0200000,0x00000058b0300000) (1024K)]
  0x00000219ed9b5860 WorkerThread "GC Thread#3"                     [id=17624, stack(0x00000058b0300000,0x00000058b0400000) (1024K)]
  0x00000219ee02b0e0 WorkerThread "GC Thread#4"                     [id=7236, stack(0x00000058b0400000,0x00000058b0500000) (1024K)]
  0x00000219eeb80e90 WorkerThread "GC Thread#5"                     [id=26032, stack(0x00000058aff00000,0x00000058b0000000) (1024K)]
  0x00000219eec68950 WorkerThread "GC Thread#6"                     [id=5912, stack(0x00000058b0e00000,0x00000058b0f00000) (1024K)]
  0x00000219eec69b70 WorkerThread "GC Thread#7"                     [id=29424, stack(0x00000058b0f00000,0x00000058b1000000) (1024K)]
  0x00000219eec68210 WorkerThread "GC Thread#8"                     [id=4788, stack(0x00000058b1000000,0x00000058b1100000) (1024K)]
  0x00000219eec685b0 WorkerThread "GC Thread#9"                     [id=4896, stack(0x00000058b1100000,0x00000058b1200000) (1024K)]
  0x00000219d1346b80 ConcurrentGCThread "G1 Main Marker"            [id=11988, stack(0x00000058aef00000,0x00000058af000000) (1024K)]
  0x00000219d1347590 WorkerThread "G1 Conc#0"                       [id=23504, stack(0x00000058af000000,0x00000058af100000) (1024K)]
  0x00000219eec68cf0 WorkerThread "G1 Conc#1"                       [id=29872, stack(0x00000058b1200000,0x00000058b1300000) (1024K)]
  0x00000219eec69090 WorkerThread "G1 Conc#2"                       [id=16412, stack(0x00000058b1300000,0x00000058b1400000) (1024K)]
  0x00000219e8c4a490 ConcurrentGCThread "G1 Refine#0"               [id=24992, stack(0x00000058af100000,0x00000058af200000) (1024K)]
  0x00000219e8c4bcc0 ConcurrentGCThread "G1 Service"                [id=29112, stack(0x00000058af200000,0x00000058af300000) (1024K)]
Total: 18

Threads with active compile tasks:
C2 CompilerThread0  273328 32026       4       java.lang.String::regionMatches (150 bytes)
Total: 1

VM state: synchronizing (normal execution)

VM Mutex/Monitor currently owned by a thread:  ([mutex/lock_event])
[0x00007ffe572e85b8] Threads_lock - owner thread: 0x00000219e8ddea70
[0x00007ffe572e86b8] Heap_lock - owner thread: 0x00000219ff54f470

Heap address: 0x0000000080000000, size: 2048 MB, Compressed Oops mode: 32-bit

CDS archive(s) not mapped
Compressed class space mapped at: 0x0000000100000000-0x000000011a000000, reserved size: 436207616
Narrow klass base: 0x0000000000000000, Narrow klass shift: 3, Narrow klass range: 0x11a000000

GC Precious Log:
 CardTable entry size: 512
 Card Set container configuration: InlinePtr #cards 5 size 8 Array Of Cards #cards 12 size 40 Howl #buckets 4 coarsen threshold 1843 Howl Bitmap #cards 512 size 80 coarsen threshold 460 Card regions per heap region 1 cards per card region 2048
 CPUs: 12 total, 12 available
 Memory: 7835M
 Large Page Support: Disabled
 NUMA Support: Disabled
 Compressed Oops: Enabled (32-bit)
 Heap Region Size: 1M
 Heap Min Capacity: 8M
 Heap Initial Capacity: 124M
 Heap Max Capacity: 2G
 Pre-touch: Disabled
 Parallel Workers: 10
 Concurrent Workers: 3
 Concurrent Refinement Workers: 10
 Periodic GC: Disabled

Heap:
 garbage-first heap   total 610304K, used 513345K [0x0000000080000000, 0x0000000100000000)
  region size 1024K, 149 young (152576K), 11 survivors (11264K)
 Metaspace       used 185026K, committed 187712K, reserved 622592K
  class space    used 25089K, committed 26368K, reserved 425984K

Heap Regions: E=young(eden), S=young(survivor), O=old, HS=humongous(starts), HC=humongous(continues), CS=collection set, F=free, TAMS=top-at-mark-start, PB=parsable bottom
|   0|0x0000000080000000, 0x0000000080100000, 0x0000000080100000|100%| O|  |TAMS 0x0000000080000000| PB 0x0000000080000000| Untracked 
|   1|0x0000000080100000, 0x0000000080200000, 0x0000000080200000|100%| O|  |TAMS 0x0000000080100000| PB 0x0000000080100000| Untracked 
|   2|0x0000000080200000, 0x0000000080300000, 0x0000000080300000|100%|HS|  |TAMS 0x0000000080200000| PB 0x0000000080200000| Complete 
|   3|0x0000000080300000, 0x0000000080400000, 0x0000000080400000|100%|HC|  |TAMS 0x0000000080300000| PB 0x0000000080300000| Complete 
|   4|0x0000000080400000, 0x0000000080500000, 0x0000000080500000|100%|HC|  |TAMS 0x0000000080400000| PB 0x0000000080400000| Complete 
|   5|0x0000000080500000, 0x0000000080600000, 0x0000000080600000|100%|HC|  |TAMS 0x0000000080500000| PB 0x0000000080500000| Complete 
|   6|0x0000000080600000, 0x0000000080700000, 0x0000000080700000|100%| O|  |TAMS 0x0000000080600000| PB 0x0000000080600000| Untracked 
|   7|0x0000000080700000, 0x0000000080800000, 0x0000000080800000|100%|HS|  |TAMS 0x0000000080700000| PB 0x0000000080700000| Complete 
|   8|0x0000000080800000, 0x0000000080900000, 0x0000000080900000|100%| O|  |TAMS 0x0000000080800000| PB 0x0000000080800000| Untracked 
|   9|0x0000000080900000, 0x0000000080a00000, 0x0000000080a00000|100%| O|  |TAMS 0x0000000080900000| PB 0x0000000080900000| Untracked 
|  10|0x0000000080a00000, 0x0000000080b00000, 0x0000000080b00000|100%| O|  |TAMS 0x0000000080a00000| PB 0x0000000080a00000| Untracked 
|  11|0x0000000080b00000, 0x0000000080c00000, 0x0000000080c00000|100%| O|  |TAMS 0x0000000080b00000| PB 0x0000000080b00000| Untracked 
|  12|0x0000000080c00000, 0x0000000080d00000, 0x0000000080d00000|100%| O|  |TAMS 0x0000000080c00000| PB 0x0000000080c00000| Untracked 
|  13|0x0000000080d00000, 0x0000000080e00000, 0x0000000080e00000|100%| O|  |TAMS 0x0000000080d00000| PB 0x0000000080d00000| Untracked 
|  14|0x0000000080e00000, 0x0000000080f00000, 0x0000000080f00000|100%| O|  |TAMS 0x0000000080e00000| PB 0x0000000080e00000| Untracked 
|  15|0x0000000080f00000, 0x0000000081000000, 0x0000000081000000|100%| O|  |TAMS 0x0000000080f00000| PB 0x0000000080f00000| Untracked 
|  16|0x0000000081000000, 0x0000000081100000, 0x0000000081100000|100%| O|  |TAMS 0x0000000081000000| PB 0x0000000081000000| Untracked 
|  17|0x0000000081100000, 0x0000000081200000, 0x0000000081200000|100%| O|  |TAMS 0x0000000081100000| PB 0x0000000081100000| Untracked 
|  18|0x0000000081200000, 0x0000000081300000, 0x0000000081300000|100%| O|  |TAMS 0x0000000081200000| PB 0x0000000081200000| Untracked 
|  19|0x0000000081300000, 0x0000000081400000, 0x0000000081400000|100%| O|  |TAMS 0x0000000081300000| PB 0x0000000081300000| Untracked 
|  20|0x0000000081400000, 0x0000000081500000, 0x0000000081500000|100%| O|  |TAMS 0x0000000081400000| PB 0x0000000081400000| Untracked 
|  21|0x0000000081500000, 0x0000000081600000, 0x0000000081600000|100%| O|  |TAMS 0x0000000081500000| PB 0x0000000081500000| Untracked 
|  22|0x0000000081600000, 0x0000000081700000, 0x0000000081700000|100%| O|  |TAMS 0x0000000081600000| PB 0x0000000081600000| Untracked 
|  23|0x0000000081700000, 0x0000000081800000, 0x0000000081800000|100%| O|  |TAMS 0x0000000081700000| PB 0x0000000081700000| Untracked 
|  24|0x0000000081800000, 0x0000000081900000, 0x0000000081900000|100%| O|  |TAMS 0x0000000081800000| PB 0x0000000081800000| Untracked 
|  25|0x0000000081900000, 0x0000000081a00000, 0x0000000081a00000|100%| O|  |TAMS 0x0000000081900000| PB 0x0000000081900000| Untracked 
|  26|0x0000000081a00000, 0x0000000081b00000, 0x0000000081b00000|100%| O|  |TAMS 0x0000000081a00000| PB 0x0000000081a00000| Untracked 
|  27|0x0000000081b00000, 0x0000000081c00000, 0x0000000081c00000|100%| O|  |TAMS 0x0000000081b00000| PB 0x0000000081b00000| Untracked 
|  28|0x0000000081c00000, 0x0000000081d00000, 0x0000000081d00000|100%| O|  |TAMS 0x0000000081c00000| PB 0x0000000081c00000| Untracked 
|  29|0x0000000081d00000, 0x0000000081e00000, 0x0000000081e00000|100%| O|  |TAMS 0x0000000081d00000| PB 0x0000000081d00000| Untracked 
|  30|0x0000000081e00000, 0x0000000081f00000, 0x0000000081f00000|100%| O|  |TAMS 0x0000000081e00000| PB 0x0000000081e00000| Untracked 
|  31|0x0000000081f00000, 0x0000000082000000, 0x0000000082000000|100%| O|  |TAMS 0x0000000081f00000| PB 0x0000000081f00000| Untracked 
|  32|0x0000000082000000, 0x0000000082100000, 0x0000000082100000|100%| O|  |TAMS 0x0000000082000000| PB 0x0000000082000000| Untracked 
|  33|0x0000000082100000, 0x0000000082200000, 0x0000000082200000|100%| O|  |TAMS 0x0000000082100000| PB 0x0000000082100000| Untracked 
|  34|0x0000000082200000, 0x0000000082300000, 0x0000000082300000|100%|HS|  |TAMS 0x0000000082200000| PB 0x0000000082200000| Complete 
|  35|0x0000000082300000, 0x0000000082400000, 0x0000000082400000|100%|HC|  |TAMS 0x0000000082300000| PB 0x0000000082300000| Complete 
|  36|0x0000000082400000, 0x0000000082500000, 0x0000000082500000|100%| O|  |TAMS 0x0000000082400000| PB 0x0000000082400000| Untracked 
|  37|0x0000000082500000, 0x0000000082600000, 0x0000000082600000|100%|HS|  |TAMS 0x0000000082500000| PB 0x0000000082500000| Complete 
|  38|0x0000000082600000, 0x0000000082700000, 0x0000000082700000|100%|HC|  |TAMS 0x0000000082600000| PB 0x0000000082600000| Complete 
|  39|0x0000000082700000, 0x0000000082800000, 0x0000000082800000|100%|HC|  |TAMS 0x0000000082700000| PB 0x0000000082700000| Complete 
|  40|0x0000000082800000, 0x0000000082900000, 0x0000000082900000|100%|HC|  |TAMS 0x0000000082800000| PB 0x0000000082800000| Complete 
|  41|0x0000000082900000, 0x0000000082a00000, 0x0000000082a00000|100%| O|  |TAMS 0x0000000082900000| PB 0x0000000082900000| Untracked 
|  42|0x0000000082a00000, 0x0000000082b00000, 0x0000000082b00000|100%| O|  |TAMS 0x0000000082a00000| PB 0x0000000082a00000| Untracked 
|  43|0x0000000082b00000, 0x0000000082c00000, 0x0000000082c00000|100%|HS|  |TAMS 0x0000000082b00000| PB 0x0000000082b00000| Complete 
|  44|0x0000000082c00000, 0x0000000082d00000, 0x0000000082d00000|100%|HC|  |TAMS 0x0000000082c00000| PB 0x0000000082c00000| Complete 
|  45|0x0000000082d00000, 0x0000000082e00000, 0x0000000082e00000|100%|HS|  |TAMS 0x0000000082d00000| PB 0x0000000082d00000| Complete 
|  46|0x0000000082e00000, 0x0000000082f00000, 0x0000000082f00000|100%| O|  |TAMS 0x0000000082e00000| PB 0x0000000082e00000| Untracked 
|  47|0x0000000082f00000, 0x0000000083000000, 0x0000000083000000|100%| O|  |TAMS 0x0000000082f00000| PB 0x0000000082f00000| Untracked 
|  48|0x0000000083000000, 0x0000000083100000, 0x0000000083100000|100%| O|  |TAMS 0x0000000083000000| PB 0x0000000083000000| Untracked 
|  49|0x0000000083100000, 0x0000000083200000, 0x0000000083200000|100%|HS|  |TAMS 0x0000000083100000| PB 0x0000000083100000| Complete 
|  50|0x0000000083200000, 0x0000000083300000, 0x0000000083300000|100%|HC|  |TAMS 0x0000000083200000| PB 0x0000000083200000| Complete 
|  51|0x0000000083300000, 0x0000000083400000, 0x0000000083400000|100%|HC|  |TAMS 0x0000000083300000| PB 0x0000000083300000| Complete 
|  52|0x0000000083400000, 0x0000000083500000, 0x0000000083500000|100%|HC|  |TAMS 0x0000000083400000| PB 0x0000000083400000| Complete 
|  53|0x0000000083500000, 0x0000000083600000, 0x0000000083600000|100%| O|  |TAMS 0x0000000083500000| PB 0x0000000083500000| Untracked 
|  54|0x0000000083600000, 0x0000000083700000, 0x0000000083700000|100%| O|  |TAMS 0x0000000083600000| PB 0x0000000083600000| Untracked 
|  55|0x0000000083700000, 0x0000000083800000, 0x0000000083800000|100%| O|  |TAMS 0x0000000083700000| PB 0x0000000083700000| Untracked 
|  56|0x0000000083800000, 0x0000000083900000, 0x0000000083900000|100%| O|  |TAMS 0x0000000083800000| PB 0x0000000083800000| Untracked 
|  57|0x0000000083900000, 0x0000000083900000, 0x0000000083a00000|  0%| F|  |TAMS 0x0000000083900000| PB 0x0000000083900000| Untracked 
|  58|0x0000000083a00000, 0x0000000083b00000, 0x0000000083b00000|100%|HS|  |TAMS 0x0000000083a00000| PB 0x0000000083a00000| Complete 
|  59|0x0000000083b00000, 0x0000000083c00000, 0x0000000083c00000|100%| O|  |TAMS 0x0000000083b00000| PB 0x0000000083b00000| Untracked 
|  60|0x0000000083c00000, 0x0000000083d00000, 0x0000000083d00000|100%| O|  |TAMS 0x0000000083c00000| PB 0x0000000083c00000| Untracked 
|  61|0x0000000083d00000, 0x0000000083e00000, 0x0000000083e00000|100%| O|  |TAMS 0x0000000083d00000| PB 0x0000000083d00000| Untracked 
|  62|0x0000000083e00000, 0x0000000083f00000, 0x0000000083f00000|100%| O|  |TAMS 0x0000000083e00000| PB 0x0000000083e00000| Untracked 
|  63|0x0000000083f00000, 0x0000000084000000, 0x0000000084000000|100%| O|  |TAMS 0x0000000083f00000| PB 0x0000000083f00000| Untracked 
|  64|0x0000000084000000, 0x0000000084100000, 0x0000000084100000|100%| O|  |TAMS 0x0000000084000000| PB 0x0000000084000000| Untracked 
|  65|0x0000000084100000, 0x0000000084200000, 0x0000000084200000|100%| O|  |TAMS 0x0000000084100000| PB 0x0000000084100000| Untracked 
|  66|0x0000000084200000, 0x0000000084300000, 0x0000000084300000|100%| O|  |TAMS 0x0000000084200000| PB 0x0000000084200000| Untracked 
|  67|0x0000000084300000, 0x0000000084400000, 0x0000000084400000|100%| O|  |TAMS 0x0000000084300000| PB 0x0000000084300000| Untracked 
|  68|0x0000000084400000, 0x0000000084500000, 0x0000000084500000|100%| O|  |TAMS 0x0000000084400000| PB 0x0000000084400000| Untracked 
|  69|0x0000000084500000, 0x0000000084600000, 0x0000000084600000|100%| O|  |TAMS 0x0000000084500000| PB 0x0000000084500000| Untracked 
|  70|0x0000000084600000, 0x0000000084600000, 0x0000000084700000|  0%| F|  |TAMS 0x0000000084600000| PB 0x0000000084600000| Untracked 
|  71|0x0000000084700000, 0x0000000084800000, 0x0000000084800000|100%|HS|  |TAMS 0x0000000084700000| PB 0x0000000084700000| Complete 
|  72|0x0000000084800000, 0x0000000084900000, 0x0000000084900000|100%|HC|  |TAMS 0x0000000084800000| PB 0x0000000084800000| Complete 
|  73|0x0000000084900000, 0x0000000084a00000, 0x0000000084a00000|100%|HS|  |TAMS 0x0000000084900000| PB 0x0000000084900000| Complete 
|  74|0x0000000084a00000, 0x0000000084b00000, 0x0000000084b00000|100%|HS|  |TAMS 0x0000000084a00000| PB 0x0000000084a00000| Complete 
|  75|0x0000000084b00000, 0x0000000084c00000, 0x0000000084c00000|100%|HS|  |TAMS 0x0000000084b00000| PB 0x0000000084b00000| Complete 
|  76|0x0000000084c00000, 0x0000000084d00000, 0x0000000084d00000|100%|HC|  |TAMS 0x0000000084c00000| PB 0x0000000084c00000| Complete 
|  77|0x0000000084d00000, 0x0000000084e00000, 0x0000000084e00000|100%| O|  |TAMS 0x0000000084d00000| PB 0x0000000084d00000| Untracked 
|  78|0x0000000084e00000, 0x0000000084f00000, 0x0000000084f00000|100%| O|  |TAMS 0x0000000084e00000| PB 0x0000000084e00000| Untracked 
|  79|0x0000000084f00000, 0x0000000085000000, 0x0000000085000000|100%| O|  |TAMS 0x0000000084f00000| PB 0x0000000084f00000| Untracked 
|  80|0x0000000085000000, 0x0000000085100000, 0x0000000085100000|100%|HS|  |TAMS 0x0000000085000000| PB 0x0000000085000000| Complete 
|  81|0x0000000085100000, 0x0000000085200000, 0x0000000085200000|100%|HS|  |TAMS 0x0000000085100000| PB 0x0000000085100000| Complete 
|  82|0x0000000085200000, 0x0000000085300000, 0x0000000085300000|100%| O|  |TAMS 0x0000000085200000| PB 0x0000000085200000| Untracked 
|  83|0x0000000085300000, 0x0000000085400000, 0x0000000085400000|100%| O|  |TAMS 0x0000000085300000| PB 0x0000000085300000| Untracked 
|  84|0x0000000085400000, 0x0000000085500000, 0x0000000085500000|100%| O|  |TAMS 0x0000000085400000| PB 0x0000000085400000| Untracked 
|  85|0x0000000085500000, 0x0000000085600000, 0x0000000085600000|100%| O|  |TAMS 0x0000000085500000| PB 0x0000000085500000| Untracked 
|  86|0x0000000085600000, 0x0000000085700000, 0x0000000085700000|100%| O|  |TAMS 0x0000000085600000| PB 0x0000000085600000| Untracked 
|  87|0x0000000085700000, 0x0000000085800000, 0x0000000085800000|100%| O|  |TAMS 0x0000000085700000| PB 0x0000000085700000| Untracked 
|  88|0x0000000085800000, 0x0000000085900000, 0x0000000085900000|100%|HS|  |TAMS 0x0000000085800000| PB 0x0000000085800000| Complete 
|  89|0x0000000085900000, 0x0000000085a00000, 0x0000000085a00000|100%| O|  |TAMS 0x0000000085900000| PB 0x0000000085900000| Untracked 
|  90|0x0000000085a00000, 0x0000000085b00000, 0x0000000085b00000|100%| O|  |TAMS 0x0000000085a00000| PB 0x0000000085a00000| Untracked 
|  91|0x0000000085b00000, 0x0000000085c00000, 0x0000000085c00000|100%| O|  |TAMS 0x0000000085b00000| PB 0x0000000085b00000| Untracked 
|  92|0x0000000085c00000, 0x0000000085d00000, 0x0000000085d00000|100%| O|  |TAMS 0x0000000085c00000| PB 0x0000000085c00000| Untracked 
|  93|0x0000000085d00000, 0x0000000085e00000, 0x0000000085e00000|100%| O|  |TAMS 0x0000000085d00000| PB 0x0000000085d00000| Untracked 
|  94|0x0000000085e00000, 0x0000000085f00000, 0x0000000085f00000|100%| O|  |TAMS 0x0000000085e00000| PB 0x0000000085e00000| Untracked 
|  95|0x0000000085f00000, 0x0000000086000000, 0x0000000086000000|100%| O|  |TAMS 0x0000000085f00000| PB 0x0000000085f00000| Untracked 
|  96|0x0000000086000000, 0x0000000086100000, 0x0000000086100000|100%| O|  |TAMS 0x0000000086000000| PB 0x0000000086000000| Untracked 
|  97|0x0000000086100000, 0x0000000086200000, 0x0000000086200000|100%| O|  |TAMS 0x0000000086100000| PB 0x0000000086100000| Untracked 
|  98|0x0000000086200000, 0x0000000086300000, 0x0000000086300000|100%| O|  |TAMS 0x0000000086200000| PB 0x0000000086200000| Untracked 
|  99|0x0000000086300000, 0x0000000086400000, 0x0000000086400000|100%| O|  |TAMS 0x0000000086300000| PB 0x0000000086300000| Untracked 
| 100|0x0000000086400000, 0x0000000086500000, 0x0000000086500000|100%| O|  |TAMS 0x0000000086400000| PB 0x0000000086400000| Untracked 
| 101|0x0000000086500000, 0x0000000086600000, 0x0000000086600000|100%| O|  |TAMS 0x0000000086500000| PB 0x0000000086500000| Untracked 
| 102|0x0000000086600000, 0x0000000086700000, 0x0000000086700000|100%| O|  |TAMS 0x0000000086600000| PB 0x0000000086600000| Untracked 
| 103|0x0000000086700000, 0x0000000086800000, 0x0000000086800000|100%| O|  |TAMS 0x0000000086700000| PB 0x0000000086700000| Untracked 
| 104|0x0000000086800000, 0x0000000086900000, 0x0000000086900000|100%| O|  |TAMS 0x0000000086800000| PB 0x0000000086800000| Untracked 
| 105|0x0000000086900000, 0x0000000086a00000, 0x0000000086a00000|100%| O|  |TAMS 0x0000000086900000| PB 0x0000000086900000| Untracked 
| 106|0x0000000086a00000, 0x0000000086b00000, 0x0000000086b00000|100%| O|  |TAMS 0x0000000086a00000| PB 0x0000000086a00000| Untracked 
| 107|0x0000000086b00000, 0x0000000086c00000, 0x0000000086c00000|100%| O|  |TAMS 0x0000000086b00000| PB 0x0000000086b00000| Untracked 
| 108|0x0000000086c00000, 0x0000000086d00000, 0x0000000086d00000|100%| O|  |TAMS 0x0000000086c00000| PB 0x0000000086c00000| Untracked 
| 109|0x0000000086d00000, 0x0000000086e00000, 0x0000000086e00000|100%| O|  |TAMS 0x0000000086d00000| PB 0x0000000086d00000| Untracked 
| 110|0x0000000086e00000, 0x0000000086f00000, 0x0000000086f00000|100%| O|  |TAMS 0x0000000086e00000| PB 0x0000000086e00000| Untracked 
| 111|0x0000000086f00000, 0x0000000087000000, 0x0000000087000000|100%| O|  |TAMS 0x0000000086f00000| PB 0x0000000086f00000| Untracked 
| 112|0x0000000087000000, 0x0000000087100000, 0x0000000087100000|100%| O|  |TAMS 0x0000000087000000| PB 0x0000000087000000| Untracked 
| 113|0x0000000087100000, 0x0000000087200000, 0x0000000087200000|100%| O|  |TAMS 0x0000000087100000| PB 0x0000000087100000| Untracked 
| 114|0x0000000087200000, 0x0000000087300000, 0x0000000087300000|100%| O|  |TAMS 0x0000000087200000| PB 0x0000000087200000| Untracked 
| 115|0x0000000087300000, 0x0000000087400000, 0x0000000087400000|100%| O|  |TAMS 0x0000000087300000| PB 0x0000000087300000| Untracked 
| 116|0x0000000087400000, 0x0000000087500000, 0x0000000087500000|100%| O|  |TAMS 0x0000000087400000| PB 0x0000000087400000| Untracked 
| 117|0x0000000087500000, 0x0000000087600000, 0x0000000087600000|100%| O|  |TAMS 0x0000000087500000| PB 0x0000000087500000| Untracked 
| 118|0x0000000087600000, 0x0000000087700000, 0x0000000087700000|100%| O|  |TAMS 0x0000000087600000| PB 0x0000000087600000| Untracked 
| 119|0x0000000087700000, 0x0000000087800000, 0x0000000087800000|100%| O|  |TAMS 0x0000000087700000| PB 0x0000000087700000| Untracked 
| 120|0x0000000087800000, 0x0000000087900000, 0x0000000087900000|100%| O|  |TAMS 0x0000000087800000| PB 0x0000000087800000| Untracked 
| 121|0x0000000087900000, 0x0000000087a00000, 0x0000000087a00000|100%| O|  |TAMS 0x0000000087900000| PB 0x0000000087900000| Untracked 
| 122|0x0000000087a00000, 0x0000000087b00000, 0x0000000087b00000|100%| O|  |TAMS 0x0000000087a00000| PB 0x0000000087a00000| Untracked 
| 123|0x0000000087b00000, 0x0000000087c00000, 0x0000000087c00000|100%| O|  |TAMS 0x0000000087b00000| PB 0x0000000087b00000| Untracked 
| 124|0x0000000087c00000, 0x0000000087d00000, 0x0000000087d00000|100%| O|  |TAMS 0x0000000087c00000| PB 0x0000000087c00000| Untracked 
| 125|0x0000000087d00000, 0x0000000087e00000, 0x0000000087e00000|100%| O|  |TAMS 0x0000000087d00000| PB 0x0000000087d00000| Untracked 
| 126|0x0000000087e00000, 0x0000000087f00000, 0x0000000087f00000|100%| O|  |TAMS 0x0000000087e00000| PB 0x0000000087e00000| Untracked 
| 127|0x0000000087f00000, 0x0000000088000000, 0x0000000088000000|100%| O|  |TAMS 0x0000000087f00000| PB 0x0000000087f00000| Untracked 
| 128|0x0000000088000000, 0x0000000088000000, 0x0000000088100000|  0%| F|  |TAMS 0x0000000088000000| PB 0x0000000088000000| Untracked 
| 129|0x0000000088100000, 0x0000000088200000, 0x0000000088200000|100%| O|  |TAMS 0x0000000088100000| PB 0x0000000088100000| Untracked 
| 130|0x0000000088200000, 0x0000000088300000, 0x0000000088300000|100%| O|  |TAMS 0x0000000088200000| PB 0x0000000088200000| Untracked 
| 131|0x0000000088300000, 0x0000000088400000, 0x0000000088400000|100%| O|  |TAMS 0x0000000088300000| PB 0x0000000088300000| Untracked 
| 132|0x0000000088400000, 0x0000000088500000, 0x0000000088500000|100%| O|  |TAMS 0x0000000088400000| PB 0x0000000088400000| Untracked 
| 133|0x0000000088500000, 0x0000000088600000, 0x0000000088600000|100%| O|  |TAMS 0x0000000088500000| PB 0x0000000088500000| Untracked 
| 134|0x0000000088600000, 0x0000000088700000, 0x0000000088700000|100%| O|  |TAMS 0x0000000088600000| PB 0x0000000088600000| Untracked 
| 135|0x0000000088700000, 0x0000000088800000, 0x0000000088800000|100%| O|  |TAMS 0x0000000088700000| PB 0x0000000088700000| Untracked 
| 136|0x0000000088800000, 0x0000000088900000, 0x0000000088900000|100%| O|  |TAMS 0x0000000088800000| PB 0x0000000088800000| Untracked 
| 137|0x0000000088900000, 0x0000000088a00000, 0x0000000088a00000|100%| O|  |TAMS 0x0000000088900000| PB 0x0000000088900000| Untracked 
| 138|0x0000000088a00000, 0x0000000088b00000, 0x0000000088b00000|100%| O|  |TAMS 0x0000000088a00000| PB 0x0000000088a00000| Untracked 
| 139|0x0000000088b00000, 0x0000000088c00000, 0x0000000088c00000|100%| O|  |TAMS 0x0000000088b00000| PB 0x0000000088b00000| Untracked 
| 140|0x0000000088c00000, 0x0000000088d00000, 0x0000000088d00000|100%| O|  |TAMS 0x0000000088c00000| PB 0x0000000088c00000| Untracked 
| 141|0x0000000088d00000, 0x0000000088e00000, 0x0000000088e00000|100%| O|  |TAMS 0x0000000088d00000| PB 0x0000000088d00000| Untracked 
| 142|0x0000000088e00000, 0x0000000088f00000, 0x0000000088f00000|100%| O|  |TAMS 0x0000000088e00000| PB 0x0000000088e00000| Untracked 
| 143|0x0000000088f00000, 0x0000000089000000, 0x0000000089000000|100%| O|  |TAMS 0x0000000088f00000| PB 0x0000000088f00000| Untracked 
| 144|0x0000000089000000, 0x0000000089100000, 0x0000000089100000|100%| O|  |TAMS 0x0000000089000000| PB 0x0000000089000000| Untracked 
| 145|0x0000000089100000, 0x0000000089200000, 0x0000000089200000|100%| O|  |TAMS 0x0000000089100000| PB 0x0000000089100000| Untracked 
| 146|0x0000000089200000, 0x0000000089300000, 0x0000000089300000|100%| O|  |TAMS 0x0000000089200000| PB 0x0000000089200000| Untracked 
| 147|0x0000000089300000, 0x0000000089400000, 0x0000000089400000|100%| O|  |TAMS 0x0000000089300000| PB 0x0000000089300000| Untracked 
| 148|0x0000000089400000, 0x0000000089500000, 0x0000000089500000|100%| O|  |TAMS 0x0000000089400000| PB 0x0000000089400000| Untracked 
| 149|0x0000000089500000, 0x0000000089600000, 0x0000000089600000|100%| O|  |TAMS 0x0000000089500000| PB 0x0000000089500000| Untracked 
| 150|0x0000000089600000, 0x0000000089700000, 0x0000000089700000|100%| O|  |TAMS 0x0000000089600000| PB 0x0000000089600000| Untracked 
| 151|0x0000000089700000, 0x0000000089800000, 0x0000000089800000|100%|HS|  |TAMS 0x0000000089700000| PB 0x0000000089700000| Complete 
| 152|0x0000000089800000, 0x0000000089900000, 0x0000000089900000|100%|HC|  |TAMS 0x0000000089800000| PB 0x0000000089800000| Complete 
| 153|0x0000000089900000, 0x0000000089a00000, 0x0000000089a00000|100%| O|  |TAMS 0x0000000089900000| PB 0x0000000089900000| Untracked 
| 154|0x0000000089a00000, 0x0000000089b00000, 0x0000000089b00000|100%| O|  |TAMS 0x0000000089a00000| PB 0x0000000089a00000| Untracked 
| 155|0x0000000089b00000, 0x0000000089c00000, 0x0000000089c00000|100%| O|  |TAMS 0x0000000089b00000| PB 0x0000000089b00000| Untracked 
| 156|0x0000000089c00000, 0x0000000089d00000, 0x0000000089d00000|100%| O|  |TAMS 0x0000000089c00000| PB 0x0000000089c00000| Untracked 
| 157|0x0000000089d00000, 0x0000000089e00000, 0x0000000089e00000|100%| O|  |TAMS 0x0000000089d00000| PB 0x0000000089d00000| Untracked 
| 158|0x0000000089e00000, 0x0000000089f00000, 0x0000000089f00000|100%|HS|  |TAMS 0x0000000089e00000| PB 0x0000000089e00000| Complete 
| 159|0x0000000089f00000, 0x000000008a000000, 0x000000008a000000|100%|HC|  |TAMS 0x0000000089f00000| PB 0x0000000089f00000| Complete 
| 160|0x000000008a000000, 0x000000008a100000, 0x000000008a100000|100%|HC|  |TAMS 0x000000008a000000| PB 0x000000008a000000| Complete 
| 161|0x000000008a100000, 0x000000008a200000, 0x000000008a200000|100%|HC|  |TAMS 0x000000008a100000| PB 0x000000008a100000| Complete 
| 162|0x000000008a200000, 0x000000008a300000, 0x000000008a300000|100%|HS|  |TAMS 0x000000008a200000| PB 0x000000008a200000| Complete 
| 163|0x000000008a300000, 0x000000008a400000, 0x000000008a400000|100%|HC|  |TAMS 0x000000008a300000| PB 0x000000008a300000| Complete 
| 164|0x000000008a400000, 0x000000008a500000, 0x000000008a500000|100%|HS|  |TAMS 0x000000008a400000| PB 0x000000008a400000| Complete 
| 165|0x000000008a500000, 0x000000008a600000, 0x000000008a600000|100%|HC|  |TAMS 0x000000008a500000| PB 0x000000008a500000| Complete 
| 166|0x000000008a600000, 0x000000008a700000, 0x000000008a700000|100%|HS|  |TAMS 0x000000008a600000| PB 0x000000008a600000| Complete 
| 167|0x000000008a700000, 0x000000008a800000, 0x000000008a800000|100%|HC|  |TAMS 0x000000008a700000| PB 0x000000008a700000| Complete 
| 168|0x000000008a800000, 0x000000008a800000, 0x000000008a900000|  0%| F|  |TAMS 0x000000008a800000| PB 0x000000008a800000| Untracked 
| 169|0x000000008a900000, 0x000000008aa00000, 0x000000008aa00000|100%| O|  |TAMS 0x000000008a900000| PB 0x000000008a900000| Untracked 
| 170|0x000000008aa00000, 0x000000008ab00000, 0x000000008ab00000|100%| O|Cm|TAMS 0x000000008aa00000| PB 0x000000008aa00000| Complete 
| 171|0x000000008ab00000, 0x000000008ac00000, 0x000000008ac00000|100%| O|  |TAMS 0x000000008ab00000| PB 0x000000008ab00000| Untracked 
| 172|0x000000008ac00000, 0x000000008ac00000, 0x000000008ad00000|  0%| F|  |TAMS 0x000000008ac00000| PB 0x000000008ac00000| Untracked 
| 173|0x000000008ad00000, 0x000000008ad00000, 0x000000008ae00000|  0%| F|  |TAMS 0x000000008ad00000| PB 0x000000008ad00000| Untracked 
| 174|0x000000008ae00000, 0x000000008af00000, 0x000000008af00000|100%| O|  |TAMS 0x000000008ae00000| PB 0x000000008ae00000| Untracked 
| 175|0x000000008af00000, 0x000000008b000000, 0x000000008b000000|100%| O|  |TAMS 0x000000008af00000| PB 0x000000008af00000| Untracked 
| 176|0x000000008b000000, 0x000000008b100000, 0x000000008b100000|100%| O|  |TAMS 0x000000008b000000| PB 0x000000008b000000| Untracked 
| 177|0x000000008b100000, 0x000000008b200000, 0x000000008b200000|100%|HS|  |TAMS 0x000000008b100000| PB 0x000000008b100000| Complete 
| 178|0x000000008b200000, 0x000000008b300000, 0x000000008b300000|100%|HC|  |TAMS 0x000000008b200000| PB 0x000000008b200000| Complete 
| 179|0x000000008b300000, 0x000000008b400000, 0x000000008b400000|100%|HC|  |TAMS 0x000000008b300000| PB 0x000000008b300000| Complete 
| 180|0x000000008b400000, 0x000000008b500000, 0x000000008b500000|100%| O|  |TAMS 0x000000008b400000| PB 0x000000008b400000| Untracked 
| 181|0x000000008b500000, 0x000000008b600000, 0x000000008b600000|100%| O|  |TAMS 0x000000008b500000| PB 0x000000008b500000| Untracked 
| 182|0x000000008b600000, 0x000000008b700000, 0x000000008b700000|100%| O|  |TAMS 0x000000008b600000| PB 0x000000008b600000| Untracked 
| 183|0x000000008b700000, 0x000000008b800000, 0x000000008b800000|100%| O|  |TAMS 0x000000008b700000| PB 0x000000008b700000| Untracked 
| 184|0x000000008b800000, 0x000000008b900000, 0x000000008b900000|100%| O|  |TAMS 0x000000008b800000| PB 0x000000008b800000| Untracked 
| 185|0x000000008b900000, 0x000000008ba00000, 0x000000008ba00000|100%| O|  |TAMS 0x000000008b900000| PB 0x000000008b900000| Untracked 
| 186|0x000000008ba00000, 0x000000008bb00000, 0x000000008bb00000|100%| O|  |TAMS 0x000000008ba00000| PB 0x000000008ba00000| Untracked 
| 187|0x000000008bb00000, 0x000000008bc00000, 0x000000008bc00000|100%| O|  |TAMS 0x000000008bb00000| PB 0x000000008bb00000| Untracked 
| 188|0x000000008bc00000, 0x000000008bd00000, 0x000000008bd00000|100%| O|  |TAMS 0x000000008bc00000| PB 0x000000008bc00000| Untracked 
| 189|0x000000008bd00000, 0x000000008be00000, 0x000000008be00000|100%| O|  |TAMS 0x000000008bd00000| PB 0x000000008bd00000| Untracked 
| 190|0x000000008be00000, 0x000000008bf00000, 0x000000008bf00000|100%| O|  |TAMS 0x000000008be00000| PB 0x000000008be00000| Untracked 
| 191|0x000000008bf00000, 0x000000008c000000, 0x000000008c000000|100%| O|  |TAMS 0x000000008bf00000| PB 0x000000008bf00000| Untracked 
| 192|0x000000008c000000, 0x000000008c100000, 0x000000008c100000|100%| O|  |TAMS 0x000000008c000000| PB 0x000000008c000000| Untracked 
| 193|0x000000008c100000, 0x000000008c200000, 0x000000008c200000|100%| O|  |TAMS 0x000000008c100000| PB 0x000000008c100000| Untracked 
| 194|0x000000008c200000, 0x000000008c300000, 0x000000008c300000|100%| O|  |TAMS 0x000000008c200000| PB 0x000000008c200000| Untracked 
| 195|0x000000008c300000, 0x000000008c400000, 0x000000008c400000|100%| O|  |TAMS 0x000000008c300000| PB 0x000000008c300000| Untracked 
| 196|0x000000008c400000, 0x000000008c500000, 0x000000008c500000|100%| O|  |TAMS 0x000000008c400000| PB 0x000000008c400000| Untracked 
| 197|0x000000008c500000, 0x000000008c600000, 0x000000008c600000|100%| O|  |TAMS 0x000000008c500000| PB 0x000000008c500000| Untracked 
| 198|0x000000008c600000, 0x000000008c700000, 0x000000008c700000|100%| O|  |TAMS 0x000000008c600000| PB 0x000000008c600000| Untracked 
| 199|0x000000008c700000, 0x000000008c800000, 0x000000008c800000|100%| O|  |TAMS 0x000000008c700000| PB 0x000000008c700000| Untracked 
| 200|0x000000008c800000, 0x000000008c900000, 0x000000008c900000|100%| O|Cm|TAMS 0x000000008c800000| PB 0x000000008c800000| Complete 
| 201|0x000000008c900000, 0x000000008ca00000, 0x000000008ca00000|100%| O|Cm|TAMS 0x000000008c900000| PB 0x000000008c900000| Complete 
| 202|0x000000008ca00000, 0x000000008cb00000, 0x000000008cb00000|100%| O|  |TAMS 0x000000008ca00000| PB 0x000000008ca00000| Untracked 
| 203|0x000000008cb00000, 0x000000008cc00000, 0x000000008cc00000|100%| O|  |TAMS 0x000000008cb00000| PB 0x000000008cb00000| Untracked 
| 204|0x000000008cc00000, 0x000000008cd00000, 0x000000008cd00000|100%| O|Cm|TAMS 0x000000008cc00000| PB 0x000000008cc00000| Complete 
| 205|0x000000008cd00000, 0x000000008ce00000, 0x000000008ce00000|100%| O|Cm|TAMS 0x000000008cd00000| PB 0x000000008cd00000| Complete 
| 206|0x000000008ce00000, 0x000000008cf00000, 0x000000008cf00000|100%| O|Cm|TAMS 0x000000008ce00000| PB 0x000000008ce00000| Complete 
| 207|0x000000008cf00000, 0x000000008d000000, 0x000000008d000000|100%| O|Cm|TAMS 0x000000008cf00000| PB 0x000000008cf00000| Complete 
| 208|0x000000008d000000, 0x000000008d100000, 0x000000008d100000|100%| O|  |TAMS 0x000000008d000000| PB 0x000000008d000000| Untracked 
| 209|0x000000008d100000, 0x000000008d200000, 0x000000008d200000|100%| O|  |TAMS 0x000000008d100000| PB 0x000000008d100000| Untracked 
| 210|0x000000008d200000, 0x000000008d300000, 0x000000008d300000|100%| O|  |TAMS 0x000000008d200000| PB 0x000000008d200000| Untracked 
| 211|0x000000008d300000, 0x000000008d400000, 0x000000008d400000|100%| O|Cm|TAMS 0x000000008d300000| PB 0x000000008d300000| Complete 
| 212|0x000000008d400000, 0x000000008d500000, 0x000000008d500000|100%| O|Cm|TAMS 0x000000008d400000| PB 0x000000008d400000| Complete 
| 213|0x000000008d500000, 0x000000008d600000, 0x000000008d600000|100%| O|Cm|TAMS 0x000000008d500000| PB 0x000000008d500000| Complete 
| 214|0x000000008d600000, 0x000000008d700000, 0x000000008d700000|100%| O|  |TAMS 0x000000008d600000| PB 0x000000008d600000| Untracked 
| 215|0x000000008d700000, 0x000000008d800000, 0x000000008d800000|100%| O|Cm|TAMS 0x000000008d700000| PB 0x000000008d700000| Complete 
| 216|0x000000008d800000, 0x000000008d900000, 0x000000008d900000|100%| O|Cm|TAMS 0x000000008d800000| PB 0x000000008d800000| Complete 
| 217|0x000000008d900000, 0x000000008da00000, 0x000000008da00000|100%| O|Cm|TAMS 0x000000008d900000| PB 0x000000008d900000| Complete 
| 218|0x000000008da00000, 0x000000008db00000, 0x000000008db00000|100%| O|Cm|TAMS 0x000000008da00000| PB 0x000000008da00000| Complete 
| 219|0x000000008db00000, 0x000000008dc00000, 0x000000008dc00000|100%| O|Cm|TAMS 0x000000008db00000| PB 0x000000008db00000| Complete 
| 220|0x000000008dc00000, 0x000000008dd00000, 0x000000008dd00000|100%| O|Cm|TAMS 0x000000008dc00000| PB 0x000000008dc00000| Complete 
| 221|0x000000008dd00000, 0x000000008de00000, 0x000000008de00000|100%| O|Cm|TAMS 0x000000008dd00000| PB 0x000000008dd00000| Complete 
| 222|0x000000008de00000, 0x000000008df00000, 0x000000008df00000|100%| O|Cm|TAMS 0x000000008de00000| PB 0x000000008de00000| Complete 
| 223|0x000000008df00000, 0x000000008e000000, 0x000000008e000000|100%| O|Cm|TAMS 0x000000008df00000| PB 0x000000008df00000| Complete 
| 224|0x000000008e000000, 0x000000008e100000, 0x000000008e100000|100%| O|  |TAMS 0x000000008e000000| PB 0x000000008e000000| Untracked 
| 225|0x000000008e100000, 0x000000008e200000, 0x000000008e200000|100%| O|Cm|TAMS 0x000000008e100000| PB 0x000000008e100000| Complete 
| 226|0x000000008e200000, 0x000000008e300000, 0x000000008e300000|100%| O|Cm|TAMS 0x000000008e200000| PB 0x000000008e200000| Complete 
| 227|0x000000008e300000, 0x000000008e400000, 0x000000008e400000|100%| O|  |TAMS 0x000000008e300000| PB 0x000000008e300000| Untracked 
| 228|0x000000008e400000, 0x000000008e500000, 0x000000008e500000|100%| O|  |TAMS 0x000000008e400000| PB 0x000000008e400000| Untracked 
| 229|0x000000008e500000, 0x000000008e600000, 0x000000008e600000|100%| O|  |TAMS 0x000000008e500000| PB 0x000000008e500000| Untracked 
| 230|0x000000008e600000, 0x000000008e700000, 0x000000008e700000|100%| O|Cm|TAMS 0x000000008e600000| PB 0x000000008e600000| Complete 
| 231|0x000000008e700000, 0x000000008e800000, 0x000000008e800000|100%| O|Cm|TAMS 0x000000008e700000| PB 0x000000008e700000| Complete 
| 232|0x000000008e800000, 0x000000008e900000, 0x000000008e900000|100%| O|Cm|TAMS 0x000000008e800000| PB 0x000000008e800000| Complete 
| 233|0x000000008e900000, 0x000000008e900000, 0x000000008ea00000|  0%| F|  |TAMS 0x000000008e900000| PB 0x000000008e900000| Untracked 
| 234|0x000000008ea00000, 0x000000008eb00000, 0x000000008eb00000|100%| O|Cm|TAMS 0x000000008ea00000| PB 0x000000008ea00000| Complete 
| 235|0x000000008eb00000, 0x000000008eb00000, 0x000000008ec00000|  0%| F|  |TAMS 0x000000008eb00000| PB 0x000000008eb00000| Untracked 
| 236|0x000000008ec00000, 0x000000008ec00000, 0x000000008ed00000|  0%| F|  |TAMS 0x000000008ec00000| PB 0x000000008ec00000| Untracked 
| 237|0x000000008ed00000, 0x000000008ee00000, 0x000000008ee00000|100%| O|  |TAMS 0x000000008ed00000| PB 0x000000008ed00000| Untracked 
| 238|0x000000008ee00000, 0x000000008ee00000, 0x000000008ef00000|  0%| F|  |TAMS 0x000000008ee00000| PB 0x000000008ee00000| Untracked 
| 239|0x000000008ef00000, 0x000000008ef00000, 0x000000008f000000|  0%| F|  |TAMS 0x000000008ef00000| PB 0x000000008ef00000| Untracked 
| 240|0x000000008f000000, 0x000000008f000000, 0x000000008f100000|  0%| F|  |TAMS 0x000000008f000000| PB 0x000000008f000000| Untracked 
| 241|0x000000008f100000, 0x000000008f100000, 0x000000008f200000|  0%| F|  |TAMS 0x000000008f100000| PB 0x000000008f100000| Untracked 
| 242|0x000000008f200000, 0x000000008f300000, 0x000000008f300000|100%| O|  |TAMS 0x000000008f200000| PB 0x000000008f200000| Untracked 
| 243|0x000000008f300000, 0x000000008f400000, 0x000000008f400000|100%| O|  |TAMS 0x000000008f300000| PB 0x000000008f300000| Untracked 
| 244|0x000000008f400000, 0x000000008f500000, 0x000000008f500000|100%|HS|  |TAMS 0x000000008f400000| PB 0x000000008f400000| Complete 
| 245|0x000000008f500000, 0x000000008f500000, 0x000000008f600000|  0%| F|  |TAMS 0x000000008f500000| PB 0x000000008f500000| Untracked 
| 246|0x000000008f600000, 0x000000008f600000, 0x000000008f700000|  0%| F|  |TAMS 0x000000008f600000| PB 0x000000008f600000| Untracked 
| 247|0x000000008f700000, 0x000000008f700000, 0x000000008f800000|  0%| F|  |TAMS 0x000000008f700000| PB 0x000000008f700000| Untracked 
| 248|0x000000008f800000, 0x000000008f800000, 0x000000008f900000|  0%| F|  |TAMS 0x000000008f800000| PB 0x000000008f800000| Untracked 
| 249|0x000000008f900000, 0x000000008f900000, 0x000000008fa00000|  0%| F|  |TAMS 0x000000008f900000| PB 0x000000008f900000| Untracked 
| 250|0x000000008fa00000, 0x000000008fa00000, 0x000000008fb00000|  0%| F|  |TAMS 0x000000008fa00000| PB 0x000000008fa00000| Untracked 
| 251|0x000000008fb00000, 0x000000008fb00000, 0x000000008fc00000|  0%| F|  |TAMS 0x000000008fb00000| PB 0x000000008fb00000| Untracked 
| 252|0x000000008fc00000, 0x000000008fc00000, 0x000000008fd00000|  0%| F|  |TAMS 0x000000008fc00000| PB 0x000000008fc00000| Untracked 
| 253|0x000000008fd00000, 0x000000008fe00000, 0x000000008fe00000|100%| O|Cm|TAMS 0x000000008fd00000| PB 0x000000008fd00000| Complete 
| 254|0x000000008fe00000, 0x000000008ff00000, 0x000000008ff00000|100%| O|Cm|TAMS 0x000000008fe00000| PB 0x000000008fe00000| Complete 
| 255|0x000000008ff00000, 0x0000000090000000, 0x0000000090000000|100%| O|Cm|TAMS 0x000000008ff00000| PB 0x000000008ff00000| Complete 
| 256|0x0000000090000000, 0x0000000090100000, 0x0000000090100000|100%|HS|  |TAMS 0x0000000090000000| PB 0x0000000090000000| Complete 
| 257|0x0000000090100000, 0x0000000090200000, 0x0000000090200000|100%| O|Cm|TAMS 0x0000000090100000| PB 0x0000000090100000| Complete 
| 258|0x0000000090200000, 0x0000000090300000, 0x0000000090300000|100%| O|Cm|TAMS 0x0000000090200000| PB 0x0000000090200000| Complete 
| 259|0x0000000090300000, 0x0000000090300000, 0x0000000090400000|  0%| F|  |TAMS 0x0000000090300000| PB 0x0000000090300000| Untracked 
| 260|0x0000000090400000, 0x0000000090500000, 0x0000000090500000|100%| O|  |TAMS 0x0000000090400000| PB 0x0000000090400000| Untracked 
| 261|0x0000000090500000, 0x0000000090500000, 0x0000000090600000|  0%| F|  |TAMS 0x0000000090500000| PB 0x0000000090500000| Untracked 
| 262|0x0000000090600000, 0x0000000090600000, 0x0000000090700000|  0%| F|  |TAMS 0x0000000090600000| PB 0x0000000090600000| Untracked 
| 263|0x0000000090700000, 0x0000000090700000, 0x0000000090800000|  0%| F|  |TAMS 0x0000000090700000| PB 0x0000000090700000| Untracked 
| 264|0x0000000090800000, 0x0000000090800000, 0x0000000090900000|  0%| F|  |TAMS 0x0000000090800000| PB 0x0000000090800000| Untracked 
| 265|0x0000000090900000, 0x0000000090a00000, 0x0000000090a00000|100%| O|Cm|TAMS 0x0000000090900000| PB 0x0000000090900000| Complete 
| 266|0x0000000090a00000, 0x0000000090b00000, 0x0000000090b00000|100%|HS|  |TAMS 0x0000000090a00000| PB 0x0000000090a00000| Complete 
| 267|0x0000000090b00000, 0x0000000090c00000, 0x0000000090c00000|100%|HS|  |TAMS 0x0000000090b00000| PB 0x0000000090b00000| Complete 
| 268|0x0000000090c00000, 0x0000000090d00000, 0x0000000090d00000|100%|HS|  |TAMS 0x0000000090c00000| PB 0x0000000090c00000| Complete 
| 269|0x0000000090d00000, 0x0000000090e00000, 0x0000000090e00000|100%|HC|  |TAMS 0x0000000090d00000| PB 0x0000000090d00000| Complete 
| 270|0x0000000090e00000, 0x0000000090e00000, 0x0000000090f00000|  0%| F|  |TAMS 0x0000000090e00000| PB 0x0000000090e00000| Untracked 
| 271|0x0000000090f00000, 0x0000000090f00000, 0x0000000091000000|  0%| F|  |TAMS 0x0000000090f00000| PB 0x0000000090f00000| Untracked 
| 272|0x0000000091000000, 0x0000000091100000, 0x0000000091100000|100%| O|Cm|TAMS 0x0000000091000000| PB 0x0000000091000000| Complete 
| 273|0x0000000091100000, 0x0000000091200000, 0x0000000091200000|100%| O|Cm|TAMS 0x0000000091100000| PB 0x0000000091100000| Complete 
| 274|0x0000000091200000, 0x0000000091300000, 0x0000000091300000|100%| O|Cm|TAMS 0x0000000091200000| PB 0x0000000091200000| Complete 
| 275|0x0000000091300000, 0x0000000091400000, 0x0000000091400000|100%| O|Cm|TAMS 0x0000000091300000| PB 0x0000000091300000| Complete 
| 276|0x0000000091400000, 0x0000000091500000, 0x0000000091500000|100%| O|Cm|TAMS 0x0000000091400000| PB 0x0000000091400000| Complete 
| 277|0x0000000091500000, 0x0000000091600000, 0x0000000091600000|100%| O|Cm|TAMS 0x0000000091500000| PB 0x0000000091500000| Complete 
| 278|0x0000000091600000, 0x0000000091600000, 0x0000000091700000|  0%| F|  |TAMS 0x0000000091600000| PB 0x0000000091600000| Untracked 
| 279|0x0000000091700000, 0x0000000091800000, 0x0000000091800000|100%| O|Cm|TAMS 0x0000000091700000| PB 0x0000000091700000| Complete 
| 280|0x0000000091800000, 0x0000000091900000, 0x0000000091900000|100%| O|Cm|TAMS 0x0000000091800000| PB 0x0000000091800000| Complete 
| 281|0x0000000091900000, 0x0000000091a00000, 0x0000000091a00000|100%|HS|  |TAMS 0x0000000091900000| PB 0x0000000091900000| Complete 
| 282|0x0000000091a00000, 0x0000000091b00000, 0x0000000091b00000|100%|HC|  |TAMS 0x0000000091a00000| PB 0x0000000091a00000| Complete 
| 283|0x0000000091b00000, 0x0000000091c00000, 0x0000000091c00000|100%|HC|  |TAMS 0x0000000091b00000| PB 0x0000000091b00000| Complete 
| 284|0x0000000091c00000, 0x0000000091d00000, 0x0000000091d00000|100%|HC|  |TAMS 0x0000000091c00000| PB 0x0000000091c00000| Complete 
| 285|0x0000000091d00000, 0x0000000091e00000, 0x0000000091e00000|100%|HC|  |TAMS 0x0000000091d00000| PB 0x0000000091d00000| Complete 
| 286|0x0000000091e00000, 0x0000000091f00000, 0x0000000091f00000|100%|HC|  |TAMS 0x0000000091e00000| PB 0x0000000091e00000| Complete 
| 287|0x0000000091f00000, 0x0000000092000000, 0x0000000092000000|100%|HC|  |TAMS 0x0000000091f00000| PB 0x0000000091f00000| Complete 
| 288|0x0000000092000000, 0x0000000092100000, 0x0000000092100000|100%|HC|  |TAMS 0x0000000092000000| PB 0x0000000092000000| Complete 
| 289|0x0000000092100000, 0x0000000092200000, 0x0000000092200000|100%|HC|  |TAMS 0x0000000092100000| PB 0x0000000092100000| Complete 
| 290|0x0000000092200000, 0x0000000092300000, 0x0000000092300000|100%|HC|  |TAMS 0x0000000092200000| PB 0x0000000092200000| Complete 
| 291|0x0000000092300000, 0x0000000092300000, 0x0000000092400000|  0%| F|  |TAMS 0x0000000092300000| PB 0x0000000092300000| Untracked 
| 292|0x0000000092400000, 0x0000000092500000, 0x0000000092500000|100%| O|Cm|TAMS 0x0000000092400000| PB 0x0000000092400000| Complete 
| 293|0x0000000092500000, 0x0000000092600000, 0x0000000092600000|100%| O|Cm|TAMS 0x0000000092500000| PB 0x0000000092500000| Complete 
| 294|0x0000000092600000, 0x0000000092700000, 0x0000000092700000|100%| O|Cm|TAMS 0x0000000092600000| PB 0x0000000092600000| Complete 
| 295|0x0000000092700000, 0x0000000092800000, 0x0000000092800000|100%|HS|  |TAMS 0x0000000092700000| PB 0x0000000092700000| Complete 
| 296|0x0000000092800000, 0x0000000092900000, 0x0000000092900000|100%|HC|  |TAMS 0x0000000092800000| PB 0x0000000092800000| Complete 
| 297|0x0000000092900000, 0x0000000092a00000, 0x0000000092a00000|100%|HC|  |TAMS 0x0000000092900000| PB 0x0000000092900000| Complete 
| 298|0x0000000092a00000, 0x0000000092b00000, 0x0000000092b00000|100%|HC|  |TAMS 0x0000000092a00000| PB 0x0000000092a00000| Complete 
| 299|0x0000000092b00000, 0x0000000092c00000, 0x0000000092c00000|100%|HC|  |TAMS 0x0000000092b00000| PB 0x0000000092b00000| Complete 
| 300|0x0000000092c00000, 0x0000000092d00000, 0x0000000092d00000|100%|HC|  |TAMS 0x0000000092c00000| PB 0x0000000092c00000| Complete 
| 301|0x0000000092d00000, 0x0000000092e00000, 0x0000000092e00000|100%|HC|  |TAMS 0x0000000092d00000| PB 0x0000000092d00000| Complete 
| 302|0x0000000092e00000, 0x0000000092f00000, 0x0000000092f00000|100%|HC|  |TAMS 0x0000000092e00000| PB 0x0000000092e00000| Complete 
| 303|0x0000000092f00000, 0x0000000093000000, 0x0000000093000000|100%|HC|  |TAMS 0x0000000092f00000| PB 0x0000000092f00000| Complete 
| 304|0x0000000093000000, 0x0000000093100000, 0x0000000093100000|100%|HC|  |TAMS 0x0000000093000000| PB 0x0000000093000000| Complete 
| 305|0x0000000093100000, 0x0000000093200000, 0x0000000093200000|100%|HC|  |TAMS 0x0000000093100000| PB 0x0000000093100000| Complete 
| 306|0x0000000093200000, 0x0000000093300000, 0x0000000093300000|100%|HC|  |TAMS 0x0000000093200000| PB 0x0000000093200000| Complete 
| 307|0x0000000093300000, 0x0000000093400000, 0x0000000093400000|100%|HC|  |TAMS 0x0000000093300000| PB 0x0000000093300000| Complete 
| 308|0x0000000093400000, 0x0000000093500000, 0x0000000093500000|100%|HC|  |TAMS 0x0000000093400000| PB 0x0000000093400000| Complete 
| 309|0x0000000093500000, 0x0000000093600000, 0x0000000093600000|100%|HC|  |TAMS 0x0000000093500000| PB 0x0000000093500000| Complete 
| 310|0x0000000093600000, 0x0000000093700000, 0x0000000093700000|100%|HC|  |TAMS 0x0000000093600000| PB 0x0000000093600000| Complete 
| 311|0x0000000093700000, 0x0000000093800000, 0x0000000093800000|100%|HC|  |TAMS 0x0000000093700000| PB 0x0000000093700000| Complete 
| 312|0x0000000093800000, 0x0000000093900000, 0x0000000093900000|100%|HC|  |TAMS 0x0000000093800000| PB 0x0000000093800000| Complete 
| 313|0x0000000093900000, 0x0000000093a00000, 0x0000000093a00000|100%|HC|  |TAMS 0x0000000093900000| PB 0x0000000093900000| Complete 
| 314|0x0000000093a00000, 0x0000000093b00000, 0x0000000093b00000|100%|HC|  |TAMS 0x0000000093a00000| PB 0x0000000093a00000| Complete 
| 315|0x0000000093b00000, 0x0000000093c00000, 0x0000000093c00000|100%|HC|  |TAMS 0x0000000093b00000| PB 0x0000000093b00000| Complete 
| 316|0x0000000093c00000, 0x0000000093d00000, 0x0000000093d00000|100%|HC|  |TAMS 0x0000000093c00000| PB 0x0000000093c00000| Complete 
| 317|0x0000000093d00000, 0x0000000093e00000, 0x0000000093e00000|100%|HC|  |TAMS 0x0000000093d00000| PB 0x0000000093d00000| Complete 
| 318|0x0000000093e00000, 0x0000000093f00000, 0x0000000093f00000|100%|HC|  |TAMS 0x0000000093e00000| PB 0x0000000093e00000| Complete 
| 319|0x0000000093f00000, 0x0000000094000000, 0x0000000094000000|100%|HC|  |TAMS 0x0000000093f00000| PB 0x0000000093f00000| Complete 
| 320|0x0000000094000000, 0x0000000094100000, 0x0000000094100000|100%|HC|  |TAMS 0x0000000094000000| PB 0x0000000094000000| Complete 
| 321|0x0000000094100000, 0x0000000094200000, 0x0000000094200000|100%|HC|  |TAMS 0x0000000094100000| PB 0x0000000094100000| Complete 
| 322|0x0000000094200000, 0x0000000094300000, 0x0000000094300000|100%|HC|  |TAMS 0x0000000094200000| PB 0x0000000094200000| Complete 
| 323|0x0000000094300000, 0x0000000094400000, 0x0000000094400000|100%|HC|  |TAMS 0x0000000094300000| PB 0x0000000094300000| Complete 
| 324|0x0000000094400000, 0x0000000094500000, 0x0000000094500000|100%|HC|  |TAMS 0x0000000094400000| PB 0x0000000094400000| Complete 
| 325|0x0000000094500000, 0x0000000094600000, 0x0000000094600000|100%|HC|  |TAMS 0x0000000094500000| PB 0x0000000094500000| Complete 
| 326|0x0000000094600000, 0x0000000094700000, 0x0000000094700000|100%|HC|  |TAMS 0x0000000094600000| PB 0x0000000094600000| Complete 
| 327|0x0000000094700000, 0x0000000094800000, 0x0000000094800000|100%|HC|  |TAMS 0x0000000094700000| PB 0x0000000094700000| Complete 
| 328|0x0000000094800000, 0x0000000094900000, 0x0000000094900000|100%|HC|  |TAMS 0x0000000094800000| PB 0x0000000094800000| Complete 
| 329|0x0000000094900000, 0x0000000094a00000, 0x0000000094a00000|100%|HC|  |TAMS 0x0000000094900000| PB 0x0000000094900000| Complete 
| 330|0x0000000094a00000, 0x0000000094b00000, 0x0000000094b00000|100%|HC|  |TAMS 0x0000000094a00000| PB 0x0000000094a00000| Complete 
| 331|0x0000000094b00000, 0x0000000094b00000, 0x0000000094c00000|  0%| F|  |TAMS 0x0000000094b00000| PB 0x0000000094b00000| Untracked 
| 332|0x0000000094c00000, 0x0000000094c00000, 0x0000000094d00000|  0%| F|  |TAMS 0x0000000094c00000| PB 0x0000000094c00000| Untracked 
| 333|0x0000000094d00000, 0x0000000094d00000, 0x0000000094e00000|  0%| F|  |TAMS 0x0000000094d00000| PB 0x0000000094d00000| Untracked 
| 334|0x0000000094e00000, 0x0000000094e00000, 0x0000000094f00000|  0%| F|  |TAMS 0x0000000094e00000| PB 0x0000000094e00000| Untracked 
| 335|0x0000000094f00000, 0x0000000094f00000, 0x0000000095000000|  0%| F|  |TAMS 0x0000000094f00000| PB 0x0000000094f00000| Untracked 
| 336|0x0000000095000000, 0x0000000095000000, 0x0000000095100000|  0%| F|  |TAMS 0x0000000095000000| PB 0x0000000095000000| Untracked 
| 337|0x0000000095100000, 0x0000000095100000, 0x0000000095200000|  0%| F|  |TAMS 0x0000000095100000| PB 0x0000000095100000| Untracked 
| 338|0x0000000095200000, 0x0000000095200000, 0x0000000095300000|  0%| F|  |TAMS 0x0000000095200000| PB 0x0000000095200000| Untracked 
| 339|0x0000000095300000, 0x0000000095300000, 0x0000000095400000|  0%| F|  |TAMS 0x0000000095300000| PB 0x0000000095300000| Untracked 
| 340|0x0000000095400000, 0x0000000095400000, 0x0000000095500000|  0%| F|  |TAMS 0x0000000095400000| PB 0x0000000095400000| Untracked 
| 341|0x0000000095500000, 0x0000000095500000, 0x0000000095600000|  0%| F|  |TAMS 0x0000000095500000| PB 0x0000000095500000| Untracked 
| 342|0x0000000095600000, 0x0000000095600000, 0x0000000095700000|  0%| F|  |TAMS 0x0000000095600000| PB 0x0000000095600000| Untracked 
| 343|0x0000000095700000, 0x0000000095700000, 0x0000000095800000|  0%| F|  |TAMS 0x0000000095700000| PB 0x0000000095700000| Untracked 
| 344|0x0000000095800000, 0x0000000095800000, 0x0000000095900000|  0%| F|  |TAMS 0x0000000095800000| PB 0x0000000095800000| Untracked 
| 345|0x0000000095900000, 0x0000000095900000, 0x0000000095a00000|  0%| F|  |TAMS 0x0000000095900000| PB 0x0000000095900000| Untracked 
| 346|0x0000000095a00000, 0x0000000095a00000, 0x0000000095b00000|  0%| F|  |TAMS 0x0000000095a00000| PB 0x0000000095a00000| Untracked 
| 347|0x0000000095b00000, 0x0000000095b00000, 0x0000000095c00000|  0%| F|  |TAMS 0x0000000095b00000| PB 0x0000000095b00000| Untracked 
| 348|0x0000000095c00000, 0x0000000095c00000, 0x0000000095d00000|  0%| F|  |TAMS 0x0000000095c00000| PB 0x0000000095c00000| Untracked 
| 349|0x0000000095d00000, 0x0000000095d00000, 0x0000000095e00000|  0%| F|  |TAMS 0x0000000095d00000| PB 0x0000000095d00000| Untracked 
| 350|0x0000000095e00000, 0x0000000095e00000, 0x0000000095f00000|  0%| F|  |TAMS 0x0000000095e00000| PB 0x0000000095e00000| Untracked 
| 351|0x0000000095f00000, 0x0000000095f505e8, 0x0000000096000000| 31%| S|CS|TAMS 0x0000000095f00000| PB 0x0000000095f00000| Complete 
| 352|0x0000000096000000, 0x0000000096100000, 0x0000000096100000|100%| S|CS|TAMS 0x0000000096000000| PB 0x0000000096000000| Complete 
| 353|0x0000000096100000, 0x0000000096200000, 0x0000000096200000|100%| S|CS|TAMS 0x0000000096100000| PB 0x0000000096100000| Complete 
| 354|0x0000000096200000, 0x0000000096300000, 0x0000000096300000|100%| S|CS|TAMS 0x0000000096200000| PB 0x0000000096200000| Complete 
| 355|0x0000000096300000, 0x0000000096400000, 0x0000000096400000|100%| S|CS|TAMS 0x0000000096300000| PB 0x0000000096300000| Complete 
| 356|0x0000000096400000, 0x0000000096500000, 0x0000000096500000|100%| S|CS|TAMS 0x0000000096400000| PB 0x0000000096400000| Complete 
| 357|0x0000000096500000, 0x0000000096600000, 0x0000000096600000|100%| S|CS|TAMS 0x0000000096500000| PB 0x0000000096500000| Complete 
| 358|0x0000000096600000, 0x0000000096700000, 0x0000000096700000|100%| S|CS|TAMS 0x0000000096600000| PB 0x0000000096600000| Complete 
| 359|0x0000000096700000, 0x0000000096800000, 0x0000000096800000|100%| S|CS|TAMS 0x0000000096700000| PB 0x0000000096700000| Complete 
| 360|0x0000000096800000, 0x0000000096900000, 0x0000000096900000|100%| S|CS|TAMS 0x0000000096800000| PB 0x0000000096800000| Complete 
| 361|0x0000000096900000, 0x0000000096a00000, 0x0000000096a00000|100%| S|CS|TAMS 0x0000000096900000| PB 0x0000000096900000| Complete 
| 362|0x0000000096a00000, 0x0000000096a00000, 0x0000000096b00000|  0%| F|  |TAMS 0x0000000096a00000| PB 0x0000000096a00000| Untracked 
| 363|0x0000000096b00000, 0x0000000096b00000, 0x0000000096c00000|  0%| F|  |TAMS 0x0000000096b00000| PB 0x0000000096b00000| Untracked 
| 364|0x0000000096c00000, 0x0000000096c00000, 0x0000000096d00000|  0%| F|  |TAMS 0x0000000096c00000| PB 0x0000000096c00000| Untracked 
| 365|0x0000000096d00000, 0x0000000096d00000, 0x0000000096e00000|  0%| F|  |TAMS 0x0000000096d00000| PB 0x0000000096d00000| Untracked 
| 366|0x0000000096e00000, 0x0000000096e00000, 0x0000000096f00000|  0%| F|  |TAMS 0x0000000096e00000| PB 0x0000000096e00000| Untracked 
| 367|0x0000000096f00000, 0x0000000096f00000, 0x0000000097000000|  0%| F|  |TAMS 0x0000000096f00000| PB 0x0000000096f00000| Untracked 
| 368|0x0000000097000000, 0x0000000097000000, 0x0000000097100000|  0%| F|  |TAMS 0x0000000097000000| PB 0x0000000097000000| Untracked 
| 369|0x0000000097100000, 0x0000000097100000, 0x0000000097200000|  0%| F|  |TAMS 0x0000000097100000| PB 0x0000000097100000| Untracked 
| 370|0x0000000097200000, 0x0000000097200000, 0x0000000097300000|  0%| F|  |TAMS 0x0000000097200000| PB 0x0000000097200000| Untracked 
| 371|0x0000000097300000, 0x0000000097300000, 0x0000000097400000|  0%| F|  |TAMS 0x0000000097300000| PB 0x0000000097300000| Untracked 
| 372|0x0000000097400000, 0x0000000097400000, 0x0000000097500000|  0%| F|  |TAMS 0x0000000097400000| PB 0x0000000097400000| Untracked 
| 373|0x0000000097500000, 0x0000000097500000, 0x0000000097600000|  0%| F|  |TAMS 0x0000000097500000| PB 0x0000000097500000| Untracked 
| 374|0x0000000097600000, 0x0000000097600000, 0x0000000097700000|  0%| F|  |TAMS 0x0000000097600000| PB 0x0000000097600000| Untracked 
| 375|0x0000000097700000, 0x0000000097700000, 0x0000000097800000|  0%| F|  |TAMS 0x0000000097700000| PB 0x0000000097700000| Untracked 
| 376|0x0000000097800000, 0x0000000097800000, 0x0000000097900000|  0%| F|  |TAMS 0x0000000097800000| PB 0x0000000097800000| Untracked 
| 377|0x0000000097900000, 0x0000000097900000, 0x0000000097a00000|  0%| F|  |TAMS 0x0000000097900000| PB 0x0000000097900000| Untracked 
| 378|0x0000000097a00000, 0x0000000097a00000, 0x0000000097b00000|  0%| F|  |TAMS 0x0000000097a00000| PB 0x0000000097a00000| Untracked 
| 379|0x0000000097b00000, 0x0000000097b00000, 0x0000000097c00000|  0%| F|  |TAMS 0x0000000097b00000| PB 0x0000000097b00000| Untracked 
| 380|0x0000000097c00000, 0x0000000097c00000, 0x0000000097d00000|  0%| F|  |TAMS 0x0000000097c00000| PB 0x0000000097c00000| Untracked 
| 381|0x0000000097d00000, 0x0000000097d00000, 0x0000000097e00000|  0%| F|  |TAMS 0x0000000097d00000| PB 0x0000000097d00000| Untracked 
| 382|0x0000000097e00000, 0x0000000097e00000, 0x0000000097f00000|  0%| F|  |TAMS 0x0000000097e00000| PB 0x0000000097e00000| Untracked 
| 383|0x0000000097f00000, 0x0000000097f00000, 0x0000000098000000|  0%| F|  |TAMS 0x0000000097f00000| PB 0x0000000097f00000| Untracked 
| 384|0x0000000098000000, 0x0000000098000000, 0x0000000098100000|  0%| F|  |TAMS 0x0000000098000000| PB 0x0000000098000000| Untracked 
| 385|0x0000000098100000, 0x0000000098100000, 0x0000000098200000|  0%| F|  |TAMS 0x0000000098100000| PB 0x0000000098100000| Untracked 
| 386|0x0000000098200000, 0x0000000098200000, 0x0000000098300000|  0%| F|  |TAMS 0x0000000098200000| PB 0x0000000098200000| Untracked 
| 387|0x0000000098300000, 0x0000000098400000, 0x0000000098400000|100%| E|  |TAMS 0x0000000098300000| PB 0x0000000098300000| Complete 
| 388|0x0000000098400000, 0x0000000098500000, 0x0000000098500000|100%| E|CS|TAMS 0x0000000098400000| PB 0x0000000098400000| Complete 
| 389|0x0000000098500000, 0x0000000098600000, 0x0000000098600000|100%| E|  |TAMS 0x0000000098500000| PB 0x0000000098500000| Complete 
| 390|0x0000000098600000, 0x0000000098700000, 0x0000000098700000|100%| E|CS|TAMS 0x0000000098600000| PB 0x0000000098600000| Complete 
| 391|0x0000000098700000, 0x0000000098800000, 0x0000000098800000|100%| E|CS|TAMS 0x0000000098700000| PB 0x0000000098700000| Complete 
| 392|0x0000000098800000, 0x0000000098900000, 0x0000000098900000|100%| E|CS|TAMS 0x0000000098800000| PB 0x0000000098800000| Complete 
| 393|0x0000000098900000, 0x0000000098a00000, 0x0000000098a00000|100%| E|CS|TAMS 0x0000000098900000| PB 0x0000000098900000| Complete 
| 394|0x0000000098a00000, 0x0000000098b00000, 0x0000000098b00000|100%| E|CS|TAMS 0x0000000098a00000| PB 0x0000000098a00000| Complete 
| 395|0x0000000098b00000, 0x0000000098c00000, 0x0000000098c00000|100%| E|CS|TAMS 0x0000000098b00000| PB 0x0000000098b00000| Complete 
| 396|0x0000000098c00000, 0x0000000098d00000, 0x0000000098d00000|100%| E|CS|TAMS 0x0000000098c00000| PB 0x0000000098c00000| Complete 
| 397|0x0000000098d00000, 0x0000000098e00000, 0x0000000098e00000|100%| E|CS|TAMS 0x0000000098d00000| PB 0x0000000098d00000| Complete 
| 398|0x0000000098e00000, 0x0000000098f00000, 0x0000000098f00000|100%| E|CS|TAMS 0x0000000098e00000| PB 0x0000000098e00000| Complete 
| 399|0x0000000098f00000, 0x0000000099000000, 0x0000000099000000|100%| E|CS|TAMS 0x0000000098f00000| PB 0x0000000098f00000| Complete 
| 400|0x0000000099000000, 0x0000000099100000, 0x0000000099100000|100%| E|CS|TAMS 0x0000000099000000| PB 0x0000000099000000| Complete 
| 401|0x0000000099100000, 0x0000000099200000, 0x0000000099200000|100%| E|CS|TAMS 0x0000000099100000| PB 0x0000000099100000| Complete 
| 402|0x0000000099200000, 0x0000000099300000, 0x0000000099300000|100%| E|CS|TAMS 0x0000000099200000| PB 0x0000000099200000| Complete 
| 403|0x0000000099300000, 0x0000000099400000, 0x0000000099400000|100%| E|CS|TAMS 0x0000000099300000| PB 0x0000000099300000| Complete 
| 404|0x0000000099400000, 0x0000000099500000, 0x0000000099500000|100%| E|CS|TAMS 0x0000000099400000| PB 0x0000000099400000| Complete 
| 405|0x0000000099500000, 0x0000000099600000, 0x0000000099600000|100%| E|CS|TAMS 0x0000000099500000| PB 0x0000000099500000| Complete 
| 406|0x0000000099600000, 0x0000000099700000, 0x0000000099700000|100%| E|CS|TAMS 0x0000000099600000| PB 0x0000000099600000| Complete 
| 407|0x0000000099700000, 0x0000000099800000, 0x0000000099800000|100%| E|CS|TAMS 0x0000000099700000| PB 0x0000000099700000| Complete 
| 408|0x0000000099800000, 0x0000000099900000, 0x0000000099900000|100%| E|CS|TAMS 0x0000000099800000| PB 0x0000000099800000| Complete 
| 409|0x0000000099900000, 0x0000000099a00000, 0x0000000099a00000|100%| E|CS|TAMS 0x0000000099900000| PB 0x0000000099900000| Complete 
| 410|0x0000000099a00000, 0x0000000099b00000, 0x0000000099b00000|100%| E|CS|TAMS 0x0000000099a00000| PB 0x0000000099a00000| Complete 
| 411|0x0000000099b00000, 0x0000000099c00000, 0x0000000099c00000|100%| E|CS|TAMS 0x0000000099b00000| PB 0x0000000099b00000| Complete 
| 412|0x0000000099c00000, 0x0000000099d00000, 0x0000000099d00000|100%| E|CS|TAMS 0x0000000099c00000| PB 0x0000000099c00000| Complete 
| 413|0x0000000099d00000, 0x0000000099e00000, 0x0000000099e00000|100%| E|CS|TAMS 0x0000000099d00000| PB 0x0000000099d00000| Complete 
| 414|0x0000000099e00000, 0x0000000099f00000, 0x0000000099f00000|100%| E|CS|TAMS 0x0000000099e00000| PB 0x0000000099e00000| Complete 
| 415|0x0000000099f00000, 0x000000009a000000, 0x000000009a000000|100%| E|CS|TAMS 0x0000000099f00000| PB 0x0000000099f00000| Complete 
| 416|0x000000009a000000, 0x000000009a100000, 0x000000009a100000|100%| E|CS|TAMS 0x000000009a000000| PB 0x000000009a000000| Complete 
| 417|0x000000009a100000, 0x000000009a200000, 0x000000009a200000|100%| E|CS|TAMS 0x000000009a100000| PB 0x000000009a100000| Complete 
| 418|0x000000009a200000, 0x000000009a300000, 0x000000009a300000|100%| E|CS|TAMS 0x000000009a200000| PB 0x000000009a200000| Complete 
| 419|0x000000009a300000, 0x000000009a400000, 0x000000009a400000|100%| E|CS|TAMS 0x000000009a300000| PB 0x000000009a300000| Complete 
| 420|0x000000009a400000, 0x000000009a500000, 0x000000009a500000|100%| E|CS|TAMS 0x000000009a400000| PB 0x000000009a400000| Complete 
| 421|0x000000009a500000, 0x000000009a600000, 0x000000009a600000|100%| E|CS|TAMS 0x000000009a500000| PB 0x000000009a500000| Complete 
| 422|0x000000009a600000, 0x000000009a700000, 0x000000009a700000|100%| E|CS|TAMS 0x000000009a600000| PB 0x000000009a600000| Complete 
| 423|0x000000009a700000, 0x000000009a800000, 0x000000009a800000|100%| E|CS|TAMS 0x000000009a700000| PB 0x000000009a700000| Complete 
| 424|0x000000009a800000, 0x000000009a900000, 0x000000009a900000|100%| E|CS|TAMS 0x000000009a800000| PB 0x000000009a800000| Complete 
| 425|0x000000009a900000, 0x000000009aa00000, 0x000000009aa00000|100%| E|CS|TAMS 0x000000009a900000| PB 0x000000009a900000| Complete 
| 426|0x000000009aa00000, 0x000000009ab00000, 0x000000009ab00000|100%| E|CS|TAMS 0x000000009aa00000| PB 0x000000009aa00000| Complete 
| 427|0x000000009ab00000, 0x000000009ac00000, 0x000000009ac00000|100%| E|CS|TAMS 0x000000009ab00000| PB 0x000000009ab00000| Complete 
| 428|0x000000009ac00000, 0x000000009ad00000, 0x000000009ad00000|100%| E|CS|TAMS 0x000000009ac00000| PB 0x000000009ac00000| Complete 
| 429|0x000000009ad00000, 0x000000009ae00000, 0x000000009ae00000|100%| E|CS|TAMS 0x000000009ad00000| PB 0x000000009ad00000| Complete 
| 430|0x000000009ae00000, 0x000000009af00000, 0x000000009af00000|100%| E|CS|TAMS 0x000000009ae00000| PB 0x000000009ae00000| Complete 
| 431|0x000000009af00000, 0x000000009b000000, 0x000000009b000000|100%| E|CS|TAMS 0x000000009af00000| PB 0x000000009af00000| Complete 
| 432|0x000000009b000000, 0x000000009b100000, 0x000000009b100000|100%| E|CS|TAMS 0x000000009b000000| PB 0x000000009b000000| Complete 
| 433|0x000000009b100000, 0x000000009b200000, 0x000000009b200000|100%| E|CS|TAMS 0x000000009b100000| PB 0x000000009b100000| Complete 
| 434|0x000000009b200000, 0x000000009b300000, 0x000000009b300000|100%| E|CS|TAMS 0x000000009b200000| PB 0x000000009b200000| Complete 
| 435|0x000000009b300000, 0x000000009b400000, 0x000000009b400000|100%| E|CS|TAMS 0x000000009b300000| PB 0x000000009b300000| Complete 
| 436|0x000000009b400000, 0x000000009b500000, 0x000000009b500000|100%| E|CS|TAMS 0x000000009b400000| PB 0x000000009b400000| Complete 
| 437|0x000000009b500000, 0x000000009b600000, 0x000000009b600000|100%| E|CS|TAMS 0x000000009b500000| PB 0x000000009b500000| Complete 
| 438|0x000000009b600000, 0x000000009b700000, 0x000000009b700000|100%| E|CS|TAMS 0x000000009b600000| PB 0x000000009b600000| Complete 
| 439|0x000000009b700000, 0x000000009b800000, 0x000000009b800000|100%| E|CS|TAMS 0x000000009b700000| PB 0x000000009b700000| Complete 
| 440|0x000000009b800000, 0x000000009b900000, 0x000000009b900000|100%| E|CS|TAMS 0x000000009b800000| PB 0x000000009b800000| Complete 
| 441|0x000000009b900000, 0x000000009ba00000, 0x000000009ba00000|100%| E|CS|TAMS 0x000000009b900000| PB 0x000000009b900000| Complete 
| 442|0x000000009ba00000, 0x000000009bb00000, 0x000000009bb00000|100%| E|CS|TAMS 0x000000009ba00000| PB 0x000000009ba00000| Complete 
| 443|0x000000009bb00000, 0x000000009bc00000, 0x000000009bc00000|100%| E|CS|TAMS 0x000000009bb00000| PB 0x000000009bb00000| Complete 
| 444|0x000000009bc00000, 0x000000009bd00000, 0x000000009bd00000|100%| E|CS|TAMS 0x000000009bc00000| PB 0x000000009bc00000| Complete 
| 445|0x000000009bd00000, 0x000000009be00000, 0x000000009be00000|100%| E|CS|TAMS 0x000000009bd00000| PB 0x000000009bd00000| Complete 
| 446|0x000000009be00000, 0x000000009bf00000, 0x000000009bf00000|100%| E|CS|TAMS 0x000000009be00000| PB 0x000000009be00000| Complete 
| 447|0x000000009bf00000, 0x000000009c000000, 0x000000009c000000|100%| E|CS|TAMS 0x000000009bf00000| PB 0x000000009bf00000| Complete 
| 448|0x000000009c000000, 0x000000009c100000, 0x000000009c100000|100%| E|CS|TAMS 0x000000009c000000| PB 0x000000009c000000| Complete 
| 449|0x000000009c100000, 0x000000009c200000, 0x000000009c200000|100%| E|CS|TAMS 0x000000009c100000| PB 0x000000009c100000| Complete 
| 450|0x000000009c200000, 0x000000009c300000, 0x000000009c300000|100%| E|CS|TAMS 0x000000009c200000| PB 0x000000009c200000| Complete 
| 451|0x000000009c300000, 0x000000009c400000, 0x000000009c400000|100%| E|CS|TAMS 0x000000009c300000| PB 0x000000009c300000| Complete 
| 452|0x000000009c400000, 0x000000009c500000, 0x000000009c500000|100%| E|CS|TAMS 0x000000009c400000| PB 0x000000009c400000| Complete 
| 453|0x000000009c500000, 0x000000009c600000, 0x000000009c600000|100%| E|CS|TAMS 0x000000009c500000| PB 0x000000009c500000| Complete 
| 454|0x000000009c600000, 0x000000009c700000, 0x000000009c700000|100%| E|CS|TAMS 0x000000009c600000| PB 0x000000009c600000| Complete 
| 455|0x000000009c700000, 0x000000009c800000, 0x000000009c800000|100%| E|CS|TAMS 0x000000009c700000| PB 0x000000009c700000| Complete 
| 456|0x000000009c800000, 0x000000009c900000, 0x000000009c900000|100%| E|CS|TAMS 0x000000009c800000| PB 0x000000009c800000| Complete 
| 457|0x000000009c900000, 0x000000009ca00000, 0x000000009ca00000|100%| E|CS|TAMS 0x000000009c900000| PB 0x000000009c900000| Complete 
| 458|0x000000009ca00000, 0x000000009cb00000, 0x000000009cb00000|100%| E|CS|TAMS 0x000000009ca00000| PB 0x000000009ca00000| Complete 
| 459|0x000000009cb00000, 0x000000009cc00000, 0x000000009cc00000|100%| E|CS|TAMS 0x000000009cb00000| PB 0x000000009cb00000| Complete 
| 460|0x000000009cc00000, 0x000000009cd00000, 0x000000009cd00000|100%| E|CS|TAMS 0x000000009cc00000| PB 0x000000009cc00000| Complete 
| 461|0x000000009cd00000, 0x000000009ce00000, 0x000000009ce00000|100%| E|CS|TAMS 0x000000009cd00000| PB 0x000000009cd00000| Complete 
| 462|0x000000009ce00000, 0x000000009cf00000, 0x000000009cf00000|100%| E|CS|TAMS 0x000000009ce00000| PB 0x000000009ce00000| Complete 
| 463|0x000000009cf00000, 0x000000009d000000, 0x000000009d000000|100%| E|CS|TAMS 0x000000009cf00000| PB 0x000000009cf00000| Complete 
| 464|0x000000009d000000, 0x000000009d100000, 0x000000009d100000|100%| E|CS|TAMS 0x000000009d000000| PB 0x000000009d000000| Complete 
| 465|0x000000009d100000, 0x000000009d200000, 0x000000009d200000|100%| E|CS|TAMS 0x000000009d100000| PB 0x000000009d100000| Complete 
| 466|0x000000009d200000, 0x000000009d300000, 0x000000009d300000|100%| E|CS|TAMS 0x000000009d200000| PB 0x000000009d200000| Complete 
| 467|0x000000009d300000, 0x000000009d400000, 0x000000009d400000|100%| E|CS|TAMS 0x000000009d300000| PB 0x000000009d300000| Complete 
| 468|0x000000009d400000, 0x000000009d500000, 0x000000009d500000|100%| E|CS|TAMS 0x000000009d400000| PB 0x000000009d400000| Complete 
| 469|0x000000009d500000, 0x000000009d600000, 0x000000009d600000|100%| E|CS|TAMS 0x000000009d500000| PB 0x000000009d500000| Complete 
| 470|0x000000009d600000, 0x000000009d700000, 0x000000009d700000|100%| E|CS|TAMS 0x000000009d600000| PB 0x000000009d600000| Complete 
| 471|0x000000009d700000, 0x000000009d800000, 0x000000009d800000|100%| E|CS|TAMS 0x000000009d700000| PB 0x000000009d700000| Complete 
| 472|0x000000009d800000, 0x000000009d900000, 0x000000009d900000|100%| E|CS|TAMS 0x000000009d800000| PB 0x000000009d800000| Complete 
| 473|0x000000009d900000, 0x000000009da00000, 0x000000009da00000|100%| E|CS|TAMS 0x000000009d900000| PB 0x000000009d900000| Complete 
| 474|0x000000009da00000, 0x000000009db00000, 0x000000009db00000|100%| E|CS|TAMS 0x000000009da00000| PB 0x000000009da00000| Complete 
| 475|0x000000009db00000, 0x000000009dc00000, 0x000000009dc00000|100%| E|CS|TAMS 0x000000009db00000| PB 0x000000009db00000| Complete 
| 476|0x000000009dc00000, 0x000000009dd00000, 0x000000009dd00000|100%| E|CS|TAMS 0x000000009dc00000| PB 0x000000009dc00000| Complete 
| 477|0x000000009dd00000, 0x000000009de00000, 0x000000009de00000|100%| E|CS|TAMS 0x000000009dd00000| PB 0x000000009dd00000| Complete 
| 478|0x000000009de00000, 0x000000009df00000, 0x000000009df00000|100%| E|CS|TAMS 0x000000009de00000| PB 0x000000009de00000| Complete 
| 479|0x000000009df00000, 0x000000009e000000, 0x000000009e000000|100%| E|CS|TAMS 0x000000009df00000| PB 0x000000009df00000| Complete 
| 480|0x000000009e000000, 0x000000009e100000, 0x000000009e100000|100%| E|CS|TAMS 0x000000009e000000| PB 0x000000009e000000| Complete 
| 481|0x000000009e100000, 0x000000009e200000, 0x000000009e200000|100%| E|CS|TAMS 0x000000009e100000| PB 0x000000009e100000| Complete 
| 482|0x000000009e200000, 0x000000009e300000, 0x000000009e300000|100%| E|CS|TAMS 0x000000009e200000| PB 0x000000009e200000| Complete 
| 483|0x000000009e300000, 0x000000009e400000, 0x000000009e400000|100%| E|CS|TAMS 0x000000009e300000| PB 0x000000009e300000| Complete 
| 484|0x000000009e400000, 0x000000009e500000, 0x000000009e500000|100%| E|CS|TAMS 0x000000009e400000| PB 0x000000009e400000| Complete 
| 485|0x000000009e500000, 0x000000009e600000, 0x000000009e600000|100%| E|CS|TAMS 0x000000009e500000| PB 0x000000009e500000| Complete 
| 486|0x000000009e600000, 0x000000009e700000, 0x000000009e700000|100%| E|CS|TAMS 0x000000009e600000| PB 0x000000009e600000| Complete 
| 487|0x000000009e700000, 0x000000009e800000, 0x000000009e800000|100%| E|CS|TAMS 0x000000009e700000| PB 0x000000009e700000| Complete 
| 488|0x000000009e800000, 0x000000009e900000, 0x000000009e900000|100%| E|CS|TAMS 0x000000009e800000| PB 0x000000009e800000| Complete 
| 489|0x000000009e900000, 0x000000009ea00000, 0x000000009ea00000|100%| E|CS|TAMS 0x000000009e900000| PB 0x000000009e900000| Complete 
| 490|0x000000009ea00000, 0x000000009eb00000, 0x000000009eb00000|100%| E|CS|TAMS 0x000000009ea00000| PB 0x000000009ea00000| Complete 
| 491|0x000000009eb00000, 0x000000009ec00000, 0x000000009ec00000|100%| E|CS|TAMS 0x000000009eb00000| PB 0x000000009eb00000| Complete 
| 492|0x000000009ec00000, 0x000000009ed00000, 0x000000009ed00000|100%| E|CS|TAMS 0x000000009ec00000| PB 0x000000009ec00000| Complete 
| 493|0x000000009ed00000, 0x000000009ee00000, 0x000000009ee00000|100%| E|CS|TAMS 0x000000009ed00000| PB 0x000000009ed00000| Complete 
| 494|0x000000009ee00000, 0x000000009ef00000, 0x000000009ef00000|100%| E|CS|TAMS 0x000000009ee00000| PB 0x000000009ee00000| Complete 
| 495|0x000000009ef00000, 0x000000009f000000, 0x000000009f000000|100%| E|CS|TAMS 0x000000009ef00000| PB 0x000000009ef00000| Complete 
| 496|0x000000009f000000, 0x000000009f100000, 0x000000009f100000|100%| E|CS|TAMS 0x000000009f000000| PB 0x000000009f000000| Complete 
| 497|0x000000009f100000, 0x000000009f200000, 0x000000009f200000|100%| E|CS|TAMS 0x000000009f100000| PB 0x000000009f100000| Complete 
| 498|0x000000009f200000, 0x000000009f300000, 0x000000009f300000|100%| E|CS|TAMS 0x000000009f200000| PB 0x000000009f200000| Complete 
| 499|0x000000009f300000, 0x000000009f400000, 0x000000009f400000|100%| E|CS|TAMS 0x000000009f300000| PB 0x000000009f300000| Complete 
| 500|0x000000009f400000, 0x000000009f500000, 0x000000009f500000|100%| E|CS|TAMS 0x000000009f400000| PB 0x000000009f400000| Complete 
| 501|0x000000009f500000, 0x000000009f600000, 0x000000009f600000|100%| E|CS|TAMS 0x000000009f500000| PB 0x000000009f500000| Complete 
| 502|0x000000009f600000, 0x000000009f600000, 0x000000009f700000|  0%| F|  |TAMS 0x000000009f600000| PB 0x000000009f600000| Untracked 
| 503|0x000000009f700000, 0x000000009f700000, 0x000000009f800000|  0%| F|  |TAMS 0x000000009f700000| PB 0x000000009f700000| Untracked 
| 504|0x000000009f800000, 0x000000009f800000, 0x000000009f900000|  0%| F|  |TAMS 0x000000009f800000| PB 0x000000009f800000| Untracked 
| 505|0x000000009f900000, 0x000000009f900000, 0x000000009fa00000|  0%| F|  |TAMS 0x000000009f900000| PB 0x000000009f900000| Untracked 
| 506|0x000000009fa00000, 0x000000009fa00000, 0x000000009fb00000|  0%| F|  |TAMS 0x000000009fa00000| PB 0x000000009fa00000| Untracked 
| 507|0x000000009fb00000, 0x000000009fb00000, 0x000000009fc00000|  0%| F|  |TAMS 0x000000009fb00000| PB 0x000000009fb00000| Untracked 
| 508|0x000000009fc00000, 0x000000009fc00000, 0x000000009fd00000|  0%| F|  |TAMS 0x000000009fc00000| PB 0x000000009fc00000| Untracked 
| 509|0x000000009fd00000, 0x000000009fd00000, 0x000000009fe00000|  0%| F|  |TAMS 0x000000009fd00000| PB 0x000000009fd00000| Untracked 
| 510|0x000000009fe00000, 0x000000009fe00000, 0x000000009ff00000|  0%| F|  |TAMS 0x000000009fe00000| PB 0x000000009fe00000| Untracked 
| 511|0x000000009ff00000, 0x000000009ff00000, 0x00000000a0000000|  0%| F|  |TAMS 0x000000009ff00000| PB 0x000000009ff00000| Untracked 
| 512|0x00000000a0000000, 0x00000000a0000000, 0x00000000a0100000|  0%| F|  |TAMS 0x00000000a0000000| PB 0x00000000a0000000| Untracked 
| 513|0x00000000a0100000, 0x00000000a0100000, 0x00000000a0200000|  0%| F|  |TAMS 0x00000000a0100000| PB 0x00000000a0100000| Untracked 
| 514|0x00000000a0200000, 0x00000000a0200000, 0x00000000a0300000|  0%| F|  |TAMS 0x00000000a0200000| PB 0x00000000a0200000| Untracked 
| 515|0x00000000a0300000, 0x00000000a0300000, 0x00000000a0400000|  0%| F|  |TAMS 0x00000000a0300000| PB 0x00000000a0300000| Untracked 
| 516|0x00000000a0400000, 0x00000000a0400000, 0x00000000a0500000|  0%| F|  |TAMS 0x00000000a0400000| PB 0x00000000a0400000| Untracked 
| 517|0x00000000a0500000, 0x00000000a0500000, 0x00000000a0600000|  0%| F|  |TAMS 0x00000000a0500000| PB 0x00000000a0500000| Untracked 
| 518|0x00000000a0600000, 0x00000000a0600000, 0x00000000a0700000|  0%| F|  |TAMS 0x00000000a0600000| PB 0x00000000a0600000| Untracked 
| 519|0x00000000a0700000, 0x00000000a0700000, 0x00000000a0800000|  0%| F|  |TAMS 0x00000000a0700000| PB 0x00000000a0700000| Untracked 
| 520|0x00000000a0800000, 0x00000000a0800000, 0x00000000a0900000|  0%| F|  |TAMS 0x00000000a0800000| PB 0x00000000a0800000| Untracked 
|1973|0x00000000fb500000, 0x00000000fb600000, 0x00000000fb600000|100%| O|  |TAMS 0x00000000fb500000| PB 0x00000000fb500000| Untracked 
|1974|0x00000000fb600000, 0x00000000fb700000, 0x00000000fb700000|100%| E|CS|TAMS 0x00000000fb600000| PB 0x00000000fb600000| Complete 
|1975|0x00000000fb700000, 0x00000000fb800000, 0x00000000fb800000|100%| E|CS|TAMS 0x00000000fb700000| PB 0x00000000fb700000| Complete 
|1976|0x00000000fb800000, 0x00000000fb900000, 0x00000000fb900000|100%| E|CS|TAMS 0x00000000fb800000| PB 0x00000000fb800000| Complete 
|1977|0x00000000fb900000, 0x00000000fba00000, 0x00000000fba00000|100%| O|Cm|TAMS 0x00000000fb900000| PB 0x00000000fb900000| Complete 
|1978|0x00000000fba00000, 0x00000000fbb00000, 0x00000000fbb00000|100%| O|Cm|TAMS 0x00000000fba00000| PB 0x00000000fba00000| Complete 
|1979|0x00000000fbb00000, 0x00000000fbc00000, 0x00000000fbc00000|100%| O|Cm|TAMS 0x00000000fbb00000| PB 0x00000000fbb00000| Complete 
|1980|0x00000000fbc00000, 0x00000000fbd00000, 0x00000000fbd00000|100%| O|Cm|TAMS 0x00000000fbc00000| PB 0x00000000fbc00000| Complete 
|1981|0x00000000fbd00000, 0x00000000fbe00000, 0x00000000fbe00000|100%| O|Cm|TAMS 0x00000000fbd00000| PB 0x00000000fbd00000| Complete 
|1982|0x00000000fbe00000, 0x00000000fbf00000, 0x00000000fbf00000|100%| O|Cm|TAMS 0x00000000fbe00000| PB 0x00000000fbe00000| Complete 
|1983|0x00000000fbf00000, 0x00000000fc000000, 0x00000000fc000000|100%| O|Cm|TAMS 0x00000000fbf00000| PB 0x00000000fbf00000| Complete 
|1984|0x00000000fc000000, 0x00000000fc100000, 0x00000000fc100000|100%| O|Cm|TAMS 0x00000000fc000000| PB 0x00000000fc000000| Complete 
|1985|0x00000000fc100000, 0x00000000fc200000, 0x00000000fc200000|100%| O|Cm|TAMS 0x00000000fc100000| PB 0x00000000fc100000| Complete 
|1986|0x00000000fc200000, 0x00000000fc300000, 0x00000000fc300000|100%| O|Cm|TAMS 0x00000000fc200000| PB 0x00000000fc200000| Complete 
|1987|0x00000000fc300000, 0x00000000fc400000, 0x00000000fc400000|100%| O|Cm|TAMS 0x00000000fc300000| PB 0x00000000fc300000| Complete 
|1988|0x00000000fc400000, 0x00000000fc500000, 0x00000000fc500000|100%| O|Cm|TAMS 0x00000000fc400000| PB 0x00000000fc400000| Complete 
|1989|0x00000000fc500000, 0x00000000fc600000, 0x00000000fc600000|100%| O|Cm|TAMS 0x00000000fc500000| PB 0x00000000fc500000| Complete 
|1990|0x00000000fc600000, 0x00000000fc700000, 0x00000000fc700000|100%| O|Cm|TAMS 0x00000000fc600000| PB 0x00000000fc600000| Complete 
|1991|0x00000000fc700000, 0x00000000fc800000, 0x00000000fc800000|100%| O|Cm|TAMS 0x00000000fc700000| PB 0x00000000fc700000| Complete 
|1992|0x00000000fc800000, 0x00000000fc900000, 0x00000000fc900000|100%| O|Cm|TAMS 0x00000000fc800000| PB 0x00000000fc800000| Complete 
|1993|0x00000000fc900000, 0x00000000fca00000, 0x00000000fca00000|100%| O|Cm|TAMS 0x00000000fc900000| PB 0x00000000fc900000| Complete 
|1994|0x00000000fca00000, 0x00000000fcb00000, 0x00000000fcb00000|100%| O|Cm|TAMS 0x00000000fca00000| PB 0x00000000fca00000| Complete 
|1995|0x00000000fcb00000, 0x00000000fcc00000, 0x00000000fcc00000|100%| O|Cm|TAMS 0x00000000fcb00000| PB 0x00000000fcb00000| Complete 
|1996|0x00000000fcc00000, 0x00000000fcd00000, 0x00000000fcd00000|100%| O|Cm|TAMS 0x00000000fcc00000| PB 0x00000000fcc00000| Complete 
|1997|0x00000000fcd00000, 0x00000000fce00000, 0x00000000fce00000|100%| O|Cm|TAMS 0x00000000fcd00000| PB 0x00000000fcd00000| Complete 
|1998|0x00000000fce00000, 0x00000000fcf00000, 0x00000000fcf00000|100%| O|Cm|TAMS 0x00000000fce00000| PB 0x00000000fce00000| Complete 
|1999|0x00000000fcf00000, 0x00000000fd000000, 0x00000000fd000000|100%| O|Cm|TAMS 0x00000000fcf00000| PB 0x00000000fcf00000| Complete 
|2000|0x00000000fd000000, 0x00000000fd100000, 0x00000000fd100000|100%| O|Cm|TAMS 0x00000000fd000000| PB 0x00000000fd000000| Complete 
|2001|0x00000000fd100000, 0x00000000fd200000, 0x00000000fd200000|100%| O|Cm|TAMS 0x00000000fd100000| PB 0x00000000fd100000| Complete 
|2002|0x00000000fd200000, 0x00000000fd300000, 0x00000000fd300000|100%| O|Cm|TAMS 0x00000000fd200000| PB 0x00000000fd200000| Complete 
|2003|0x00000000fd300000, 0x00000000fd400000, 0x00000000fd400000|100%| O|Cm|TAMS 0x00000000fd300000| PB 0x00000000fd300000| Complete 
|2004|0x00000000fd400000, 0x00000000fd500000, 0x00000000fd500000|100%| O|Cm|TAMS 0x00000000fd400000| PB 0x00000000fd400000| Complete 
|2005|0x00000000fd500000, 0x00000000fd600000, 0x00000000fd600000|100%| O|Cm|TAMS 0x00000000fd500000| PB 0x00000000fd500000| Complete 
|2006|0x00000000fd600000, 0x00000000fd700000, 0x00000000fd700000|100%| O|  |TAMS 0x00000000fd600000| PB 0x00000000fd600000| Untracked 
|2007|0x00000000fd700000, 0x00000000fd800000, 0x00000000fd800000|100%| E|CS|TAMS 0x00000000fd700000| PB 0x00000000fd700000| Complete 
|2008|0x00000000fd800000, 0x00000000fd900000, 0x00000000fd900000|100%| E|CS|TAMS 0x00000000fd800000| PB 0x00000000fd800000| Complete 
|2009|0x00000000fd900000, 0x00000000fda00000, 0x00000000fda00000|100%| E|CS|TAMS 0x00000000fd900000| PB 0x00000000fd900000| Complete 
|2010|0x00000000fda00000, 0x00000000fdb00000, 0x00000000fdb00000|100%| E|CS|TAMS 0x00000000fda00000| PB 0x00000000fda00000| Complete 
|2011|0x00000000fdb00000, 0x00000000fdc00000, 0x00000000fdc00000|100%| E|CS|TAMS 0x00000000fdb00000| PB 0x00000000fdb00000| Complete 
|2012|0x00000000fdc00000, 0x00000000fdd00000, 0x00000000fdd00000|100%| E|CS|TAMS 0x00000000fdc00000| PB 0x00000000fdc00000| Complete 
|2013|0x00000000fdd00000, 0x00000000fde00000, 0x00000000fde00000|100%| E|CS|TAMS 0x00000000fdd00000| PB 0x00000000fdd00000| Complete 
|2014|0x00000000fde00000, 0x00000000fdf00000, 0x00000000fdf00000|100%| E|CS|TAMS 0x00000000fde00000| PB 0x00000000fde00000| Complete 
|2015|0x00000000fdf00000, 0x00000000fe000000, 0x00000000fe000000|100%| O|Cm|TAMS 0x00000000fdf00000| PB 0x00000000fdf00000| Complete 
|2016|0x00000000fe000000, 0x00000000fe100000, 0x00000000fe100000|100%| E|CS|TAMS 0x00000000fe000000| PB 0x00000000fe000000| Complete 
|2017|0x00000000fe100000, 0x00000000fe200000, 0x00000000fe200000|100%| E|CS|TAMS 0x00000000fe100000| PB 0x00000000fe100000| Complete 
|2018|0x00000000fe200000, 0x00000000fe300000, 0x00000000fe300000|100%| E|CS|TAMS 0x00000000fe200000| PB 0x00000000fe200000| Complete 
|2019|0x00000000fe300000, 0x00000000fe400000, 0x00000000fe400000|100%| E|CS|TAMS 0x00000000fe300000| PB 0x00000000fe300000| Complete 
|2020|0x00000000fe400000, 0x00000000fe500000, 0x00000000fe500000|100%| E|CS|TAMS 0x00000000fe400000| PB 0x00000000fe400000| Complete 
|2021|0x00000000fe500000, 0x00000000fe600000, 0x00000000fe600000|100%| E|CS|TAMS 0x00000000fe500000| PB 0x00000000fe500000| Complete 
|2022|0x00000000fe600000, 0x00000000fe700000, 0x00000000fe700000|100%| O|Cm|TAMS 0x00000000fe600000| PB 0x00000000fe600000| Complete 
|2023|0x00000000fe700000, 0x00000000fe800000, 0x00000000fe800000|100%| O|  |TAMS 0x00000000fe700000| PB 0x00000000fe700000| Untracked 
|2024|0x00000000fe800000, 0x00000000fe900000, 0x00000000fe900000|100%| O|Cm|TAMS 0x00000000fe800000| PB 0x00000000fe800000| Complete 
|2025|0x00000000fe900000, 0x00000000fea00000, 0x00000000fea00000|100%| O|  |TAMS 0x00000000fe900000| PB 0x00000000fe900000| Untracked 
|2026|0x00000000fea00000, 0x00000000feb00000, 0x00000000feb00000|100%| O|  |TAMS 0x00000000fea00000| PB 0x00000000fea00000| Untracked 
|2027|0x00000000feb00000, 0x00000000fec00000, 0x00000000fec00000|100%| O|  |TAMS 0x00000000feb00000| PB 0x00000000feb00000| Untracked 
|2028|0x00000000fec00000, 0x00000000fed00000, 0x00000000fed00000|100%| O|  |TAMS 0x00000000fec00000| PB 0x00000000fec00000| Untracked 
|2029|0x00000000fed00000, 0x00000000fee00000, 0x00000000fee00000|100%| O|  |TAMS 0x00000000fed00000| PB 0x00000000fed00000| Untracked 
|2030|0x00000000fee00000, 0x00000000fef00000, 0x00000000fef00000|100%| O|  |TAMS 0x00000000fee00000| PB 0x00000000fee00000| Untracked 
|2031|0x00000000fef00000, 0x00000000ff000000, 0x00000000ff000000|100%| O|  |TAMS 0x00000000fef00000| PB 0x00000000fef00000| Untracked 
|2032|0x00000000ff000000, 0x00000000ff100000, 0x00000000ff100000|100%| O|  |TAMS 0x00000000ff000000| PB 0x00000000ff000000| Untracked 
|2033|0x00000000ff100000, 0x00000000ff200000, 0x00000000ff200000|100%| E|CS|TAMS 0x00000000ff100000| PB 0x00000000ff100000| Complete 
|2034|0x00000000ff200000, 0x00000000ff300000, 0x00000000ff300000|100%| E|CS|TAMS 0x00000000ff200000| PB 0x00000000ff200000| Complete 
|2035|0x00000000ff300000, 0x00000000ff400000, 0x00000000ff400000|100%| E|CS|TAMS 0x00000000ff300000| PB 0x00000000ff300000| Complete 
|2036|0x00000000ff400000, 0x00000000ff500000, 0x00000000ff500000|100%| E|CS|TAMS 0x00000000ff400000| PB 0x00000000ff400000| Complete 
|2037|0x00000000ff500000, 0x00000000ff600000, 0x00000000ff600000|100%| O|Cm|TAMS 0x00000000ff500000| PB 0x00000000ff500000| Complete 
|2038|0x00000000ff600000, 0x00000000ff700000, 0x00000000ff700000|100%| E|CS|TAMS 0x00000000ff600000| PB 0x00000000ff600000| Complete 
|2039|0x00000000ff700000, 0x00000000ff800000, 0x00000000ff800000|100%| O|  |TAMS 0x00000000ff700000| PB 0x00000000ff700000| Untracked 
|2040|0x00000000ff800000, 0x00000000ff900000, 0x00000000ff900000|100%| E|CS|TAMS 0x00000000ff800000| PB 0x00000000ff800000| Complete 
|2041|0x00000000ff900000, 0x00000000ffa00000, 0x00000000ffa00000|100%| O|  |TAMS 0x00000000ff900000| PB 0x00000000ff900000| Untracked 
|2042|0x00000000ffa00000, 0x00000000ffb00000, 0x00000000ffb00000|100%| O|  |TAMS 0x00000000ffa00000| PB 0x00000000ffa00000| Untracked 
|2043|0x00000000ffb00000, 0x00000000ffc00000, 0x00000000ffc00000|100%| O|  |TAMS 0x00000000ffb00000| PB 0x00000000ffb00000| Untracked 
|2044|0x00000000ffc00000, 0x00000000ffd00000, 0x00000000ffd00000|100%| O|  |TAMS 0x00000000ffc00000| PB 0x00000000ffc00000| Untracked 
|2045|0x00000000ffd00000, 0x00000000ffe00000, 0x00000000ffe00000|100%| O|  |TAMS 0x00000000ffd00000| PB 0x00000000ffd00000| Untracked 
|2046|0x00000000ffe00000, 0x00000000fff00000, 0x00000000fff00000|100%| O|  |TAMS 0x00000000ffe00000| PB 0x00000000ffe00000| Untracked 
|2047|0x00000000fff00000, 0x0000000100000000, 0x0000000100000000|100%| O|  |TAMS 0x00000000fff00000| PB 0x00000000fff00000| Untracked 

Card table byte_map: [0x00000219e3d40000,0x00000219e4140000] _byte_map_base: 0x00000219e3940000

Marking Bits: (CMBitMap*) 0x00000219d12f83c0
 Bits: [0x00000219e4140000, 0x00000219e6140000)

Polling page: 0x00000219cf470000

Metaspace:

Usage:
  Non-class:    156.19 MB used.
      Class:     24.50 MB used.
       Both:    180.69 MB used.

Virtual space:
  Non-class space:      192.00 MB reserved,     157.56 MB ( 82%) committed,  3 nodes.
      Class space:      416.00 MB reserved,      25.75 MB (  6%) committed,  1 nodes.
             Both:      608.00 MB reserved,     183.31 MB ( 30%) committed. 

Chunk freelists:
   Non-Class:  1.80 MB
       Class:  6.08 MB
        Both:  7.88 MB

MaxMetaspaceSize: 512.00 MB
CompressedClassSpaceSize: 416.00 MB
Initial GC threshold: 21.00 MB
Current GC threshold: 297.75 MB
CDS: off
 - commit_granule_bytes: 65536.
 - commit_granule_words: 8192.
 - virtual_space_node_default_size: 8388608.
 - enlarge_chunks_in_place: 1.
 - use_allocation_guard: 0.


Internal statistics:

num_allocs_failed_limit: 12.
num_arena_births: 5064.
num_arena_deaths: 6.
num_vsnodes_births: 4.
num_vsnodes_deaths: 0.
num_space_committed: 2926.
num_space_uncommitted: 2.
num_chunks_returned_to_freelist: 55.
num_chunks_taken_from_freelist: 13160.
num_chunk_merges: 17.
num_chunk_splits: 8593.
num_chunks_enlarged: 5516.
num_inconsistent_stats: 0.

CodeHeap 'non-profiled nmethods': size=120000Kb used=18482Kb max_used=18482Kb free=101517Kb
 bounds [0x00000219dbec0000, 0x00000219dd0d0000, 0x00000219e33f0000]
CodeHeap 'profiled nmethods': size=120000Kb used=47413Kb max_used=49366Kb free=72586Kb
 bounds [0x00000219d43f0000, 0x00000219d74d0000, 0x00000219db920000]
CodeHeap 'non-nmethods': size=5760Kb used=3120Kb max_used=3187Kb free=2639Kb
 bounds [0x00000219db920000, 0x00000219dbc50000, 0x00000219dbec0000]
CodeCache: size=245760Kb, used=69015Kb, max_used=71035Kb, free=176742Kb
 total_blobs=23678, nmethods=22509, adapters=1071, full_count=0
Compilation: enabled, stopped_count=0, restarted_count=0

Compilation events (20 events):
Event: 264.291 Thread 0x00000219ed09d440 nmethod 32016 0x00000219dd0c9e10 code [0x00000219dd0c9fa0, 0x00000219dd0ca050]
Event: 264.640 Thread 0x00000219ed09d440 32017       4       sun.net.util.IPAddressUtil::earlyURLParsing (12 bytes)
Event: 264.641 Thread 0x00000219ed09d440 nmethod 32017 0x00000219dd0ca110 code [0x00000219dd0ca280, 0x00000219dd0ca2f0]
Event: 264.752 Thread 0x00000219ed09e680 32018       3       com.google.common.collect.RegularImmutableList::spliterator (11 bytes)
Event: 264.756 Thread 0x00000219ed09e680 nmethod 32018 0x00000219d5709690 code [0x00000219d5709860, 0x00000219d5709bc0]
Event: 264.759 Thread 0x00000219ed09e680 32019       1       com.android.builder.internal.packaging.PackagedFileUpdate::getStatus (5 bytes)
Event: 264.760 Thread 0x00000219ed09e680 nmethod 32019 0x00000219dd0ca410 code [0x00000219dd0ca5a0, 0x00000219dd0ca668]
Event: 266.947 Thread 0x00000219ed09e680 32020   !   3       sun.nio.ch.IOUtil::read (133 bytes)
Event: 266.958 Thread 0x00000219ed09e680 nmethod 32020 0x00000219d7288a10 code [0x00000219d7288c80, 0x00000219d7289578]
Event: 267.038 Thread 0x00000219ed09e680 32021       3       sun.nio.ch.IOUtil::read (14 bytes)
Event: 267.039 Thread 0x00000219ed09e680 nmethod 32021 0x00000219d5f5a410 code [0x00000219d5f5a5c0, 0x00000219d5f5a6e8]
Event: 267.191 Thread 0x00000219ed09e680 32022       1       com.android.zipflinger.Entry::getName (5 bytes)
Event: 267.191 Thread 0x00000219ed09e680 nmethod 32022 0x00000219dd0ca710 code [0x00000219dd0ca8a0, 0x00000219dd0ca968]
Event: 267.212 Thread 0x00000219ed09e680 32023       1       com.android.builder.internal.packaging.PackagedFileUpdate::getSource (5 bytes)
Event: 267.212 Thread 0x00000219ed09e680 nmethod 32023 0x00000219dd0caa10 code [0x00000219dd0caba0, 0x00000219dd0cac68]
Event: 267.415 Thread 0x00000219ed09d440 32024       4       java.util.concurrent.ForkJoinPool::scan (301 bytes)
Event: 267.464 Thread 0x00000219ed09e680 32025       3       com.android.builder.packaging.PackagingUtils::lambda$getNoCompressPredicateForExtensions$0 (42 bytes)
Event: 267.469 Thread 0x00000219ed09e680 nmethod 32025 0x00000219d7288110 code [0x00000219d7288320, 0x00000219d7288870]
Event: 267.633 Thread 0x00000219ed09d440 nmethod 32024 0x00000219dd0cad10 code [0x00000219dd0caf80, 0x00000219dd0cbed0]
Event: 267.634 Thread 0x00000219ed09d440 32026       4       java.lang.String::regionMatches (150 bytes)

GC Heap History (20 events):
Event: 58.272 GC heap before
{Heap before GC invocations=67 (full 0):
 garbage-first heap   total 473088K, used 412993K [0x0000000080000000, 0x0000000100000000)
  region size 1024K, 168 young (172032K), 9 survivors (9216K)
 Metaspace       used 174429K, committed 176960K, reserved 622592K
  class space    used 23734K, committed 24960K, reserved 425984K
}
Event: 58.281 GC heap after
{Heap after GC invocations=68 (full 0):
 garbage-first heap   total 473088K, used 256008K [0x0000000080000000, 0x0000000100000000)
  region size 1024K, 16 young (16384K), 16 survivors (16384K)
 Metaspace       used 174429K, committed 176960K, reserved 622592K
  class space    used 23734K, committed 24960K, reserved 425984K
}
Event: 59.042 GC heap before
{Heap before GC invocations=68 (full 0):
 garbage-first heap   total 473088K, used 467976K [0x0000000080000000, 0x0000000100000000)
  region size 1024K, 179 young (183296K), 16 survivors (16384K)
 Metaspace       used 177777K, committed 180352K, reserved 622592K
  class space    used 24180K, committed 25408K, reserved 425984K
}
Event: 59.067 GC heap after
{Heap after GC invocations=69 (full 0):
 garbage-first heap   total 520192K, used 310486K [0x0000000080000000, 0x0000000100000000)
  region size 1024K, 23 young (23552K), 23 survivors (23552K)
 Metaspace       used 177777K, committed 180352K, reserved 622592K
  class space    used 24180K, committed 25408K, reserved 425984K
}
Event: 59.611 GC heap before
{Heap before GC invocations=69 (full 0):
 garbage-first heap   total 520192K, used 461014K [0x0000000080000000, 0x0000000100000000)
  region size 1024K, 171 young (175104K), 23 survivors (23552K)
 Metaspace       used 178961K, committed 181568K, reserved 622592K
  class space    used 24387K, committed 25664K, reserved 425984K
}
Event: 59.667 GC heap after
{Heap after GC invocations=70 (full 0):
 garbage-first heap   total 553984K, used 378368K [0x0000000080000000, 0x0000000100000000)
  region size 1024K, 22 young (22528K), 22 survivors (22528K)
 Metaspace       used 178961K, committed 181568K, reserved 622592K
  class space    used 24387K, committed 25664K, reserved 425984K
}
Event: 61.157 GC heap before
{Heap before GC invocations=71 (full 0):
 garbage-first heap   total 553984K, used 410112K [0x0000000080000000, 0x0000000100000000)
  region size 1024K, 119 young (121856K), 22 survivors (22528K)
 Metaspace       used 179053K, committed 181696K, reserved 622592K
  class space    used 24408K, committed 25664K, reserved 425984K
}
Event: 61.190 GC heap after
{Heap after GC invocations=72 (full 0):
 garbage-first heap   total 553984K, used 320000K [0x0000000080000000, 0x0000000100000000)
  region size 1024K, 10 young (10240K), 10 survivors (10240K)
 Metaspace       used 179053K, committed 181696K, reserved 622592K
  class space    used 24408K, committed 25664K, reserved 425984K
}
Event: 63.861 GC heap before
{Heap before GC invocations=72 (full 0):
 garbage-first heap   total 553984K, used 503296K [0x0000000080000000, 0x0000000100000000)
  region size 1024K, 155 young (158720K), 10 survivors (10240K)
 Metaspace       used 179169K, committed 181760K, reserved 622592K
  class space    used 24408K, committed 25664K, reserved 425984K
}
Event: 63.878 GC heap after
{Heap after GC invocations=73 (full 0):
 garbage-first heap   total 553984K, used 350848K [0x0000000080000000, 0x0000000100000000)
  region size 1024K, 20 young (20480K), 20 survivors (20480K)
 Metaspace       used 179169K, committed 181760K, reserved 622592K
  class space    used 24408K, committed 25664K, reserved 425984K
}
Event: 63.954 GC heap before
{Heap before GC invocations=73 (full 0):
 garbage-first heap   total 553984K, used 366208K [0x0000000080000000, 0x0000000100000000)
  region size 1024K, 36 young (36864K), 20 survivors (20480K)
 Metaspace       used 179169K, committed 181760K, reserved 622592K
  class space    used 24408K, committed 25664K, reserved 425984K
}
Event: 63.972 GC heap after
{Heap after GC invocations=74 (full 0):
 garbage-first heap   total 553984K, used 358922K [0x0000000080000000, 0x0000000100000000)
  region size 1024K, 8 young (8192K), 8 survivors (8192K)
 Metaspace       used 179169K, committed 181760K, reserved 622592K
  class space    used 24408K, committed 25664K, reserved 425984K
}
Event: 65.042 GC heap before
{Heap before GC invocations=75 (full 0):
 garbage-first heap   total 590848K, used 468490K [0x0000000080000000, 0x0000000100000000)
  region size 1024K, 111 young (113664K), 8 survivors (8192K)
 Metaspace       used 179997K, committed 182656K, reserved 622592K
  class space    used 24498K, committed 25792K, reserved 425984K
}
Event: 65.050 GC heap after
{Heap after GC invocations=76 (full 0):
 garbage-first heap   total 590848K, used 367768K [0x0000000080000000, 0x0000000100000000)
  region size 1024K, 12 young (12288K), 12 survivors (12288K)
 Metaspace       used 179997K, committed 182656K, reserved 622592K
  class space    used 24498K, committed 25792K, reserved 425984K
}
Event: 66.118 GC heap before
{Heap before GC invocations=76 (full 0):
 garbage-first heap   total 590848K, used 494744K [0x0000000080000000, 0x0000000100000000)
  region size 1024K, 137 young (140288K), 12 survivors (12288K)
 Metaspace       used 180179K, committed 182784K, reserved 622592K
  class space    used 24511K, committed 25792K, reserved 425984K
}
Event: 66.128 GC heap after
{Heap after GC invocations=77 (full 0):
 garbage-first heap   total 590848K, used 346165K [0x0000000080000000, 0x0000000100000000)
  region size 1024K, 5 young (5120K), 5 survivors (5120K)
 Metaspace       used 180179K, committed 182784K, reserved 622592K
  class space    used 24511K, committed 25792K, reserved 425984K
}
Event: 69.508 GC heap before
{Heap before GC invocations=77 (full 0):
 garbage-first heap   total 590848K, used 412725K [0x0000000080000000, 0x0000000100000000)
  region size 1024K, 72 young (73728K), 5 survivors (5120K)
 Metaspace       used 180263K, committed 182848K, reserved 622592K
  class space    used 24512K, committed 25792K, reserved 425984K
}
Event: 69.516 GC heap after
{Heap after GC invocations=78 (full 0):
 garbage-first heap   total 590848K, used 343423K [0x0000000080000000, 0x0000000100000000)
  region size 1024K, 3 young (3072K), 3 survivors (3072K)
 Metaspace       used 180263K, committed 182848K, reserved 622592K
  class space    used 24512K, committed 25792K, reserved 425984K
}
Event: 71.126 GC heap before
{Heap before GC invocations=79 (full 0):
 garbage-first heap   total 590848K, used 474217K [0x0000000080000000, 0x0000000100000000)
  region size 1024K, 163 young (166912K), 3 survivors (3072K)
 Metaspace       used 182166K, committed 184832K, reserved 622592K
  class space    used 24732K, committed 26048K, reserved 425984K
}
Event: 71.136 GC heap after
{Heap after GC invocations=80 (full 0):
 garbage-first heap   total 590848K, used 315713K [0x0000000080000000, 0x0000000100000000)
  region size 1024K, 11 young (11264K), 11 survivors (11264K)
 Metaspace       used 182166K, committed 184832K, reserved 622592K
  class space    used 24732K, committed 26048K, reserved 425984K
}

Dll operation events (3 events):
Event: 0.027 Loaded shared library C:\Program Files\Android\Android Studio\jbr\bin\java.dll
Event: 0.035 Loaded shared library C:\Program Files\Android\Android Studio\jbr\bin\zip.dll
Event: 0.911 Loaded shared library C:\Program Files\Android\Android Studio\jbr\bin\verify.dll

Deoptimization events (20 events):
Event: 262.090 Thread 0x00000219efa82f60 Uncommon trap: trap_request=0xffffffc6 fr.pc=0x00000219dcfb678c relative=0x000000000000056c
Event: 262.090 Thread 0x00000219efa82f60 Uncommon trap: reason=bimorphic_or_optimized_type_check action=maybe_recompile pc=0x00000219dcfb678c method=java.nio.charset.CharsetDecoder.decode(Ljava/nio/ByteBuffer;Ljava/nio/CharBuffer;Z)Ljava/nio/charset/CoderResult; @ 57 c2
Event: 262.090 Thread 0x00000219efa82f60 DEOPT PACKING pc=0x00000219dcfb678c sp=0x00000058bc3fd9f0
Event: 262.091 Thread 0x00000219efa82f60 DEOPT UNPACKING pc=0x00000219db9746a2 sp=0x00000058bc3fd9b8 mode 2
Event: 262.874 Thread 0x00000219efa82f60 DEOPT PACKING pc=0x00000219d593efcb sp=0x00000058bc3fd980
Event: 262.874 Thread 0x00000219efa82f60 DEOPT UNPACKING pc=0x00000219db974e42 sp=0x00000058bc3fce30 mode 0
Event: 263.583 Thread 0x00000219efa82f60 DEOPT PACKING pc=0x00000219d471f502 sp=0x00000058bc3fdd70
Event: 263.583 Thread 0x00000219efa82f60 DEOPT UNPACKING pc=0x00000219db974e42 sp=0x00000058bc3fd238 mode 0
Event: 267.249 Thread 0x00000219efa82f60 Uncommon trap: trap_request=0xffffff45 fr.pc=0x00000219dc9c1eac relative=0x0000000000000a8c
Event: 267.258 Thread 0x00000219efa82f60 Uncommon trap: reason=unstable_if action=reinterpret pc=0x00000219dc9c1eac method=java.util.concurrent.ForkJoinPool.submissionQueue(I)Ljava/util/concurrent/ForkJoinPool$WorkQueue; @ 55 c2
Event: 267.259 Thread 0x00000219efa82f60 DEOPT PACKING pc=0x00000219dc9c1eac sp=0x00000058bc3fe0f0
Event: 267.260 Thread 0x00000219efa82f60 DEOPT UNPACKING pc=0x00000219db9746a2 sp=0x00000058bc3fdfc8 mode 2
Event: 267.480 Thread 0x00000219efa82f60 Uncommon trap: trap_request=0xffffffc6 fr.pc=0x00000219dd0b3594 relative=0x0000000000000214
Event: 267.480 Thread 0x00000219efa82f60 Uncommon trap: reason=bimorphic_or_optimized_type_check action=maybe_recompile pc=0x00000219dd0b3594 method=com.google.common.collect.TransformedIterator.next()Ljava/lang/Object; @ 10 c2
Event: 267.480 Thread 0x00000219efa82f60 DEOPT PACKING pc=0x00000219dd0b3594 sp=0x00000058bc3fe090
Event: 267.480 Thread 0x00000219efa82f60 DEOPT UNPACKING pc=0x00000219db9746a2 sp=0x00000058bc3fe038 mode 2
Event: 267.481 Thread 0x00000219efa82f60 Uncommon trap: trap_request=0xffffffc6 fr.pc=0x00000219dd0b3594 relative=0x0000000000000214
Event: 267.481 Thread 0x00000219efa82f60 Uncommon trap: reason=bimorphic_or_optimized_type_check action=maybe_recompile pc=0x00000219dd0b3594 method=com.google.common.collect.TransformedIterator.next()Ljava/lang/Object; @ 10 c2
Event: 267.481 Thread 0x00000219efa82f60 DEOPT PACKING pc=0x00000219dd0b3594 sp=0x00000058bc3fe090
Event: 267.487 Thread 0x00000219efa82f60 DEOPT UNPACKING pc=0x00000219db9746a2 sp=0x00000058bc3fe038 mode 2

Classes loaded (20 events):
Event: 262.342 Loading class com/sun/crypto/provider/HmacPKCS12PBECore done
Event: 262.343 Loading class com/sun/crypto/provider/HmacPKCS12PBECore$HmacPKCS12PBE_SHA256 done
Event: 262.356 Loading class sun/security/util/PBEUtil
Event: 262.361 Loading class sun/security/util/PBEUtil done
Event: 262.361 Loading class com/sun/crypto/provider/PKCS12PBECipherCore
Event: 262.387 Loading class com/sun/crypto/provider/PKCS12PBECipherCore done
Event: 262.443 Loading class sun/security/tools/KeyStoreUtil
Event: 262.549 Loading class sun/security/tools/KeyStoreUtil done
Event: 262.650 Loading class java/security/KeyStore$PasswordProtection
Event: 262.660 Loading class java/security/KeyStore$PasswordProtection done
Event: 262.667 Loading class sun/security/pkcs/EncryptedPrivateKeyInfo
Event: 262.670 Loading class sun/security/pkcs/EncryptedPrivateKeyInfo done
Event: 262.874 Loading class java/security/KeyStore$PrivateKeyEntry
Event: 262.892 Loading class java/security/KeyStore$Entry
Event: 262.896 Loading class java/security/KeyStore$Entry done
Event: 262.896 Loading class java/security/KeyStore$PrivateKeyEntry done
Event: 265.223 Loading class java/security/SignatureException
Event: 265.230 Loading class java/security/SignatureException done
Event: 265.923 Loading class java/security/cert/CertificateEncodingException
Event: 265.938 Loading class java/security/cert/CertificateEncodingException done

Classes unloaded (20 events):
Event: 59.802 Thread 0x00000219e8ddea70 Unloading class 0x0000000101619210 'jdk/internal/jimage/BasicImageReader$2'
Event: 59.802 Thread 0x00000219e8ddea70 Unloading class 0x0000000101618fa8 'jdk/internal/jimage/BasicImageReader$1'
Event: 59.802 Thread 0x00000219e8ddea70 Unloading class 0x0000000101618d08 'jdk/internal/jimage/ImageReader$Resource'
Event: 59.802 Thread 0x00000219e8ddea70 Unloading class 0x0000000101618a68 'jdk/internal/jimage/ImageReader$LinkNode'
Event: 59.802 Thread 0x00000219e8ddea70 Unloading class 0x00000001016187c8 'jdk/internal/jimage/ImageReader$Directory'
Event: 59.802 Thread 0x00000219e8ddea70 Unloading class 0x0000000101618528 'jdk/internal/jimage/ImageReader$Node'
Event: 59.802 Thread 0x00000219e8ddea70 Unloading class 0x00000001016182f8 'jdk/internal/jimage/ImageStrings'
Event: 59.802 Thread 0x00000219e8ddea70 Unloading class 0x0000000101618000 'jdk/internal/jimage/ImageReader$SharedImageReader'
Event: 59.802 Thread 0x00000219e8ddea70 Unloading class 0x0000000101615be0 'jdk/internal/jimage/BasicImageReader'
Event: 59.802 Thread 0x00000219e8ddea70 Unloading class 0x0000000101615988 'jdk/internal/jimage/ImageReader'
Event: 59.802 Thread 0x00000219e8ddea70 Unloading class 0x0000000101615728 'jdk/internal/jrtfs/SystemImage$2'
Event: 59.802 Thread 0x00000219e8ddea70 Unloading class 0x00000001016154d8 'jdk/internal/jrtfs/SystemImage$$Lambda+0x00000001016154d8'
Event: 59.802 Thread 0x00000219e8ddea70 Unloading class 0x0000000101615270 'jdk/internal/jrtfs/ExplodedImage'
Event: 59.802 Thread 0x00000219e8ddea70 Unloading class 0x0000000101615000 'jdk/internal/jrtfs/SystemImage$1'
Event: 59.802 Thread 0x00000219e8ddea70 Unloading class 0x0000000101614ca0 'jdk/internal/jrtfs/SystemImage'
Event: 59.802 Thread 0x00000219e8ddea70 Unloading class 0x0000000101614a08 'jdk/internal/jrtfs/JrtFileStore'
Event: 59.802 Thread 0x00000219e8ddea70 Unloading class 0x0000000101614658 'jdk/internal/jrtfs/JrtPath'
Event: 59.802 Thread 0x00000219e8ddea70 Unloading class 0x0000000101614328 'jdk/internal/jrtfs/JrtFileSystem'
Event: 59.802 Thread 0x00000219e8ddea70 Unloading class 0x0000000101614000 'jdk/internal/jrtfs/JrtFileSystemProvider'
Event: 64.199 Thread 0x00000219e8ddea70 Unloading class 0x00000001018d9c00 'java/lang/invoke/LambdaForm$DMH+0x00000001018d9c00'

Classes redefined (0 events):
No events

Internal exceptions (20 events):
Event: 79.411 Thread 0x00000219ef6e93e0 Exception <a 'sun/nio/fs/WindowsException'{0x000000009aa56380}> (0x000000009aa56380) 
thrown [s\src\hotspot\share\prims\jni.cpp, line 537]
Event: 79.419 Thread 0x00000219ef6e93e0 Exception <a 'sun/nio/fs/WindowsException'{0x000000009aa6fff0}> (0x000000009aa6fff0) 
thrown [s\src\hotspot\share\prims\jni.cpp, line 537]
Event: 79.435 Thread 0x00000219ef6e93e0 Exception <a 'sun/nio/fs/WindowsException'{0x0000000099a72490}> (0x0000000099a72490) 
thrown [s\src\hotspot\share\prims\jni.cpp, line 537]
Event: 79.435 Thread 0x00000219ef6e93e0 Exception <a 'sun/nio/fs/WindowsException'{0x0000000099a733e8}> (0x0000000099a733e8) 
thrown [s\src\hotspot\share\prims\jni.cpp, line 537]
Event: 79.435 Thread 0x00000219ef6e93e0 Exception <a 'sun/nio/fs/WindowsException'{0x0000000099a73588}> (0x0000000099a73588) 
thrown [s\src\hotspot\share\prims\jni.cpp, line 537]
Event: 79.437 Thread 0x00000219ef441a40 Exception <a 'sun/nio/fs/WindowsException'{0x000000009c27c2c0}> (0x000000009c27c2c0) 
thrown [s\src\hotspot\share\prims\jni.cpp, line 537]
Event: 79.437 Thread 0x00000219ef441a40 Exception <a 'sun/nio/fs/WindowsException'{0x000000009c27c5b0}> (0x000000009c27c5b0) 
thrown [s\src\hotspot\share\prims\jni.cpp, line 537]
Event: 79.503 Thread 0x00000219ef6edc10 Exception <a 'sun/nio/fs/WindowsException'{0x0000000099adc258}> (0x0000000099adc258) 
thrown [s\src\hotspot\share\prims\jni.cpp, line 537]
Event: 79.503 Thread 0x00000219ef6edc10 Exception <a 'sun/nio/fs/WindowsException'{0x0000000099add180}> (0x0000000099add180) 
thrown [s\src\hotspot\share\prims\jni.cpp, line 537]
Event: 79.503 Thread 0x00000219ef6edc10 Exception <a 'sun/nio/fs/WindowsException'{0x0000000099add2f0}> (0x0000000099add2f0) 
thrown [s\src\hotspot\share\prims\jni.cpp, line 537]
Event: 79.504 Thread 0x00000219ef6edc10 Exception <a 'sun/nio/fs/WindowsException'{0x0000000099ae2510}> (0x0000000099ae2510) 
thrown [s\src\hotspot\share\prims\jni.cpp, line 537]
Event: 79.504 Thread 0x00000219ef6edc10 Exception <a 'sun/nio/fs/WindowsException'{0x0000000099ae26b0}> (0x0000000099ae26b0) 
thrown [s\src\hotspot\share\prims\jni.cpp, line 537]
Event: 245.786 Thread 0x00000219ef6ebb40 Exception <a 'sun/nio/fs/WindowsException'{0x0000000098ecbd08}> (0x0000000098ecbd08) 
thrown [s\src\hotspot\share\prims\jni.cpp, line 537]
Event: 245.796 Thread 0x00000219ef6ebb40 Exception <a 'sun/nio/fs/WindowsException'{0x0000000098eccbf0}> (0x0000000098eccbf0) 
thrown [s\src\hotspot\share\prims\jni.cpp, line 537]
Event: 245.839 Thread 0x00000219ef6ebb40 Exception <a 'sun/nio/fs/WindowsException'{0x0000000098eccd20}> (0x0000000098eccd20) 
thrown [s\src\hotspot\share\prims\jni.cpp, line 537]
Event: 260.800 Thread 0x00000219efa82f60 Exception <a 'sun/nio/fs/WindowsException'{0x0000000098aef230}> (0x0000000098aef230) 
thrown [s\src\hotspot\share\prims\jni.cpp, line 537]
Event: 262.287 Thread 0x00000219efa82f60 Exception <a 'java/lang/NoSuchMethodError'{0x00000000989cc420}: 'java.lang.Object java.lang.invoke.DirectMethodHandle$Holder.newInvokeSpecial(java.lang.Object, java.lang.Object, java.lang.Object, java.lang.Object, java.lang.Object, int, java.lang.Object)'> (0x00000000989cc420) 
thrown [s\src\hotspot\share\interpreter\linkResolver.cpp, line 784]
Event: 262.313 Thread 0x00000219efa82f60 Exception <a 'java/lang/NoSuchMethodError'{0x00000000989d3d58}: 'java.lang.Object java.lang.invoke.Invokers$Holder.linkToTargetMethod(java.lang.Object, java.lang.Object, java.lang.Object, java.lang.Object, int, java.lang.Object, java.lang.Object)'> (0x00000000989d3d58) 
thrown [s\src\hotspot\share\interpreter\linkResolver.cpp, line 784]
Event: 265.613 Thread 0x00000219efa82f60 Exception <a 'sun/nio/fs/WindowsException'{0x00000000986c64c8}> (0x00000000986c64c8) 
thrown [s\src\hotspot\share\prims\jni.cpp, line 537]
Event: 267.241 Thread 0x00000219efa82f60 Implicit null exception at 0x00000219dc9c1558 to 0x00000219dc9c1e84

ZGC Phase Switch (0 events):
No events

VM Operations (20 events):
Event: 253.647 Executing VM operation: Cleanup done
Event: 259.893 Executing VM operation: HandshakeAllThreads (Deoptimize)
Event: 259.966 Executing VM operation: HandshakeAllThreads (Deoptimize) done
Event: 260.966 Executing VM operation: Cleanup
Event: 260.973 Executing VM operation: Cleanup done
Event: 261.069 Executing VM operation: HandshakeAllThreads (Deoptimize)
Event: 261.069 Executing VM operation: HandshakeAllThreads (Deoptimize) done
Event: 261.122 Executing VM operation: HandshakeAllThreads (Deoptimize)
Event: 261.123 Executing VM operation: HandshakeAllThreads (Deoptimize) done
Event: 262.123 Executing VM operation: Cleanup
Event: 262.135 Executing VM operation: Cleanup done
Event: 262.353 Executing VM operation: HandshakeAllThreads (Deoptimize)
Event: 262.354 Executing VM operation: HandshakeAllThreads (Deoptimize) done
Event: 263.354 Executing VM operation: Cleanup
Event: 263.354 Executing VM operation: Cleanup done
Event: 264.356 Executing VM operation: Cleanup
Event: 264.363 Executing VM operation: Cleanup done
Event: 265.363 Executing VM operation: Cleanup
Event: 265.366 Executing VM operation: Cleanup done
Event: 268.368 Executing VM operation: Cleanup

Memory protections (0 events):
No events

Nmethod flushes (20 events):
Event: 69.729 Thread 0x00000219e8ddea70 flushing  nmethod 0x00000219d68fe590
Event: 69.729 Thread 0x00000219e8ddea70 flushing  nmethod 0x00000219d69dfe10
Event: 69.729 Thread 0x00000219e8ddea70 flushing  nmethod 0x00000219d6ccd610
Event: 69.729 Thread 0x00000219e8ddea70 flushing  nmethod 0x00000219d6ccdd90
Event: 69.729 Thread 0x00000219e8ddea70 flushing  nmethod 0x00000219d6ce1a90
Event: 69.729 Thread 0x00000219e8ddea70 flushing  nmethod 0x00000219d6ce8b90
Event: 69.729 Thread 0x00000219e8ddea70 flushing  nmethod 0x00000219d6cec790
Event: 69.729 Thread 0x00000219e8ddea70 flushing  nmethod 0x00000219d6db0810
Event: 69.729 Thread 0x00000219e8ddea70 flushing  nmethod 0x00000219d6db2610
Event: 69.729 Thread 0x00000219e8ddea70 flushing  nmethod 0x00000219d72e7c90
Event: 69.729 Thread 0x00000219e8ddea70 flushing  nmethod 0x00000219d72e8110
Event: 69.729 Thread 0x00000219e8ddea70 flushing  nmethod 0x00000219d72e9090
Event: 69.729 Thread 0x00000219e8ddea70 flushing  nmethod 0x00000219d72ec910
Event: 69.729 Thread 0x00000219e8ddea70 flushing  nmethod 0x00000219d72ecc10
Event: 69.729 Thread 0x00000219e8ddea70 flushing  nmethod 0x00000219d72ecf10
Event: 69.729 Thread 0x00000219e8ddea70 flushing  nmethod 0x00000219d72ed490
Event: 69.729 Thread 0x00000219e8ddea70 flushing  nmethod 0x00000219d72ee190
Event: 69.729 Thread 0x00000219e8ddea70 flushing  nmethod 0x00000219d72ee590
Event: 69.729 Thread 0x00000219e8ddea70 flushing  nmethod 0x00000219d72ef790
Event: 69.729 Thread 0x00000219e8ddea70 flushing  nmethod 0x00000219d7381310

Events (20 events):
Event: 216.217 Thread 0x00000219f90d55a0 Thread added: 0x00000219ff54b2d0
Event: 216.357 Thread 0x00000219f90e06d0 Thread added: 0x00000219ff54ac40
Event: 216.358 Thread 0x00000219f90e06d0 Thread added: 0x00000219ff5484e0
Event: 216.423 Thread 0x00000219f90de600 Thread added: 0x00000219ff549f20
Event: 216.425 Thread 0x00000219f90de600 Thread added: 0x00000219ff549200
Event: 216.665 Thread 0x00000219f90dec90 Thread added: 0x00000219ff547e50
Event: 216.716 Thread 0x00000219f90e0d60 Thread added: 0x00000219ff54b960
Event: 216.717 Thread 0x00000219f90e0d60 Thread added: 0x00000219ff54bff0
Event: 216.772 Thread 0x00000219f90df320 Thread added: 0x00000219ff54c680
Event: 216.774 Thread 0x00000219f90df320 Thread added: 0x00000219ff54cd10
Event: 250.331 Thread 0x00000219ef6ebb40 Thread added: 0x00000219ff549890
Event: 267.314 Thread 0x00000219efa82f60 Thread added: 0x00000219ff54d3a0
Event: 267.391 Thread 0x00000219ff54d3a0 Thread added: 0x00000219ff54e750
Event: 267.393 Thread 0x00000219ff54e750 Thread added: 0x00000219ff54e0c0
Event: 267.397 Thread 0x00000219ff54e0c0 Thread added: 0x00000219ff54ede0
Event: 267.416 Thread 0x00000219ff54ede0 Thread added: 0x00000219ff54fb00
Event: 267.425 Thread 0x00000219ff54fb00 Thread added: 0x00000219ff54f470
Event: 267.446 Thread 0x00000219ff54f470 Thread added: 0x00000219ff550820
Event: 267.453 Thread 0x00000219ff550820 Thread added: 0x00000219ff550190
Event: 267.464 Thread 0x00000219ff550190 Thread added: 0x00000219ff550eb0


Dynamic libraries:
0x00007ff7d2b00000 - 0x00007ff7d2b0a000 	C:\Program Files\Android\Android Studio\jbr\bin\java.exe
0x00007ffed9f40000 - 0x00007ffeda1a8000 	C:\WINDOWS\SYSTEM32\ntdll.dll
0x00007ffed8870000 - 0x00007ffed8939000 	C:\WINDOWS\System32\KERNEL32.DLL
0x00007ffed7570000 - 0x00007ffed795d000 	C:\WINDOWS\System32\KERNELBASE.dll
0x00007ffed7960000 - 0x00007ffed7aab000 	C:\WINDOWS\System32\ucrtbase.dll
0x00007ffec31f0000 - 0x00007ffec320b000 	C:\Program Files\Android\Android Studio\jbr\bin\VCRUNTIME140.dll
0x00007ffe8a730000 - 0x00007ffe8a748000 	C:\Program Files\Android\Android Studio\jbr\bin\jli.dll
0x00007ffed84e0000 - 0x00007ffed86ac000 	C:\WINDOWS\System32\USER32.dll
0x00007ffed7b70000 - 0x00007ffed7b97000 	C:\WINDOWS\System32\win32u.dll
0x00007ffed8070000 - 0x00007ffed809b000 	C:\WINDOWS\System32\GDI32.dll
0x00007ffed7ba0000 - 0x00007ffed7cd7000 	C:\WINDOWS\System32\gdi32full.dll
0x00007ffed7430000 - 0x00007ffed74d3000 	C:\WINDOWS\System32\msvcp_win.dll
0x00007ffeb3190000 - 0x00007ffeb342a000 	C:\WINDOWS\WinSxS\amd64_microsoft.windows.common-controls_6595b64144ccf1df_6.0.26100.4484_none_3e0e6d4ce32ef3b3\COMCTL32.dll
0x00007ffed8180000 - 0x00007ffed8229000 	C:\WINDOWS\System32\msvcrt.dll
0x00007ffed7f70000 - 0x00007ffed7f9f000 	C:\WINDOWS\System32\IMM32.DLL
0x00007ffeceba0000 - 0x00007ffecebac000 	C:\Program Files\Android\Android Studio\jbr\bin\vcruntime140_1.dll
0x00007ffe5a770000 - 0x00007ffe5a7fd000 	C:\Program Files\Android\Android Studio\jbr\bin\msvcp140.dll
0x00007ffe56730000 - 0x00007ffe573c6000 	C:\Program Files\Android\Android Studio\jbr\bin\server\jvm.dll
0x00007ffed7fb0000 - 0x00007ffed8064000 	C:\WINDOWS\System32\ADVAPI32.dll
0x00007ffed86e0000 - 0x00007ffed8786000 	C:\WINDOWS\System32\sechost.dll
0x00007ffed9850000 - 0x00007ffed9968000 	C:\WINDOWS\System32\RPCRT4.dll
0x00007ffed9e80000 - 0x00007ffed9ef4000 	C:\WINDOWS\System32\WS2_32.dll
0x00007ffed6f00000 - 0x00007ffed6f5e000 	C:\WINDOWS\SYSTEM32\POWRPROF.dll
0x00007ffeceb60000 - 0x00007ffeceb95000 	C:\WINDOWS\SYSTEM32\WINMM.dll
0x00007ffec2ef0000 - 0x00007ffec2efb000 	C:\WINDOWS\SYSTEM32\VERSION.dll
0x00007ffed6ee0000 - 0x00007ffed6ef4000 	C:\WINDOWS\SYSTEM32\UMPDC.dll
0x00007ffed5df0000 - 0x00007ffed5e0b000 	C:\WINDOWS\SYSTEM32\kernel.appcore.dll
0x00007ffec34e0000 - 0x00007ffec34ea000 	C:\Program Files\Android\Android Studio\jbr\bin\jimage.dll
0x00007ffed47e0000 - 0x00007ffed4a21000 	C:\WINDOWS\SYSTEM32\DBGHELP.DLL
0x00007ffed9af0000 - 0x00007ffed9e76000 	C:\WINDOWS\System32\combase.dll
0x00007ffed9630000 - 0x00007ffed9710000 	C:\WINDOWS\System32\OLEAUT32.dll
0x00007ffead410000 - 0x00007ffead453000 	C:\WINDOWS\SYSTEM32\dbgcore.DLL
0x00007ffed7090000 - 0x00007ffed7129000 	C:\WINDOWS\System32\bcryptPrimitives.dll
0x00007ffeb0d00000 - 0x00007ffeb0d0e000 	C:\Program Files\Android\Android Studio\jbr\bin\instrument.dll
0x00007ffeb9520000 - 0x00007ffeb9540000 	C:\Program Files\Android\Android Studio\jbr\bin\java.dll
0x00007ffeb3ea0000 - 0x00007ffeb3eb8000 	C:\Program Files\Android\Android Studio\jbr\bin\zip.dll
0x00007ffed8950000 - 0x00007ffed909a000 	C:\WINDOWS\System32\SHELL32.dll
0x00007ffed7130000 - 0x00007ffed72a4000 	C:\WINDOWS\System32\wintypes.dll
0x00007ffed4c90000 - 0x00007ffed54eb000 	C:\WINDOWS\SYSTEM32\windows.storage.dll
0x00007ffed83e0000 - 0x00007ffed84d5000 	C:\WINDOWS\System32\SHCORE.dll
0x00007ffed90a0000 - 0x00007ffed910a000 	C:\WINDOWS\System32\shlwapi.dll
0x00007ffed6fa0000 - 0x00007ffed6fcf000 	C:\WINDOWS\SYSTEM32\profapi.dll
0x00007ffec3350000 - 0x00007ffec3360000 	C:\Program Files\Android\Android Studio\jbr\bin\net.dll
0x00007ffecc1b0000 - 0x00007ffecc2ce000 	C:\WINDOWS\SYSTEM32\WINHTTP.dll
0x00007ffed6360000 - 0x00007ffed63ca000 	C:\WINDOWS\system32\mswsock.dll
0x00007ffeb26e0000 - 0x00007ffeb26f6000 	C:\Program Files\Android\Android Studio\jbr\bin\nio.dll
0x00007ffeb22e0000 - 0x00007ffeb22f0000 	C:\Program Files\Android\Android Studio\jbr\bin\verify.dll
0x00007ffe98510000 - 0x00007ffe98537000 	C:\Users\HP\.gradle\native\c067742578af261105cb4f569cf0c3c89f3d7b1fecec35dd04571415982c5e48\windows-amd64\native-platform.dll
0x00007ffe4fc10000 - 0x00007ffe4fd54000 	C:\Users\HP\.gradle\native\100fb08df4bc3b14c8652ba06237920a3bd2aa13389f12d3474272988ae205f9\windows-amd64\native-platform-file-events.dll
0x00007ffeb26c0000 - 0x00007ffeb26c9000 	C:\Program Files\Android\Android Studio\jbr\bin\management.dll
0x00007ffeb2540000 - 0x00007ffeb254b000 	C:\Program Files\Android\Android Studio\jbr\bin\management_ext.dll
0x00007ffed9620000 - 0x00007ffed9628000 	C:\WINDOWS\System32\PSAPI.DLL
0x00007ffed6740000 - 0x00007ffed675b000 	C:\WINDOWS\SYSTEM32\CRYPTSP.dll
0x00007ffed5d50000 - 0x00007ffed5d8b000 	C:\WINDOWS\system32\rsaenh.dll
0x00007ffed6400000 - 0x00007ffed642b000 	C:\WINDOWS\SYSTEM32\USERENV.dll
0x00007ffed6f70000 - 0x00007ffed6f96000 	C:\WINDOWS\SYSTEM32\bcrypt.dll
0x00007ffed65a0000 - 0x00007ffed65ac000 	C:\WINDOWS\SYSTEM32\CRYPTBASE.dll
0x00007ffed5850000 - 0x00007ffed5883000 	C:\WINDOWS\SYSTEM32\IPHLPAPI.DLL
0x00007ffed9720000 - 0x00007ffed972a000 	C:\WINDOWS\System32\NSI.dll
0x00007ffeb26d0000 - 0x00007ffeb26d9000 	C:\Program Files\Android\Android Studio\jbr\bin\extnet.dll
0x00007ffeb63f0000 - 0x00007ffeb63f8000 	C:\WINDOWS\system32\wshunix.dll
0x00007ffeac420000 - 0x00007ffeac438000 	C:\WINDOWS\system32\napinsp.dll
0x00007ffed58f0000 - 0x00007ffed5a16000 	C:\WINDOWS\SYSTEM32\DNSAPI.dll
0x00007ffe9efc0000 - 0x00007ffe9efd2000 	C:\WINDOWS\System32\winrnr.dll
0x00007ffe9ef80000 - 0x00007ffe9efb0000 	C:\WINDOWS\system32\nlansp_c.dll
0x00007ffe9ea20000 - 0x00007ffe9ea40000 	C:\WINDOWS\system32\wshbth.dll
0x00007ffecc340000 - 0x00007ffecc34b000 	C:\Windows\System32\rasadhlp.dll
0x00007ffece730000 - 0x00007ffece7b6000 	C:\WINDOWS\System32\fwpuclnt.dll
0x00007ffed5f20000 - 0x00007ffed5f56000 	C:\WINDOWS\SYSTEM32\ntmarta.dll
0x00007ffe95b50000 - 0x00007ffe95b57000 	C:\Program Files\Android\Android Studio\jbr\bin\rmi.dll

JVMTI agents:
C:\Users\HP\.gradle\wrapper\dists\gradle-8.10.2-bin\a04bxjujx95o3nb99gddekhwo\gradle-8.10.2\lib\agents\gradle-instrumentation-agent-8.10.2.jar path:C:\Program Files\Android\Android Studio\jbr\bin\instrument.dll, loaded, initialized, instrumentlib options:none

dbghelp: loaded successfully - version: 4.0.5 - missing functions: none
symbol engine: initialized successfully - sym options: 0x614 - pdb path: .;C:\Program Files\Android\Android Studio\jbr\bin;C:\WINDOWS\SYSTEM32;C:\WINDOWS\WinSxS\amd64_microsoft.windows.common-controls_6595b64144ccf1df_6.0.26100.4484_none_3e0e6d4ce32ef3b3;C:\Program Files\Android\Android Studio\jbr\bin\server;C:\Users\HP\.gradle\native\c067742578af261105cb4f569cf0c3c89f3d7b1fecec35dd04571415982c5e48\windows-amd64;C:\Users\HP\.gradle\native\100fb08df4bc3b14c8652ba06237920a3bd2aa13389f12d3474272988ae205f9\windows-amd64

VM Arguments:
jvm_args: -XX:MaxMetaspaceSize=512m --add-opens=java.base/java.util=ALL-UNNAMED --add-opens=java.base/java.lang=ALL-UNNAMED --add-opens=java.base/java.lang.invoke=ALL-UNNAMED --add-opens=java.prefs/java.util.prefs=ALL-UNNAMED --add-exports=jdk.compiler/com.sun.tools.javac.api=ALL-UNNAMED --add-exports=jdk.compiler/com.sun.tools.javac.util=ALL-UNNAMED --add-opens=java.base/java.nio.charset=ALL-UNNAMED --add-opens=java.base/java.net=ALL-UNNAMED --add-opens=java.base/java.util.concurrent.atomic=ALL-UNNAMED -Xmx2048m -Dfile.encoding=UTF-8 -Duser.country=US -Duser.language=en -Duser.variant -javaagent:C:\Users\HP\.gradle\wrapper\dists\gradle-8.10.2-bin\a04bxjujx95o3nb99gddekhwo\gradle-8.10.2\lib\agents\gradle-instrumentation-agent-8.10.2.jar 
java_command: org.gradle.launcher.daemon.bootstrap.GradleDaemon 8.10.2
java_class_path (initial): C:\Users\HP\.gradle\wrapper\dists\gradle-8.10.2-bin\a04bxjujx95o3nb99gddekhwo\gradle-8.10.2\lib\gradle-daemon-main-8.10.2.jar
Launcher Type: SUN_STANDARD

[Global flags]
     intx CICompilerCount                          = 4                                         {product} {ergonomic}
   size_t CompressedClassSpaceSize                 = 436207616                                 {product} {ergonomic}
     uint ConcGCThreads                            = 3                                         {product} {ergonomic}
     uint G1ConcRefinementThreads                  = 10                                        {product} {ergonomic}
   size_t G1HeapRegionSize                         = 1048576                                   {product} {ergonomic}
    uintx GCDrainStackTargetSize                   = 64                                        {product} {ergonomic}
   size_t InitialHeapSize                          = 130023424                                 {product} {ergonomic}
   size_t MarkStackSize                            = 4194304                                   {product} {ergonomic}
   size_t MaxHeapSize                              = 2147483648                                {product} {command line}
   size_t MaxMetaspaceSize                         = 536870912                                 {product} {command line}
   size_t MaxNewSize                               = 1287651328                                {product} {ergonomic}
   size_t MinHeapDeltaBytes                        = 1048576                                   {product} {ergonomic}
   size_t MinHeapSize                              = 8388608                                   {product} {ergonomic}
    uintx NonNMethodCodeHeapSize                   = 5839372                                {pd product} {ergonomic}
    uintx NonProfiledCodeHeapSize                  = 122909434                              {pd product} {ergonomic}
    uintx ProfiledCodeHeapSize                     = 122909434                              {pd product} {ergonomic}
    uintx ReservedCodeCacheSize                    = 251658240                              {pd product} {ergonomic}
     bool SegmentedCodeCache                       = true                                      {product} {ergonomic}
   size_t SoftMaxHeapSize                          = 2147483648                             {manageable} {ergonomic}
     bool UseCompressedOops                        = true                           {product lp64_product} {ergonomic}
     bool UseG1GC                                  = true                                      {product} {ergonomic}
     bool UseLargePagesIndividualAllocation        = false                                  {pd product} {ergonomic}

Logging:
Log output configuration:
 #0: stdout all=warning uptime,level,tags foldmultilines=false
 #1: stderr all=off uptime,level,tags foldmultilines=false

Environment Variables:
JAVA_HOME=C:\Program Files\Android\Android Studio\jbr
CLASSPATH=C:\Users\HP\Downloads\new-skillo-app2\android\\gradle\wrapper\gradle-wrapper.jar
PATH=C:\Program Files\Android\Android Studio\jbr\bin;C:\Program Files\Java\jdk-25.0.2;C:\Program Files\Java\jdk-25.0.2\bin;C:\Python314\Scripts\;C:\Python314\;C:\python\Scripts\;C:\python\;C:\Program Files\Python312\Scripts\;C:\Program Files\Python312\;C:\WINDOWS\system32;C:\WINDOWS;C:\WINDOWS\System32\Wbem;C:\WINDOWS\System32\WindowsPowerShell\v1.0\;C:\WINDOWS\System32\OpenSSH\;C:\Program Files\dotnet\;C:\Program Files\nodejs\;C:\ProgramData\chocolatey\bin;C:\Program Files\Git\cmd;C:\Program Files\Java\jdk-25.0.2\bin;C:\Users\HP\AppData\Local\Microsoft\WindowsApps;C:\Users\HP\AppData\Local\Programs\Microsoft VS Code\bin;C:\Program Files\JetBrains\IntelliJ IDEA Community Edition 2024.3.2.2\bin;;C:\flutter\flutter\bin;C:\Users\HP\AppData\Local\GitHubDesktop\bin;C:\Users\HP\AppData\Roaming\npm;C:\flutter\bin;C:\Users\HP\AppData\Local\Pub\Cache\bin;C:\Users\HP\AppData\Local\Programs\Antigravity\bin;C:\flutter\flutter\bin\mingit\cmd
USERNAME=HP
LANG=en_US.UTF-8
OS=Windows_NT
PROCESSOR_IDENTIFIER=Intel64 Family 6 Model 186 Stepping 3, GenuineIntel
TMP=C:\Users\HP\AppData\Local\Temp
TEMP=C:\Users\HP\AppData\Local\Temp




Periodic native trim disabled

JNI global refs:
JNI global refs: 28, weak refs: 1

JNI global refs memory usage: 835, weak refs: 833

Process memory usage:
Resident Set Size: 60516K (0% of 8023828K total physical memory with 476372K free physical memory)

OOME stack traces (most recent first):
Classloader memory used:
Loader org.gradle.internal.classloader.VisitableURLClassLoader$InstrumentingVisitableURLClassLoader: 74441K
Loader org.gradle.internal.classloader.VisitableURLClassLoader                         : 48279K
Loader bootstrap                                                                       : 34267K
Loader org.gradle.initialization.MixInLegacyTypesClassLoader                           : 13840K
Loader jdk.internal.loader.ClassLoaders$AppClassLoader                                 : 10202K
Loader java.net.URLClassLoader                                                         : 1715K
Loader jdk.internal.loader.ClassLoaders$PlatformClassLoader                            : 744K
Loader jdk.internal.reflect.DelegatingClassLoader                                      : 675K
Loader jdk.internal.jrtfs.JrtFileSystemProvider$JrtFsLoader                            : 292K
Loader org.gradle.groovy.scripts.internal.DefaultScriptCompilationHandler$ScriptClassLoader: 245K
Loader org.gradle.internal.classloader.VisitableURLClassLoader                         : 233K
Loader org.codehaus.groovy.runtime.callsite.CallSiteClassLoader                        : 87232B
Loader sun.reflect.misc.MethodUtil                                                     : 2984B

Classes loaded by more than one classloader:
Class Program                                                                         : loaded 11 times (x 72B)
Class Build_gradle$1                                                                  : loaded 4 times (x 75B)
Class Build_gradle                                                                    : loaded 4 times (x 130B)
Class org.jetbrains.kotlin.build.report.metrics.BuildTime                             : loaded 3 times (x 70B)
Class org.jetbrains.kotlin.build.report.metrics.GradleBuildTime$Companion             : loaded 3 times (x 71B)
Class Build_gradle$2                                                                  : loaded 3 times (x 74B)
Class [Lorg.jetbrains.kotlin.build.report.metrics.GradleBuildTime;                    : loaded 3 times (x 69B)
Class Settings_gradle                                                                 : loaded 3 times (x 128B)
Class org.jetbrains.kotlin.build.report.metrics.BuildMetricsReporter                  : loaded 3 times (x 70B)
Class [Lorg.jetbrains.kotlin.build.report.metrics.BuildTime;                          : loaded 3 times (x 69B)
Class org.jetbrains.kotlin.build.report.metrics.GradleBuildTime                       : loaded 3 times (x 86B)
Class kotlin.sequences.FilteringSequence$iterator$1                                   : loaded 2 times (x 79B)
Class kotlin.sequences.SequencesKt__SequenceBuilderKt                                 : loaded 2 times (x 71B)
Class kotlin.collections.CollectionsKt__ReversedViewsKt                               : loaded 2 times (x 71B)
Class com.google.common.collect.SortedSetMultimap                                     : loaded 2 times (x 70B)
Class com.google.common.cache.LocalCache$ValueIterator                                : loaded 2 times (x 86B)
Class [Lcom.google.common.collect.MapMakerInternalMap$Segment;                        : loaded 2 times (x 69B)
Class com.google.common.io.FileWriteMode                                              : loaded 2 times (x 79B)
Class org.jetbrains.kotlin.gradle.internal.KotlinDomApiDependencyManagementKt         : loaded 2 times (x 71B)
Class org.jetbrains.kotlin.gradle.plugin.KotlinPluginLifecycleImpl$launch$coroutine$1 : loaded 2 times (x 76B)
Class org.jetbrains.kotlin.gradle.targets.js.npm.NpmDependencyExtensionKt$defaultNpmDependencyDelegate$1: loaded 2 times (x 167B)
Class org.jetbrains.kotlin.gradle.plugin.diagnostics.checkers.MissingNativeStdlibChecker: loaded 2 times (x 74B)
Class org.jetbrains.kotlin.gradle.plugin.KotlinPlatformType$DisambiguationRule        : loaded 2 times (x 76B)
Class org.jetbrains.kotlin.gradle.plugin.KotlinPlatformType$Companion                 : loaded 2 times (x 71B)
Class org.jetbrains.kotlin.gradle.plugin.internal.ConfigurationCacheStartParameterAccessorKt: loaded 2 times (x 71B)
Class [Lcom.google.common.base.AbstractIterator$State;                                : loaded 2 times (x 69B)
Class com.google.common.base.CharMatcher$IsEither                                     : loaded 2 times (x 111B)
Class org.gradle.internal.classloader.ClassLoaderHierarchy                            : loaded 2 times (x 70B)
Class com.google.common.collect.AbstractMapBasedMultimap$WrappedCollection            : loaded 2 times (x 124B)
Class org.jetbrains.kotlin.gradle.plugin.hierarchy.KotlinSourceSetTreeClassifierKt    : loaded 2 times (x 71B)
Class org.jetbrains.kotlin.gradle.report.UsesBuildMetricsService                      : loaded 2 times (x 70B)
Class org.jetbrains.kotlin.gradle.plugin.mpp.compilationImpl.factory.KotlinCompilationImplFactory$KotlinCompilationSourceSetsContainerFactory: loaded 2 times (x 70B)
Class org.jetbrains.kotlin.gradle.utils.MutableObservableSet                          : loaded 2 times (x 70B)
Class org.jetbrains.kotlin.gradle.dsl.KotlinHierarchyDsl                              : loaded 2 times (x 70B)
Class org.jetbrains.kotlin.gradle.targets.metadata.KotlinMetadataTargetConfiguratorKt$isNativeSourceSet$2: loaded 2 times (x 95B)
Class org.jetbrains.kotlin.gradle.report.BuildReportType                              : loaded 2 times (x 79B)
Class org.jetbrains.kotlin.statistics.metrics.StringAnonymizationPolicy$AllowedListAnonymizer: loaded 2 times (x 79B)
Class com.google.common.collect.ImmutableEnumSet                                      : loaded 2 times (x 146B)
Class com.google.common.util.concurrent.ExecutionError                                : loaded 2 times (x 82B)
Class com.google.common.collect.ImmutableList$1                                       : loaded 2 times (x 97B)
Class org.gradle.api.internal.classpath.ManifestUtil                                  : loaded 2 times (x 71B)
Class com.google.common.io.ByteArrayDataOutput                                        : loaded 2 times (x 70B)
Class org.jetbrains.kotlin.gradle.tasks.KotlinCompile$androidLayoutResources$1        : loaded 2 times (x 74B)
Class org.jetbrains.kotlin.gradle.report.GradleBuildMetricsReporter                   : loaded 2 times (x 98B)
Class org.jetbrains.kotlin.gradle.plugin.mpp.KotlinMetadataCompilation                : loaded 2 times (x 70B)
Class org.jetbrains.kotlin.gradle.plugin.sources.KotlinDependencyScope                : loaded 2 times (x 79B)
Class org.jetbrains.kotlin.gradle.tasks.configuration.AbstractKotlinCompileConfig$1   : loaded 2 times (x 79B)
Class org.jetbrains.kotlin.gradle.plugin.mpp.compilationImpl.KotlinCompilationFriendPathsResolver: loaded 2 times (x 70B)
Class org.jetbrains.kotlin.gradle.plugin.mpp.KotlinUsages$KotlinMetadataDisambiguation: loaded 2 times (x 76B)
Class com.google.common.collect.RegularImmutableMap                                   : loaded 2 times (x 121B)
Class com.google.common.collect.ImmutableMap$MapViewOfValuesAsSingletonSets           : loaded 2 times (x 125B)
Class com.google.common.reflect.TypeCapture                                           : loaded 2 times (x 71B)
Class com.google.common.cache.LocalCache$Values                                       : loaded 2 times (x 118B)
Class com.google.common.collect.TransformedListIterator                               : loaded 2 times (x 93B)
Class org.jetbrains.kotlin.gradle.tasks.AbstractKotlinCompile$compilerRunner$1        : loaded 2 times (x 75B)
Class org.jetbrains.kotlin.gradle.tasks.CacheableTasksKt$cacheOnlyIfEnabledForKotlin$1: loaded 2 times (x 75B)
Class org.jetbrains.kotlin.gradle.tasks.configuration.AbstractKotlinCompileConfig$2   : loaded 2 times (x 79B)
Class org.jetbrains.kotlin.gradle.plugin.mpp.compilationImpl.factory.KotlinCompilationImplFactory$PreConfigure: loaded 2 times (x 70B)
Class org.jetbrains.kotlin.gradle.targets.js.dsl.KotlinJsTargetDsl                    : loaded 2 times (x 70B)
Class org.jetbrains.kotlin.gradle.plugin.KotlinPluginLifecycleImplKt                  : loaded 2 times (x 71B)
Class org.jetbrains.kotlin.gradle.plugin.diagnostics.checkers.DeprecatedKotlinNativeTargetsChecker$runChecks$1: loaded 2 times (x 88B)
Class org.jetbrains.kotlin.gradle.plugin.KotlinPluginLifecycleImpl$WhenMappings       : loaded 2 times (x 71B)
Class org.jetbrains.kotlin.gradle.dsl.KotlinCommonCompilerToolOptionsHelper           : loaded 2 times (x 71B)
Class org.jetbrains.kotlin.gradle.plugin.KotlinTargetComponent                        : loaded 2 times (x 70B)
Class org.jetbrains.kotlin.statistics.metrics.StringOverridePolicy$OVERRIDE_VERSION_IF_NOT_SET: loaded 2 times (x 85B)
Class org.jetbrains.kotlin.gradle.plugin.VariantImplementationFactories$Companion$getProvider$1: loaded 2 times (x 75B)
Class org.jetbrains.kotlin.gradle.dsl.KotlinProjectExtension                          : loaded 2 times (x 122B)
Class [Lorg.objectweb.asm.Symbol;                                                     : loaded 2 times (x 69B)
Class org.objectweb.asm.ClassVisitor                                                  : loaded 2 times (x 88B)
Class com.google.common.collect.UnmodifiableListIterator                              : loaded 2 times (x 95B)
Class com.google.common.collect.MapMakerInternalMap$StrongKeyDummyValueEntry$LinkedStrongKeyDummyValueEntry: loaded 2 times (x 82B)
Class com.google.common.collect.MapMakerInternalMap$Strength                          : loaded 2 times (x 80B)
Class org.jetbrains.kotlin.gradle.plugin.KotlinPluginLifecycle$ProjectConfigurationResult$Failure: loaded 2 times (x 72B)
Class org.jetbrains.kotlin.gradle.plugin.sources.DefaultKotlinSourceSet$MetadataDependencyTransformation: loaded 2 times (x 72B)
Class org.jetbrains.kotlin.gradle.tasks.DefaultKotlinJavaToolchain$Companion          : loaded 2 times (x 71B)
Class org.jetbrains.kotlin.gradle.tasks.DefaultKotlinJavaToolchain                    : loaded 2 times (x 77B)
Class org.jetbrains.kotlin.gradle.plugin.KotlinGradleBuildServices                    : loaded 2 times (x 80B)
Class [Lorg.jetbrains.kotlin.statistics.ValueAnonymizer;                              : loaded 2 times (x 69B)
Class org.objectweb.asm.MethodTooLargeException                                       : loaded 2 times (x 83B)
Class [Lcom.google.common.cache.CacheBuilder$OneWeigher;                              : loaded 2 times (x 69B)
Class com.google.common.base.Suppliers                                                : loaded 2 times (x 71B)
Class com.google.common.base.Platform$JdkPatternCompiler                              : loaded 2 times (x 75B)
Class org.gradle.internal.classloader.DefaultClassLoaderFactory                       : loaded 2 times (x 82B)
Class kotlin.sequences.SequencesKt___SequencesKt                                      : loaded 2 times (x 71B)
Class kotlin.collections.AbstractList$Companion                                       : loaded 2 times (x 71B)
Class org.apache.commons.io.file.PathUtils                                            : loaded 2 times (x 71B)
Class com.google.common.io.ByteSource$ConcatenatedByteSource                          : loaded 2 times (x 85B)
Class com.google.common.collect.ReverseNaturalOrdering                                : loaded 2 times (x 114B)
Class com.google.common.collect.ImmutableSortedMapFauxverideShim                      : loaded 2 times (x 120B)
Class [Lcom.google.common.collect.AbstractIterator$State;                             : loaded 2 times (x 69B)
Class org.jetbrains.kotlin.compilerRunner.CompilerSystemPropertiesService$Parameters_Decorated: loaded 2 times (x 134B)
Class org.jetbrains.kotlin.gradle.plugin.KotlinTargetWithTests                        : loaded 2 times (x 70B)
Class org.jetbrains.kotlin.gradle.plugin.diagnostics.ToolingDiagnosticRenderingOptions: loaded 2 times (x 72B)
Class [Lorg.jetbrains.kotlin.gradle.dsl.KotlinVersion;                                : loaded 2 times (x 69B)
Class org.jetbrains.kotlin.gradle.plugin.diagnostics.checkers.JsEnvironmentChecker    : loaded 2 times (x 76B)
Class org.jetbrains.kotlin.gradle.targets.js.npm.NpmDependencyExtensionKt             : loaded 2 times (x 71B)
Class org.jetbrains.kotlin.gradle.report.BuildMetricsService                          : loaded 2 times (x 86B)
Class org.jetbrains.kotlin.statistics.metrics.NumberAnonymizationPolicy               : loaded 2 times (x 85B)
Class org.jetbrains.kotlin.statistics.metrics.StringAnonymizationPolicy               : loaded 2 times (x 78B)
Class com.google.common.base.CharMatcher$None                                         : loaded 2 times (x 112B)
Class org.gradle.internal.classloader.ClassLoaderVisitor                              : loaded 2 times (x 76B)
Class com.google.common.collect.Ordering                                              : loaded 2 times (x 114B)
Class org.jetbrains.kotlin.build.report.metrics.BuildPerformanceMetrics               : loaded 2 times (x 72B)
Class org.jetbrains.kotlin.gradle.plugin.mpp.compilationImpl.KotlinCompilationLanguageSettingsConfigurator: loaded 2 times (x 74B)
Class org.jetbrains.kotlin.gradle.plugin.KotlinPluginLifecycleKt$await$1              : loaded 2 times (x 88B)
Class [Lorg.jetbrains.kotlin.gradle.plugin.KotlinCompilation;                         : loaded 2 times (x 69B)
Class org.jetbrains.kotlin.gradle.plugin.mpp.KotlinTargetComponentWithPublication     : loaded 2 times (x 70B)
Class org.jetbrains.kotlin.gradle.dsl.KotlinTargetContainerWithJsPresetFunctions      : loaded 2 times (x 70B)
Class org.jetbrains.kotlin.gradle.report.ReportingSettings$Companion                  : loaded 2 times (x 71B)
Class org.jetbrains.kotlin.gradle.report.ConfigureReporingKt                          : loaded 2 times (x 71B)
Class org.jetbrains.kotlin.tooling.core.TypeUtils                                     : loaded 2 times (x 71B)
Class [Lcom.google.common.collect.ImmutableMapEntry;                                  : loaded 2 times (x 69B)
Class org.gradle.api.internal.classpath.EffectiveClassPath                            : loaded 2 times (x 90B)
Class kotlin.text.StringsKt__AppendableKt                                             : loaded 2 times (x 71B)
Class [Lorg.apache.commons.io.StandardLineSeparator;                                  : loaded 2 times (x 69B)
Class org.apache.commons.io.output.StringBuilderWriter                                : loaded 2 times (x 100B)
Class com.google.common.collect.CollectSpliterators$1WithCharacteristics              : loaded 2 times (x 90B)
Class com.google.common.collect.AbstractIterator$1                                    : loaded 2 times (x 71B)
Class org.jetbrains.kotlin.gradle.utils.CompatibilityKt                               : loaded 2 times (x 71B)
Class org.jetbrains.kotlin.gradle.plugin.mpp.compilationImpl.DefaultKotlinCompilationConfigurationsContainer: loaded 2 times (x 85B)
Class com.google.common.collect.ImmutableRangeSet                                     : loaded 2 times (x 115B)
Class org.jetbrains.kotlin.gradle.tasks.TasksProviderKt                               : loaded 2 times (x 71B)
Class org.jetbrains.kotlin.gradle.plugin.diagnostics.ToolingDiagnostic                : loaded 2 times (x 72B)
Class org.jetbrains.kotlin.gradle.plugin.sources.DefaultKotlinSourceSetFactory        : loaded 2 times (x 80B)
Class com.google.common.collect.ImmutableEnumMap                                      : loaded 2 times (x 125B)
Class com.google.common.collect.ListMultimap                                          : loaded 2 times (x 70B)
Class com.google.common.collect.ImmutableSet$SerializedForm                           : loaded 2 times (x 73B)
Class com.google.common.collect.ComparatorOrdering                                    : loaded 2 times (x 115B)
Class org.jetbrains.kotlin.incremental.ClasspathChanges                               : loaded 2 times (x 71B)
Class org.jetbrains.kotlin.buildtools.api.jvm.ClassSnapshotGranularity                : loaded 2 times (x 79B)
Class org.jetbrains.kotlin.gradle.ExternalKotlinTargetApi                             : loaded 2 times (x 70B)
Class com.google.common.collect.Iterators$EmptyModifiableIterator                     : loaded 2 times (x 86B)
Class org.jetbrains.kotlin.gradle.plugin.diagnostics.checkers.AndroidPluginWithoutAndroidTargetChecker$runChecks$1: loaded 2 times (x 88B)
Class org.jetbrains.kotlin.gradle.plugin.diagnostics.checkers.AndroidSourceSetLayoutV1SourceSetsNotFoundChecker$runChecks$1: loaded 2 times (x 88B)
Class org.jetbrains.kotlin.gradle.plugin.diagnostics.KotlinGradleProjectCheckersRunnerKt$launchKotlinGradleProjectCheckers$1$1: loaded 2 times (x 95B)
Class org.jetbrains.kotlin.statistics.metrics.BooleanAnonymizationPolicy              : loaded 2 times (x 85B)
Class org.jetbrains.kotlin.statistics.metrics.BooleanOverridePolicy$OVERRIDE          : loaded 2 times (x 85B)
Class org.jetbrains.kotlin.gradle.plugin.VariantImplementationFactoriesConfigurator$Companion$getProvider$1: loaded 2 times (x 74B)
Class com.google.common.collect.Sets$1                                                : loaded 2 times (x 139B)
Class org.objectweb.asm.AnnotationVisitor                                             : loaded 2 times (x 78B)
Class com.google.common.base.Splitter                                                 : loaded 2 times (x 72B)
Class org.gradle.api.internal.DefaultClassPathProvider                                : loaded 2 times (x 76B)
Class kotlin.sequences.Sequence                                                       : loaded 2 times (x 70B)
Class kotlin.text.StringsKt__StringNumberConversionsJVMKt                             : loaded 2 times (x 71B)
Class [Lcom.google.common.base.Function;                                              : loaded 2 times (x 69B)
Class com.google.common.io.CharSource$ConcatenatedCharSource                          : loaded 2 times (x 86B)
Class org.jetbrains.kotlin.statistics.metrics.OverrideMetricContainer                 : loaded 2 times (x 80B)
Class com.google.common.collect.NaturalOrdering                                       : loaded 2 times (x 115B)
Class com.google.common.collect.MapMakerInternalMap$Strength$1                        : loaded 2 times (x 80B)
Class com.google.common.collect.Maps$ViewCachingAbstractMap                           : loaded 2 times (x 125B)
Class org.jetbrains.kotlin.gradle.tasks.configuration.BaseKotlinCompileConfig$1$3$classpathEntrySnapshotFiles$1: loaded 2 times (x 74B)
Class org.jetbrains.kotlin.gradle.tasks.configuration.KaptGenerateStubsConfig$Companion$wireJavaAndKotlinOutputs$1: loaded 2 times (x 79B)
Class org.jetbrains.kotlin.gradle.plugin.KotlinPluginLifecycleCoroutineContextElement : loaded 2 times (x 84B)
Class org.jetbrains.kotlin.gradle.dsl.PlatformSourceSetConventionsChecker             : loaded 2 times (x 74B)
Class org.jetbrains.kotlin.gradle.plugin.diagnostics.checkers.KotlinSourceSetTreeDependsOnMismatchChecker: loaded 2 times (x 74B)
Class org.jetbrains.kotlin.statistics.metrics.NumericalMetrics                        : loaded 2 times (x 80B)
Class org.jetbrains.kotlin.gradle.plugin.VariantImplementationFactories$Companion$getProvider$2$1: loaded 2 times (x 79B)
Class com.google.common.collect.Sets$2                                                : loaded 2 times (x 139B)
Class [Lorg.gradle.api.internal.ClassPathProvider;                                    : loaded 2 times (x 69B)
Class org.gradle.api.internal.ClassPathProvider                                       : loaded 2 times (x 70B)
Class jdk.internal.jrtfs.SystemImage                                                  : loaded 2 times (x 74B)
Class com.google.common.reflect.Types$ClassOwnership$1                                : loaded 2 times (x 80B)
Class org.jetbrains.kotlin.cli.common.CompilerSystemProperties                        : loaded 2 times (x 80B)
Class com.google.common.collect.MapMakerInternalMap$Strength$2                        : loaded 2 times (x 80B)
Class org.jetbrains.kotlin.gradle.plugin.diagnostics.CheckKotlinGradlePluginConfigurationErrors$Companion: loaded 2 times (x 71B)
Class org.jetbrains.kotlin.gradle.tasks.KotlinJvmCompile$DefaultImpls                 : loaded 2 times (x 71B)
Class org.jetbrains.kotlin.gradle.tasks.CacheableTasksKt                              : loaded 2 times (x 71B)
Class org.jetbrains.kotlin.gradle.plugin.diagnostics.checkers.UnusedSourceSetsChecker$runChecks$1: loaded 2 times (x 88B)
Class org.jetbrains.kotlin.gradle.targets.js.npm.PeerNpmDependencyExtension           : loaded 2 times (x 70B)
Class org.jetbrains.kotlin.gradle.dsl.AndroidMainSourceSetConventionsChecker          : loaded 2 times (x 74B)
Class org.jetbrains.kotlin.build.report.metrics.GradleBuildPerformanceMetric          : loaded 2 times (x 92B)
Class [Lorg.objectweb.asm.AnnotationVisitor;                                          : loaded 2 times (x 69B)
Class com.google.common.collect.Sets$3                                                : loaded 2 times (x 139B)
Class com.google.common.util.concurrent.AbstractFuture$SafeAtomicHelper               : loaded 2 times (x 79B)
Class com.google.common.cache.LocalCache$LocalLoadingCache                            : loaded 2 times (x 134B)
Class com.google.common.base.AbstractIterator$State                                   : loaded 2 times (x 79B)
Class org.gradle.internal.service.UnknownServiceException                             : loaded 2 times (x 83B)
Class com.google.common.reflect.Types$ClassOwnership$2                                : loaded 2 times (x 80B)
Class com.google.common.reflect.TypeResolver                                          : loaded 2 times (x 72B)
Class com.google.common.io.ByteArrayDataInput                                         : loaded 2 times (x 70B)
Class com.google.common.collect.MapMakerInternalMap$StrongValueEntry                  : loaded 2 times (x 70B)
Class org.jetbrains.kotlin.gradle.tasks.configuration.BaseKotlinCompileConfig$2$1$1$1 : loaded 2 times (x 74B)
Class org.jetbrains.kotlin.gradle.tasks.KotlinCompile$ScriptFilterSpec                : loaded 2 times (x 75B)
Class org.jetbrains.kotlin.gradle.targets.js.npm.DefaultPeerNpmDependencyExtension    : loaded 2 times (x 141B)
Class org.jetbrains.kotlin.gradle.plugin.KotlinPluginLifecycleKt                      : loaded 2 times (x 71B)
Class org.jetbrains.kotlin.gradle.plugin.mpp.AbstractKotlinTarget                     : loaded 2 times (x 156B)
Class org.jetbrains.kotlin.gradle.plugin.VariantImplementationFactoriesConfigurator$Inject: loaded 2 times (x 96B)
Class org.jetbrains.kotlin.gradle.dsl.KotlinSingleTargetExtension                     : loaded 2 times (x 124B)
Class com.google.common.collect.Sets$4                                                : loaded 2 times (x 139B)
Class org.objectweb.asm.ModuleVisitor                                                 : loaded 2 times (x 81B)
Class com.google.common.cache.LocalCache$Strength$1                                   : loaded 2 times (x 81B)
Class com.google.common.collect.Collections2$FilteredCollection                       : loaded 2 times (x 119B)
Class org.apache.commons.io.output.QueueOutputStream                                  : loaded 2 times (x 87B)
Class com.google.common.reflect.Types$ClassOwnership$3                                : loaded 2 times (x 71B)
Class org.jetbrains.kotlin.gradle.tasks.configuration.BaseKotlinCompileConfig$2$1$1$2 : loaded 2 times (x 74B)
Class org.jetbrains.kotlin.gradle.plugin.mpp.KotlinCompilationsKt$addSourcesToKotlinCompileTask$configureAction$2: loaded 2 times (x 79B)
Class org.jetbrains.kotlin.gradle.plugin.mpp.compilationImpl.KotlinCompilationTaskNamesContainer: loaded 2 times (x 72B)
Class org.jetbrains.kotlin.gradle.plugin.mpp.compilationImpl.factory.KotlinCompilationImplFactory$KotlinCompilerOptionsFactory: loaded 2 times (x 70B)
Class org.jetbrains.kotlin.gradle.targets.js.npm.NpmDependencyExtension               : loaded 2 times (x 70B)
Class org.jetbrains.kotlin.gradle.plugin.LanguageSettingsBuilder                      : loaded 2 times (x 70B)
Class org.jetbrains.kotlin.gradle.plugin.BuildEventsListenerRegistryHolder$Companion  : loaded 2 times (x 71B)
Class [Lorg.jetbrains.kotlin.statistics.metrics.StringMetrics;                        : loaded 2 times (x 69B)
Class com.google.common.util.concurrent.SettableFuture                                : loaded 2 times (x 114B)
Class com.google.common.cache.LocalCache$Strength$2                                   : loaded 2 times (x 81B)
Class kotlin.collections.ArraysKt___ArraysJvmKt                                       : loaded 2 times (x 71B)
Class kotlin.collections.CollectionsKt__CollectionsKt                                 : loaded 2 times (x 71B)
Class kotlin.text.StringsKt__RegexExtensionsJVMKt                                     : loaded 2 times (x 71B)
Class [Lcom.google.common.collect.Maps$EntryFunction;                                 : loaded 2 times (x 69B)
Class com.google.common.io.ByteStreams                                                : loaded 2 times (x 71B)
Class com.google.common.collect.AllEqualOrdering                                      : loaded 2 times (x 114B)
Class com.google.common.collect.Interners$InternerImpl                                : loaded 2 times (x 75B)
Class com.google.common.collect.Interner                                              : loaded 2 times (x 70B)
Class com.google.common.collect.TransformedIterator                                   : loaded 2 times (x 80B)
Class org.jetbrains.kotlin.gradle.tasks.KotlinJavaToolchain$JdkSetter                 : loaded 2 times (x 70B)
Class org.jetbrains.kotlin.gradle.utils.ConfigurationCacheKt                          : loaded 2 times (x 71B)
Class org.jetbrains.kotlin.gradle.plugin.KotlinPluginLifecycle$ProjectConfigurationResult$Success: loaded 2 times (x 71B)
Class org.jetbrains.kotlin.gradle.internal.StdlibDependencyManagementKt$configureStdlibVersionAlignment$1: loaded 2 times (x 75B)
Class org.jetbrains.kotlin.gradle.dsl.PlatformSourceSetConventionsChecker$CheckedPlatformInfo: loaded 2 times (x 72B)
Class org.jetbrains.kotlin.gradle.plugin.mpp.KotlinUsages$KotlinCinteropDisambiguation: loaded 2 times (x 76B)
Class org.jetbrains.kotlin.gradle.plugin.KotlinPluginInMultipleProjectsHolder         : loaded 2 times (x 72B)
Class org.jetbrains.kotlin.gradle.report.BuildReportType$Companion                    : loaded 2 times (x 71B)
Class com.google.common.cache.LocalCache$Strength$3                                   : loaded 2 times (x 81B)
Class com.google.common.collect.MapDifference                                         : loaded 2 times (x 70B)
Class com.google.common.base.Splitter$1                                               : loaded 2 times (x 77B)
Class com.google.common.reflect.Invokable                                             : loaded 2 times (x 103B)
Class com.google.common.collect.MapMaker$Dummy                                        : loaded 2 times (x 79B)
Class org.jetbrains.kotlin.gradle.tasks.KotlinCompilerPluginData$InputsOutputsState   : loaded 2 times (x 72B)
Class org.jetbrains.kotlin.gradle.plugin.sources.FragmentConsistencyChecks$optInAnnotationsCheck$1: loaded 2 times (x 79B)
Class org.jetbrains.kotlin.gradle.plugin.mpp.AbstractKotlinCompilationToRunnableFiles : loaded 2 times (x 196B)
Class org.jetbrains.kotlin.gradle.plugin.mpp.KotlinUsages$KotlinMetadataCompatibility : loaded 2 times (x 76B)
Class [Lorg.jetbrains.kotlin.gradle.dsl.JvmTarget;                                    : loaded 2 times (x 69B)
Class org.jetbrains.kotlin.gradle.plugin.StatisticsBuildFlowManager$Companion         : loaded 2 times (x 71B)
Class org.jetbrains.kotlin.statistics.metrics.StringMetrics$Companion                 : loaded 2 times (x 71B)
Class org.jetbrains.kotlin.tooling.core.Extras$Type                                   : loaded 2 times (x 72B)
Class org.objectweb.asm.FieldWriter                                                   : loaded 2 times (x 78B)
Class com.google.common.cache.CacheBuilder$NullListener                               : loaded 2 times (x 82B)
Class org.gradle.internal.classpath.TransformedClassPath                              : loaded 2 times (x 96B)
Class org.gradle.internal.classloader.InstrumentingClassLoader                        : loaded 2 times (x 70B)
Class jdk.internal.jrtfs.SystemImage$1                                                : loaded 2 times (x 78B)
Class kotlin.enums.EnumEntriesList                                                    : loaded 2 times (x 223B)
Class org.apache.commons.io.output.UnsynchronizedByteArrayOutputStream                : loaded 2 times (x 102B)
Class com.google.common.reflect.Types$ParameterizedTypeImpl                           : loaded 2 times (x 81B)
Class com.google.common.collect.ImmutableListMultimap                                 : loaded 2 times (x 176B)
Class org.jetbrains.kotlin.gradle.internal.StdlibDependencyManagementKt$configureStdlibVersionAlignment$1$1$1: loaded 2 times (x 75B)
Class org.jetbrains.kotlin.gradle.plugin.BuildFinishedListenerService$Companion       : loaded 2 times (x 71B)
Class org.jetbrains.kotlin.gradle.plugin.BuildFinishedListenerService                 : loaded 2 times (x 80B)
Class com.google.common.collect.ImmutableRangeSet$AsSet                               : loaded 2 times (x 299B)
Class org.jetbrains.kotlin.gradle.plugin.sources.FragmentConsistencyChecks$optInAnnotationsCheck$2: loaded 2 times (x 78B)
Class com.google.common.cache.CacheLoader$FunctionToCacheLoader                       : loaded 2 times (x 75B)
Class com.google.common.collect.Iterators$ArrayItr                                    : loaded 2 times (x 97B)
Class com.google.common.collect.ImmutableCollection$Builder                           : loaded 2 times (x 76B)
Class jdk.internal.jrtfs.SystemImage$2                                                : loaded 2 times (x 76B)
Class kotlin.collections.CollectionsKt__IteratorsJVMKt                                : loaded 2 times (x 71B)
Class org.apache.commons.io.output.ByteArrayOutputStream                              : loaded 2 times (x 102B)
Class com.google.common.reflect.TypeResolver$TypeVariableKey                          : loaded 2 times (x 72B)
Class com.google.common.collect.EmptyImmutableListMultimap                            : loaded 2 times (x 176B)
Class com.google.common.collect.BaseImmutableMultimap                                 : loaded 2 times (x 123B)
Class org.jetbrains.kotlin.gradle.tasks.configuration.BaseKotlinCompileConfig$1$3$2   : loaded 2 times (x 75B)
Class org.jetbrains.kotlin.gradle.tasks.AbstractKotlinCompileTool$sources$1           : loaded 2 times (x 79B)
Class org.jetbrains.kotlin.gradle.tasks.configuration.TaskConfigAction                : loaded 2 times (x 72B)
Class org.jetbrains.kotlin.gradle.plugin.AbstractKotlinPlugin$Companion               : loaded 2 times (x 71B)
Class org.jetbrains.kotlin.gradle.plugin.KotlinSourceSetTree                          : loaded 2 times (x 72B)
Class org.jetbrains.kotlin.gradle.plugin.KotlinPluginLifecycle$Stage                  : loaded 2 times (x 79B)
Class org.jetbrains.kotlin.gradle.plugin.sources.KotlinSourceSetFactory               : loaded 2 times (x 80B)
Class org.jetbrains.kotlin.gradle.internal.ClassLoadersCachingBuildService$Companion  : loaded 2 times (x 71B)
Class org.jetbrains.kotlin.gradle.plugin.StatisticsBuildFlowManager$subscribeForBuildResult$1$1: loaded 2 times (x 74B)
Class com.google.common.base.Joiner                                                   : loaded 2 times (x 79B)
Class com.google.common.base.MoreObjects                                              : loaded 2 times (x 71B)
Class jdk.internal.jimage.BasicImageReader                                            : loaded 2 times (x 95B)
Class [Lorg.jetbrains.kotlin.build.report.metrics.BuildAttribute;                     : loaded 2 times (x 69B)
Class org.jetbrains.kotlin.gradle.plugin.hierarchy.KotlinSourceSetTreeClassifier$Default: loaded 2 times (x 71B)
Class org.jetbrains.kotlin.gradle.plugin.mpp.InternalKotlinCompilationKt              : loaded 2 times (x 71B)
Class org.jetbrains.kotlin.gradle.tasks.configuration.AbstractKotlinCompileConfig     : loaded 2 times (x 72B)
Class org.jetbrains.kotlin.gradle.plugin.mpp.compilationImpl.KotlinCompilationImpl$attributes$2: loaded 2 times (x 79B)
Class org.jetbrains.kotlin.gradle.utils.IsolatedKotlinClasspathClassCastException     : loaded 2 times (x 82B)
Class [Lorg.objectweb.asm.Type;                                                       : loaded 2 times (x 69B)
Class com.google.common.collect.Platform                                              : loaded 2 times (x 71B)
Class com.google.common.collect.UnmodifiableIterator                                  : loaded 2 times (x 80B)
Class org.gradle.internal.service.ServiceLocator                                      : loaded 2 times (x 70B)
Class jdk.internal.jrtfs.JrtFileSystemProvider                                        : loaded 2 times (x 101B)
Class org.apache.commons.io.FileExistsException                                       : loaded 2 times (x 82B)
Class com.google.common.collect.HashBiMap$BiEntry                                     : loaded 2 times (x 83B)
Class com.google.common.collect.ImmutableSortedMap$Builder                            : loaded 2 times (x 90B)
Class org.jetbrains.kotlin.gradle.tasks.DefaultKotlinJavaToolchain$DefaultJavaToolchainSetter$useAsConvention$1: loaded 2 times (x 75B)
Class org.jetbrains.kotlin.gradle.plugin.KotlinCompilerArgumentsProducer$CreateCompilerArgumentsContext: loaded 2 times (x 70B)
Class org.jetbrains.kotlin.gradle.plugin.diagnostics.RenderReportedDiagnosticsKt      : loaded 2 times (x 71B)
Class org.jetbrains.kotlin.gradle.plugin.hierarchy.KotlinSourceSetTreeClassifierKt$classify$1: loaded 2 times (x 88B)
Class com.google.common.collect.SingletonImmutableBiMap                               : loaded 2 times (x 143B)
Class org.jetbrains.kotlin.gradle.plugin.diagnostics.checkers.WasmSourceSetsNotFoundChecker: loaded 2 times (x 74B)
Class org.jetbrains.kotlin.gradle.plugin.diagnostics.checkers.AndroidSourceSetLayoutV1SourceSetsNotFoundChecker$androidSourceSetRegex$2: loaded 2 times (x 78B)
Class com.google.common.base.Ascii                                                    : loaded 2 times (x 71B)
Class com.google.common.cache.LocalCache$1                                            : loaded 2 times (x 89B)
Class com.google.common.collect.AbstractMapEntry                                      : loaded 2 times (x 81B)
Class kotlin.io.CloseableKt                                                           : loaded 2 times (x 71B)
Class kotlin.collections.CollectionsKt__MutableCollectionsKt                          : loaded 2 times (x 71B)
Class com.google.common.io.CharSource$StringCharSource                                : loaded 2 times (x 86B)
Class com.google.common.reflect.TypeToken$SimpleTypeToken                             : loaded 2 times (x 73B)
Class com.google.common.io.ByteSource$ByteArrayByteSource                             : loaded 2 times (x 85B)
Class com.google.common.collect.AbstractSetMultimap                                   : loaded 2 times (x 174B)
Class com.google.common.collect.MapMakerInternalMap$AbstractStrongKeyEntry            : loaded 2 times (x 80B)
Class org.jetbrains.kotlin.gradle.plugin.KotlinCompilationWithResources               : loaded 2 times (x 70B)
Class com.google.common.collect.Sets$ImprovedAbstractSet                              : loaded 2 times (x 135B)
Class com.google.common.collect.ImmutableList$Builder                                 : loaded 2 times (x 77B)
Class org.jetbrains.kotlin.gradle.plugin.KotlinTargetPreset                           : loaded 2 times (x 70B)
Class org.jetbrains.kotlin.gradle.plugin.diagnostics.checkers.KotlinTargetAlreadyDeclaredChecker: loaded 2 times (x 74B)
Class org.jetbrains.kotlin.gradle.plugin.mpp.KotlinUsages$KotlinJavaRuntimeJarsCompatibility: loaded 2 times (x 76B)
Class org.jetbrains.kotlin.gradle.utils.FileUtilsKt$localProperties$1                 : loaded 2 times (x 75B)
Class com.google.common.cache.LocalCache$2                                            : loaded 2 times (x 142B)
Class com.google.common.collect.AbstractMultimap                                      : loaded 2 times (x 123B)
Class org.jetbrains.kotlin.gradle.tasks.configuration.AbstractKotlinCompileConfig$2$1 : loaded 2 times (x 79B)
Class org.jetbrains.kotlin.gradle.tasks.DefaultKotlinJavaToolchain_Decorated          : loaded 2 times (x 126B)
Class org.jetbrains.kotlin.gradle.plugin.KotlinCompilationInfo$TCS                    : loaded 2 times (x 89B)
Class com.google.common.collect.ImmutableRangeSet$1                                   : loaded 2 times (x 209B)
Class org.jetbrains.kotlin.gradle.plugin.mpp.HasBinaries                              : loaded 2 times (x 70B)
Class org.jetbrains.kotlin.gradle.dsl.KotlinCommonOptions                             : loaded 2 times (x 70B)
Class org.jetbrains.kotlin.gradle.dsl.KotlinJvmProjectExtension                       : loaded 2 times (x 139B)
Class org.jetbrains.kotlin.gradle.plugin.KotlinCompilerArgumentsProducer              : loaded 2 times (x 70B)
Class org.jetbrains.kotlin.build.report.metrics.ValueType                             : loaded 2 times (x 79B)
Class com.google.common.util.concurrent.AbstractFuture$UnsafeAtomicHelper$1           : loaded 2 times (x 76B)
Class com.google.common.collect.RegularImmutableAsList                                : loaded 2 times (x 216B)
Class com.google.common.base.Optional                                                 : loaded 2 times (x 80B)
Class org.jetbrains.kotlin.build.report.metrics.BuildTimes$Companion                  : loaded 2 times (x 71B)
Class org.jetbrains.kotlin.gradle.tasks.configuration.BaseKotlinCompileConfig$1$classpathConfiguration$1: loaded 2 times (x 75B)
Class com.google.common.collect.Range                                                 : loaded 2 times (x 87B)
Class org.jetbrains.kotlin.gradle.targets.js.npm.NpmDependencyExtensionDelegate       : loaded 2 times (x 167B)
Class org.jetbrains.kotlin.gradle.plugin.sources.FragmentConsistencyChecker           : loaded 2 times (x 72B)
Class org.jetbrains.kotlin.gradle.dsl.DefaultToolchainSupport_Decorated               : loaded 2 times (x 124B)
Class org.jetbrains.kotlin.gradle.report.BuildMetricsService$Companion                : loaded 2 times (x 71B)
Class org.jetbrains.kotlin.gradle.tasks.KotlinCompileTool                             : loaded 2 times (x 70B)
Class org.jetbrains.kotlin.gradle.plugin.VariantImplementationFactories$Parameters_Decorated: loaded 2 times (x 134B)
Class org.jetbrains.kotlin.gradle.plugin.PropertiesProvider$PropertyNames             : loaded 2 times (x 71B)
Class org.jetbrains.kotlin.gradle.utils.GradleUtilsKt                                 : loaded 2 times (x 71B)
Class org.jetbrains.kotlin.gradle.plugin.HasProject                                   : loaded 2 times (x 70B)
Class com.google.common.util.concurrent.AbstractFuture$Trusted                        : loaded 2 times (x 70B)
Class com.google.common.collect.Iterators                                             : loaded 2 times (x 71B)
Class com.google.common.base.CharMatcher$RangesMatcher                                : loaded 2 times (x 112B)
Class jdk.internal.jrtfs.JrtDirectoryStream$1                                         : loaded 2 times (x 83B)
Class jdk.internal.jimage.ImageLocation                                               : loaded 2 times (x 90B)
Class org.gradle.internal.classloader.FilteringClassLoader                            : loaded 2 times (x 105B)
Class com.google.common.collect.ExplicitOrdering                                      : loaded 2 times (x 115B)
Class com.google.common.io.ByteSink$AsCharSink                                        : loaded 2 times (x 80B)
Class org.jetbrains.kotlin.gradle.tasks.configuration.AbstractKotlinCompileConfig$2$3 : loaded 2 times (x 75B)
Class org.jetbrains.kotlin.gradle.tasks.configuration.BaseKotlinCompileConfig         : loaded 2 times (x 72B)
Class org.jetbrains.kotlin.gradle.plugin.mpp.compilationImpl.factory.KotlinCompilationImplFactory$KotlinCompilationTaskNamesContainerFactory: loaded 2 times (x 70B)
Class org.jetbrains.kotlin.gradle.ExperimentalKotlinGradlePluginApi                   : loaded 2 times (x 70B)
Class org.jetbrains.kotlin.statistics.metrics.NumberAnonymizationPolicy$SAFE          : loaded 2 times (x 85B)
Class com.google.common.util.concurrent.UncheckedExecutionException                   : loaded 2 times (x 82B)
Class com.google.common.collect.Lists$StringAsImmutableList                           : loaded 2 times (x 207B)
Class org.jetbrains.kotlin.gradle.tasks.configuration.AbstractKotlinCompileConfig$2$4 : loaded 2 times (x 75B)
Class org.jetbrains.kotlin.gradle.tasks.KotlinCompile$scriptSources$1                 : loaded 2 times (x 75B)
Class org.jetbrains.kotlin.build.report.metrics.BuildAttribute$Companion              : loaded 2 times (x 71B)
Class org.jetbrains.kotlin.gradle.tasks.configuration.KaptGenerateStubsConfig$Companion: loaded 2 times (x 71B)
Class org.jetbrains.kotlin.gradle.internal.KotlinTestDependencyManagementKt$maybeAddTestDependencyCapability$1: loaded 2 times (x 75B)
Class com.google.common.collect.ImmutableSortedSetFauxverideShim                      : loaded 2 times (x 147B)
Class org.jetbrains.kotlin.gradle.plugin.diagnostics.CheckKotlinGradlePluginConfigurationErrorsKt: loaded 2 times (x 71B)
Class org.jetbrains.kotlin.gradle.plugin.mpp.KotlinJvmAndroidCompilation              : loaded 2 times (x 198B)
Class org.jetbrains.kotlin.gradle.plugin.mpp.ApplyUserDefinedAttributesKt             : loaded 2 times (x 71B)
Class org.jetbrains.kotlin.tooling.core.TypeUtils$WhenMappings                        : loaded 2 times (x 71B)
Class org.jetbrains.kotlin.gradle.utils.FutureImpl                                    : loaded 2 times (x 80B)
Class [Lorg.jetbrains.kotlin.statistics.metrics.NumericalMetrics;                     : loaded 2 times (x 69B)
Class com.google.common.base.CharMatcher$JavaLetterOrDigit                            : loaded 2 times (x 111B)
Class org.gradle.internal.InternalTransformer                                         : loaded 2 times (x 70B)
Class jdk.internal.jimage.ImageBufferCache$1                                          : loaded 2 times (x 83B)
Class kotlin.collections.MapsKt__MapsJVMKt                                            : loaded 2 times (x 71B)
Class kotlin.collections.EmptyList                                                    : loaded 2 times (x 174B)
Class com.google.common.collect.HashMultimapGwtSerializationDependencies              : loaded 2 times (x 174B)
Class org.jetbrains.kotlin.gradle.tasks.CompileUsingKotlinDaemonWithNormalization     : loaded 2 times (x 70B)
Class org.jetbrains.kotlin.gradle.plugin.mpp.compilationImpl.factory.KotlinCompilationImplFactory$PostConfigure$Companion: loaded 2 times (x 71B)
Class com.google.common.collect.AbstractMapBasedMultimap$KeySet$1                     : loaded 2 times (x 82B)
Class org.jetbrains.kotlin.gradle.targets.js.npm.DefaultDevNpmDependencyExtension     : loaded 2 times (x 145B)
Class [Lorg.jetbrains.kotlin.gradle.plugin.HasKotlinDependencies;                     : loaded 2 times (x 69B)
Class org.jetbrains.kotlin.gradle.tasks.DefaultKotlinJavaToolchain$Companion$wireJvmTargetToToolchain$1: loaded 2 times (x 75B)
Class org.jetbrains.kotlin.gradle.plugin.KotlinPlatformType                           : loaded 2 times (x 82B)
Class org.jetbrains.kotlin.gradle.plugin.KotlinGradleBuildServices$Companion          : loaded 2 times (x 71B)
Class org.objectweb.asm.ClassWriter                                                   : loaded 2 times (x 106B)
Class com.google.common.cache.CacheLoader$UnsupportedLoadingOperationException        : loaded 2 times (x 82B)
Class com.google.common.base.CharMatcher$And                                          : loaded 2 times (x 112B)
Class org.gradle.internal.classloader.ClasspathUtil$1                                 : loaded 2 times (x 76B)
Class jdk.internal.jimage.ImageBufferCache$2                                          : loaded 2 times (x 91B)
Class com.google.common.collect.FluentIterable$1                                      : loaded 2 times (x 81B)
Class com.google.common.base.Objects                                                  : loaded 2 times (x 71B)
Class org.jetbrains.kotlin.gradle.plugin.BuildFinishedListenerService$Companion$registerIfAbsent$1: loaded 2 times (x 74B)
Class com.google.common.collect.AbstractMapBasedMultimap$Itr                          : loaded 2 times (x 83B)
Class org.jetbrains.kotlin.gradle.plugin.diagnostics.ToolingDiagnosticRenderingOptions$Companion: loaded 2 times (x 71B)
Class org.jetbrains.kotlin.gradle.dsl.KotlinJvmCompilerOptionsHelper                  : loaded 2 times (x 71B)
Class org.jetbrains.kotlin.gradle.tasks.DefaultKotlinJavaToolchain$Companion$wireJvmTargetToToolchain$2: loaded 2 times (x 75B)
Class org.jetbrains.kotlin.gradle.plugin.ProjectLocalConfigurations$ProjectLocalDisambiguation: loaded 2 times (x 76B)
Class org.jetbrains.kotlin.gradle.plugin.KotlinGradleBuildServices$detectKotlinPluginLoadedInMultipleProjects$onRegister$1$1: loaded 2 times (x 75B)
Class org.jetbrains.kotlin.gradle.plugin.internal.ConfigurationCacheStartParameterAccessor$Factory: loaded 2 times (x 70B)
Class org.objectweb.asm.FieldVisitor                                                  : loaded 2 times (x 77B)
Class com.google.common.collect.IndexedImmutableSet                                   : loaded 2 times (x 150B)
Class com.google.common.collect.ImmutableMap$1                                        : loaded 2 times (x 81B)
Class com.google.common.collect.BiMap                                                 : loaded 2 times (x 70B)
Class org.gradle.api.internal.classpath.DefaultModuleRegistry$DefaultModule           : loaded 2 times (x 86B)
Class com.google.common.reflect.Reflection                                            : loaded 2 times (x 71B)
Class org.jetbrains.kotlin.buildtools.api.KotlinLogger                                : loaded 2 times (x 70B)
Class com.google.common.collect.NullsFirstOrdering                                    : loaded 2 times (x 115B)
Class com.google.common.base.Absent                                                   : loaded 2 times (x 80B)
Class com.google.common.collect.FluentIterable$2                                      : loaded 2 times (x 81B)
Class org.jetbrains.kotlin.gradle.plugin.diagnostics.CheckKotlinGradlePluginConfigurationErrors_Decorated: loaded 2 times (x 365B)
Class org.jetbrains.kotlin.gradle.plugin.mpp.compilationImpl.KotlinCompilationSourceSetInclusion$DefaultAddSourcesToCompileTask$addSources$1: loaded 2 times (x 79B)
Class org.jetbrains.kotlin.gradle.plugin.diagnostics.checkers.WasmSourceSetsNotFoundChecker$wasmSourceSetRegex$2: loaded 2 times (x 78B)
Class org.jetbrains.kotlin.tooling.core.ExtrasUtilsKt                                 : loaded 2 times (x 71B)
Class org.jetbrains.kotlin.buildtools.api.ExperimentalBuildToolsApi                   : loaded 2 times (x 70B)
Class org.jetbrains.kotlin.gradle.utils.ResourceUtilsKt                               : loaded 2 times (x 71B)
Class org.jetbrains.kotlin.gradle.plugin.KotlinPluginWrapperKt$kotlinPluginVersionFromResources$1: loaded 2 times (x 78B)
Class com.google.common.primitives.Ints                                               : loaded 2 times (x 71B)
Class com.google.common.collect.AbstractIterator                                      : loaded 2 times (x 82B)
Class kotlin.collections.ArraysKt__ArraysKt                                           : loaded 2 times (x 71B)
Class com.google.common.collect.FluentIterable$3                                      : loaded 2 times (x 81B)
Class org.jetbrains.kotlin.gradle.tasks.UsesKotlinJavaToolchain$DefaultImpls          : loaded 2 times (x 71B)
Class org.jetbrains.kotlin.build.report.metrics.BuildAttributeKind$Companion          : loaded 2 times (x 71B)
Class org.jetbrains.kotlin.gradle.tasks.configuration.KaptGenerateStubsConfig$Companion$configureLibraries$1: loaded 2 times (x 79B)
Class org.jetbrains.kotlin.gradle.plugin.mpp.compilationImpl.KotlinCompilationSourceSetInclusion$DefaultAddSourcesToCompileTask$addSources$2: loaded 2 times (x 79B)
Class org.jetbrains.kotlin.gradle.tasks.AbstractKotlinCompile                         : loaded 2 times (x 453B)
Class org.jetbrains.kotlin.gradle.plugin.KotlinCompilationOutput                      : loaded 2 times (x 70B)
Class org.jetbrains.kotlin.gradle.plugin.diagnostics.CheckKotlinGradlePluginConfigurationErrorsKt$addDependsOnFromTasksThatShouldFailWhenErrorsReported$1: loaded 2 times (x 75B)
Class org.jetbrains.kotlin.gradle.plugin.KotlinGradleBuildServices$Parameters$Inject  : loaded 2 times (x 106B)
Class org.jetbrains.kotlin.gradle.plugin.KotlinPluginWrapperKt$kotlinPluginVersionFromResources$1$1: loaded 2 times (x 71B)
Class com.google.common.math.MathPreconditions                                        : loaded 2 times (x 71B)
Class com.google.common.collect.Multiset                                              : loaded 2 times (x 70B)
Class com.google.common.collect.ArrayListMultimapGwtSerializationDependencies         : loaded 2 times (x 172B)
Class com.google.common.collect.ObjectArrays                                          : loaded 2 times (x 71B)
Class com.google.common.collect.AbstractIndexedListIterator                           : loaded 2 times (x 96B)
Class kotlin.collections.SetsKt__SetsJVMKt                                            : loaded 2 times (x 71B)
Class kotlin.Function                                                                 : loaded 2 times (x 70B)
Class org.apache.commons.io.output.NullOutputStream                                   : loaded 2 times (x 85B)
Class org.jetbrains.kotlin.tooling.core.Extras$Entry                                  : loaded 2 times (x 72B)
Class org.jetbrains.kotlin.gradle.plugin.sources.InternalKotlinSourceSetKt            : loaded 2 times (x 71B)
Class org.jetbrains.kotlin.gradle.internal.Kapt3GradleSubplugin$Kapt3SubpluginContext : loaded 2 times (x 72B)
Class org.jetbrains.kotlin.gradle.dsl.KotlinJvmCompilerOptionsDefault_Decorated       : loaded 2 times (x 168B)
Class org.jetbrains.kotlin.gradle.plugin.HasKotlinDependencies                        : loaded 2 times (x 70B)
Class org.jetbrains.kotlin.gradle.plugin.BuildEventsListenerRegistryHolder_Decorated  : loaded 2 times (x 119B)
Class org.jetbrains.kotlin.gradle.plugin.statistics.MetricContainer                   : loaded 2 times (x 72B)
Class org.jetbrains.kotlin.gradle.plugin.statistics.old.Pre232IdeaKotlinBuildStatsMXBean: loaded 2 times (x 70B)
Class org.jetbrains.kotlin.gradle.plugin.statistics.KotlinBuildStatsServicesRegistry  : loaded 2 times (x 78B)
Class org.jetbrains.kotlin.gradle.plugin.VariantImplementationFactoriesConfigurator   : loaded 2 times (x 76B)
Class com.google.common.collect.ImmutableMapEntrySet                                  : loaded 2 times (x 151B)
Class org.gradle.api.internal.classpath.Module                                        : loaded 2 times (x 70B)
Class org.jetbrains.kotlin.gradle.tasks.KotlinCompile$ClasspathSnapshotProperties_Decorated: loaded 2 times (x 137B)
Class org.jetbrains.kotlin.gradle.plugin.mpp.compilationImpl.KotlinCompilationSourceSetInclusion$Companion$includedSourceSets$2: loaded 2 times (x 78B)
Class org.jetbrains.kotlin.gradle.targets.js.npm.NpmDirectoryDependencyWithExternalsExtension: loaded 2 times (x 70B)
Class org.jetbrains.kotlin.gradle.plugin.KotlinGradleFinishBuildHandler$Companion     : loaded 2 times (x 71B)
Class com.google.common.cache.Weigher                                                 : loaded 2 times (x 70B)
Class org.gradle.api.internal.classpath.UnknownModuleException                        : loaded 2 times (x 82B)
Class jdk.internal.jimage.ImageHeader                                                 : loaded 2 times (x 71B)
Class org.apache.commons.io.Charsets                                                  : loaded 2 times (x 71B)
Class org.jetbrains.kotlin.gradle.plugin.KotlinPluginLifecycleImpl$executeCurrentStageAndScheduleNext$3: loaded 2 times (x 75B)
Class org.jetbrains.kotlin.gradle.plugin.mpp.compilationImpl.KotlinCompilationRegisterInSourceSetsConfigurator$configure$1: loaded 2 times (x 79B)
Class org.jetbrains.kotlin.gradle.targets.js.npm.NpmDependencyWithExternalsExtension  : loaded 2 times (x 70B)
Class org.jetbrains.kotlin.gradle.plugin.mpp.KotlinUsageContext                       : loaded 2 times (x 70B)
Class org.jetbrains.kotlin.gradle.plugin.KotlinTargetsContainer                       : loaded 2 times (x 70B)
Class org.jetbrains.kotlin.compilerRunner.GradleCliCommonizerKt                       : loaded 2 times (x 71B)
Class org.jetbrains.kotlin.gradle.utils.ConfigurationsKt                              : loaded 2 times (x 71B)
Class org.jetbrains.kotlin.gradle.plugin.StatisticsBuildFlowManager                   : loaded 2 times (x 72B)
Class org.jetbrains.kotlin.gradle.plugin.PluginWrappersKt                             : loaded 2 times (x 71B)
Class com.google.common.base.Stopwatch                                                : loaded 2 times (x 72B)
Class com.google.common.cache.LocalCache$Strength                                     : loaded 2 times (x 81B)
Class com.google.common.cache.Cache                                                   : loaded 2 times (x 70B)
Class com.google.common.collect.RegularImmutableMap$KeySet                            : loaded 2 times (x 150B)
Class org.apache.commons.io.filefilter.IOFileFilter                                   : loaded 2 times (x 70B)
Class com.google.common.io.AppendableWriter                                           : loaded 2 times (x 100B)
Class com.google.common.io.Files$2                                                    : loaded 2 times (x 76B)
Class org.jetbrains.kotlin.gradle.plugin.mpp.InternalKotlinTargetKt                   : loaded 2 times (x 71B)
Class com.google.common.collect.AbstractMultimap$Entries                              : loaded 2 times (x 120B)
Class org.jetbrains.kotlin.gradle.targets.js.dsl.KotlinTargetWithNodeJsDsl            : loaded 2 times (x 70B)
Class org.jetbrains.kotlin.gradle.plugin.sources.DefaultKotlinSourceSetKt$defaultSourceSetLanguageSettingsChecker$1: loaded 2 times (x 78B)
Class org.jetbrains.kotlin.gradle.plugin.sources.InternalKotlinSourceSet              : loaded 2 times (x 70B)
Class org.jetbrains.kotlin.gradle.utils.ObjectCollectionExtKt                         : loaded 2 times (x 71B)
Class org.jetbrains.kotlin.gradle.plugin.KotlinJvmPlugin                              : loaded 2 times (x 80B)
Class org.jetbrains.kotlin.statistics.BuildSessionLogger                              : loaded 2 times (x 77B)
Class org.jetbrains.kotlin.gradle.plugin.internal.ConfigurationCacheStartParameterAccessor: loaded 2 times (x 70B)
Class com.google.common.util.concurrent.AbstractFuture$Cancellation                   : loaded 2 times (x 72B)
Class com.google.common.collect.ImmutableMap$Builder                                  : loaded 2 times (x 82B)
Class com.google.common.base.NullnessCasts                                            : loaded 2 times (x 71B)
Class com.google.common.collect.Maps$EntryFunction$1                                  : loaded 2 times (x 91B)
Class com.google.common.base.Present                                                  : loaded 2 times (x 81B)
Class com.google.common.collect.AbstractMapBasedMultimap$WrappedCollection$WrappedIterator: loaded 2 times (x 84B)
Class org.jetbrains.kotlin.gradle.plugin.internal.BuildIdService$Companion$registerIfAbsent$1$1: loaded 2 times (x 75B)
Class org.jetbrains.kotlin.gradle.targets.js.dsl.KotlinWasmTargetDsl                  : loaded 2 times (x 70B)
Class org.jetbrains.kotlin.gradle.plugin.diagnostics.checkers.DisabledCinteropCommonizationInHmppProjectChecker$runChecks$1: loaded 2 times (x 88B)
Class org.jetbrains.kotlin.gradle.plugin.sources.ConsistencyCheck                     : loaded 2 times (x 72B)
Class org.jetbrains.kotlin.gradle.plugin.sources.DefaultKotlinSourceSetKt$defaultSourceSetLanguageSettingsChecker$2: loaded 2 times (x 78B)
Class org.jetbrains.kotlin.gradle.dsl.KotlinCommonToolOptions                         : loaded 2 times (x 70B)
Class org.jetbrains.kotlin.gradle.plugin.AbstractKotlinPlugin                         : loaded 2 times (x 79B)
Class org.jetbrains.kotlin.gradle.tasks.DefaultKotlinJavaToolchain$Companion$wireJvmTargetToJvm$1: loaded 2 times (x 75B)
Class org.jetbrains.kotlin.gradle.dsl.KotlinMultiplatformExtension                    : loaded 2 times (x 701B)
Class com.google.common.cache.RemovalListener                                         : loaded 2 times (x 70B)
Class org.gradle.api.internal.DefaultClassPathRegistry                                : loaded 2 times (x 76B)
Class com.google.common.collect.Maps$EntryFunction$2                                  : loaded 2 times (x 91B)
Class org.apache.commons.io.file.DeleteOption                                         : loaded 2 times (x 70B)
Class com.google.common.reflect.Invokable$ConstructorInvokable                        : loaded 2 times (x 107B)
Class com.google.common.collect.ImmutableMultimap$Keys                                : loaded 2 times (x 166B)
Class org.jetbrains.kotlin.gradle.targets.js.npm.DefaultPeerNpmDependencyExtension$delegate$1: loaded 2 times (x 167B)
Class org.jetbrains.kotlin.gradle.targets.js.npm.NpmDependency                        : loaded 2 times (x 97B)
Class org.jetbrains.kotlin.gradle.targets.js.npm.DefaultNpmDependencyExtension        : loaded 2 times (x 152B)
Class org.jetbrains.kotlin.gradle.targets.js.npm.NpmDependency$Scope                  : loaded 2 times (x 79B)
Class org.jetbrains.kotlin.gradle.plugin.sources.FragmentConsistencyChecks$unstableFeaturesCheck$1: loaded 2 times (x 79B)
Class org.jetbrains.kotlin.gradle.plugin.sources.DefaultKotlinSourceSet               : loaded 2 times (x 141B)
Class org.jetbrains.kotlin.gradle.plugin.diagnostics.checkers.AndroidSourceSetLayoutV1SourceSetsNotFoundChecker: loaded 2 times (x 74B)
Class org.jetbrains.kotlin.gradle.plugin.VariantImplementationFactories$Parameters    : loaded 2 times (x 70B)
Class com.google.common.primitives.IntsMethodsForWeb                                  : loaded 2 times (x 71B)
Class com.google.common.collect.Multimap                                              : loaded 2 times (x 70B)
Class org.gradle.api.internal.ClassPathRegistry                                       : loaded 2 times (x 70B)
Class org.gradle.internal.classpath.DefaultClassPath$ImmutableUniqueList              : loaded 2 times (x 199B)
Class kotlin.text.StringsKt__StringsJVMKt                                             : loaded 2 times (x 71B)
Class org.apache.commons.io.IOUtils                                                   : loaded 2 times (x 71B)
Class com.google.common.reflect.TypeToken                                             : loaded 2 times (x 73B)
Class com.google.common.base.Equivalence$Identity                                     : loaded 2 times (x 82B)
Class com.google.common.collect.MapMakerInternalMap$Segment                           : loaded 2 times (x 142B)
Class com.google.common.base.ExtraObjectsMethodsForWeb                                : loaded 2 times (x 71B)
Class org.jetbrains.kotlin.gradle.plugin.KotlinCompilation$DefaultImpls               : loaded 2 times (x 71B)
Class org.jetbrains.kotlin.gradle.utils.ProviderApiUtilsKt$providerWithLazyConvention$1: loaded 2 times (x 74B)
Class org.jetbrains.kotlin.gradle.plugin.sources.FragmentConsistencyChecks$unstableFeaturesCheck$2: loaded 2 times (x 78B)
Class org.jetbrains.kotlin.gradle.plugin.KotlinPluginLifecycleImpl                    : loaded 2 times (x 80B)
Class org.jetbrains.kotlin.gradle.dsl.KotlinCommonCompilerOptionsDefault              : loaded 2 times (x 96B)
Class org.jetbrains.kotlin.gradle.dsl.KotlinCommonCompilerToolOptionsDefault          : loaded 2 times (x 84B)
Class org.jetbrains.kotlin.gradle.plugin.StatisticsBuildFlowManager_Decorated         : loaded 2 times (x 119B)
Class org.jetbrains.kotlin.gradle.report.BuildReportMode$Companion                    : loaded 2 times (x 71B)
Class org.jetbrains.kotlin.gradle.plugin.VariantImplementationFactories$VariantImplementationFactory: loaded 2 times (x 70B)
Class kotlin.collections.SetsKt                                                       : loaded 2 times (x 71B)
Class kotlin.text.StringsKt__IndentKt                                                 : loaded 2 times (x 71B)
Class build_6qp6c13kx6zhojg4iaqunayvp                                                 : loaded 2 times (x 181B)
Class com.google.common.base.PairwiseEquivalence                                      : loaded 2 times (x 83B)
Class com.google.common.io.ByteSink                                                   : loaded 2 times (x 76B)
Class org.jetbrains.kotlin.compilerRunner.CompilerSystemPropertiesService             : loaded 2 times (x 80B)
Class org.jetbrains.kotlin.gradle.plugin.mpp.compilationImpl.KotlinCompilationImpl$1  : loaded 2 times (x 79B)
Class org.jetbrains.kotlin.gradle.targets.js.npm.SemVer$Companion                     : loaded 2 times (x 71B)
Class org.jetbrains.kotlin.gradle.plugin.mpp.KotlinUsages$KotlinCinteropCompatibility : loaded 2 times (x 77B)
Class org.jetbrains.kotlin.gradle.dsl.ExplicitApiMode                                 : loaded 2 times (x 79B)
Class org.jetbrains.kotlin.gradle.plugin.VariantImplementationFactories$Companion     : loaded 2 times (x 71B)
Class org.jetbrains.kotlin.gradle.plugin.internal.CustomPropertiesFileValueSource$Parameters_Decorated: loaded 2 times (x 134B)
Class org.jetbrains.kotlin.gradle.dsl.KotlinTopLevelExtensionConfig                   : loaded 2 times (x 70B)
Class com.google.common.cache.CacheBuilder                                            : loaded 2 times (x 72B)
Class com.google.common.collect.SingletonImmutableList                                : loaded 2 times (x 207B)
Class Settings_gradle$1                                                               : loaded 2 times (x 74B)
Class org.gradle.internal.classpath.ClassPath                                         : loaded 2 times (x 70B)
Class org.gradle.api.UncheckedIOException                                             : loaded 2 times (x 82B)
Class [Lcom.google.common.reflect.Types$JavaVersion;                                  : loaded 2 times (x 69B)
Class com.google.common.collect.Interners$InternerBuilder                             : loaded 2 times (x 76B)
Class com.google.common.io.Files$FileByteSource                                       : loaded 2 times (x 85B)
Class org.jetbrains.kotlin.gradle.incremental.IncrementalModuleInfoProvider           : loaded 2 times (x 70B)
Class org.jetbrains.kotlin.gradle.plugin.mpp.compilationImpl.KotlinCompilationImpl$2  : loaded 2 times (x 79B)
Class org.jetbrains.kotlin.gradle.dsl.PlatformSourceSetConventionsChecker$runChecks$1 : loaded 2 times (x 88B)
Class org.jetbrains.kotlin.gradle.dsl.KotlinJvmCompilerOptionsDefault                 : loaded 2 times (x 106B)
Class org.jetbrains.kotlin.gradle.internal.UsesClassLoadersCachingBuildService        : loaded 2 times (x 70B)
Class com.google.common.collect.ImmutableList$ReverseImmutableList                    : loaded 2 times (x 208B)
Class com.google.common.base.JdkPattern                                               : loaded 2 times (x 75B)
Class kotlin.collections.MapsKt__MapsKt                                               : loaded 2 times (x 71B)
Class com.google.common.io.CharSource$CharSequenceCharSource                          : loaded 2 times (x 86B)
Class com.google.common.io.CharStreams$NullWriter                                     : loaded 2 times (x 99B)
Class org.jetbrains.kotlin.gradle.plugin.DefaultKotlinBasePlugin$addKotlinCompilerConfiguration$3$1: loaded 2 times (x 79B)
Class org.jetbrains.kotlin.gradle.tasks.AbstractKotlinCompile$defaultKotlinJavaToolchain$1: loaded 2 times (x 78B)
Class org.jetbrains.kotlin.daemon.common.MultiModuleICSettings                        : loaded 2 times (x 72B)
Class org.jetbrains.kotlin.cli.common.arguments.Freezable                             : loaded 2 times (x 72B)
Class org.jetbrains.kotlin.gradle.plugin.KotlinCompilationInfoKt                      : loaded 2 times (x 71B)
Class org.jetbrains.kotlin.gradle.tasks.KotlinCompile                                 : loaded 2 times (x 498B)
Class org.jetbrains.kotlin.gradle.internal.StdlibDependencyManagementKt               : loaded 2 times (x 71B)
Class org.jetbrains.kotlin.gradle.utils.ObservableSet                                 : loaded 2 times (x 70B)
Class org.jetbrains.kotlin.gradle.plugin.diagnostics.KotlinToolingDiagnosticsCollectorKt: loaded 2 times (x 71B)
Class org.jetbrains.kotlin.gradle.plugin.mpp.HierarchyAttributeContainer              : loaded 2 times (x 83B)
Class org.jetbrains.kotlin.gradle.tasks.UsesKotlinJavaToolchain                       : loaded 2 times (x 70B)
Class org.jetbrains.kotlin.statistics.metrics.StringOverridePolicy$OVERRIDE           : loaded 2 times (x 85B)
Class org.objectweb.asm.SymbolTable$Entry                                             : loaded 2 times (x 74B)
Class com.google.common.util.concurrent.AbstractFuture$AtomicHelper                   : loaded 2 times (x 78B)
Class jdk.internal.jimage.ImageStringsReader                                          : loaded 2 times (x 80B)
Class Native_plugin_loader_gradle                                                     : loaded 2 times (x 130B)
Class org.jetbrains.kotlin.statistics.metrics.IMetricContainer                        : loaded 2 times (x 70B)
Class org.jetbrains.kotlin.gradle.plugin.KotlinPlatformPluginBase                     : loaded 2 times (x 76B)
Class org.jetbrains.kotlin.gradle.incremental.UsesIncrementalModuleInfoBuildService   : loaded 2 times (x 70B)
Class org.jetbrains.kotlin.gradle.dsl.PlatformSourceSetConventionsChecker$runChecks$3 : loaded 2 times (x 78B)
Class org.jetbrains.kotlin.gradle.utils.SingleAction                                  : loaded 2 times (x 73B)
Class org.jetbrains.kotlin.gradle.plugin.PropertiesProvider$Companion                 : loaded 2 times (x 71B)
Class org.objectweb.asm.Edge                                                          : loaded 2 times (x 72B)
Class com.google.common.base.Suppliers$SupplierOfInstance                             : loaded 2 times (x 79B)
Class com.google.common.collect.Iterators$1                                           : loaded 2 times (x 81B)
Class kotlin.UninitializedPropertyAccessException                                     : loaded 2 times (x 82B)
Class com.google.common.reflect.TypeToken$1                                           : loaded 2 times (x 110B)
Class org.jetbrains.kotlin.gradle.tasks.KotlinCompile$defaultKotlinJavaToolchain$1    : loaded 2 times (x 79B)
Class org.jetbrains.kotlin.gradle.tasks.KotlinJavaToolchain$JavaToolchainSetter       : loaded 2 times (x 70B)
Class org.jetbrains.kotlin.gradle.plugin.diagnostics.UsesKotlinToolingDiagnostics     : loaded 2 times (x 70B)
Class org.jetbrains.kotlin.tooling.core.ExtrasPropertyKt$extrasLazyProperty$1         : loaded 2 times (x 94B)
Class org.jetbrains.kotlin.statistics.metrics.BooleanAnonymizationPolicy$SAFE         : loaded 2 times (x 85B)
Class com.google.common.cache.LocalCache$ComputingValueReference                      : loaded 2 times (x 96B)
Class com.google.common.collect.SingletonImmutableSet                                 : loaded 2 times (x 146B)
Class com.google.common.collect.ImmutableMap$IteratorBasedImmutableMap                : loaded 2 times (x 125B)
Class jdk.internal.jimage.ImageReader                                                 : loaded 2 times (x 75B)
Class com.google.common.reflect.TypeToken$2                                           : loaded 2 times (x 110B)
Class com.google.common.collect.AbstractMapBasedMultimap$AsMap$AsMapEntries           : loaded 2 times (x 138B)
Class org.jetbrains.kotlin.gradle.internal.KotlinDependenciesManagementKt$configureDefaultVersionsResolutionStrategy$1$1$1: loaded 2 times (x 75B)
Class org.jetbrains.kotlin.gradle.plugin.mpp.compilationImpl.DefaultKotlinCompilationSourceSetsContainer$allKotlinSourceSetsImpl$1$1: loaded 2 times (x 80B)
Class org.jetbrains.kotlin.gradle.plugin.mpp.compilationImpl.DefaultKotlinCompilationSourceSetsContainer: loaded 2 times (x 78B)
Class org.jetbrains.kotlin.gradle.plugin.KotlinPluginLifecycle$Stage$Companion        : loaded 2 times (x 71B)
Class org.jetbrains.kotlin.gradle.plugin.diagnostics.checkers.DeprecatedKotlinNativeTargetsChecker: loaded 2 times (x 74B)
Class org.jetbrains.kotlin.tooling.core.AbstractExtras                                : loaded 2 times (x 141B)
Class com.google.common.cache.LocalCache$Segment                                      : loaded 2 times (x 154B)
Class jdk.internal.jimage.ImageReader$SharedImageReader                               : loaded 2 times (x 95B)
Class Native_plugin_loader_gradle$NativePluginLoader$Companion                        : loaded 2 times (x 71B)
Class [Lcom.google.common.base.Supplier;                                              : loaded 2 times (x 69B)
Class org.jetbrains.kotlin.build.report.metrics.BuildTimes                            : loaded 2 times (x 72B)
Class org.jetbrains.kotlin.gradle.tasks.KotlinCompile$ClasspathSnapshotProperties     : loaded 2 times (x 75B)
Class org.jetbrains.kotlin.gradle.internal.StdlibDependencyManagementKt$addStdlibDependency$1$1: loaded 2 times (x 79B)
Class org.jetbrains.kotlin.gradle.tasks.configuration.BaseKotlinCompileConfig$2$1     : loaded 2 times (x 75B)
Class com.google.common.collect.SortedIterable                                        : loaded 2 times (x 70B)
Class org.jetbrains.kotlin.gradle.plugin.sources.DefaultKotlinSourceSet_Decorated     : loaded 2 times (x 192B)
Class org.jetbrains.kotlin.gradle.plugin.mpp.KotlinCompilationsKt                     : loaded 2 times (x 71B)
Class org.jetbrains.kotlin.gradle.utils.GradleUtilsKt$registerClassLoaderScopedBuildService$1: loaded 2 times (x 74B)
Class org.jetbrains.kotlin.statistics.metrics.StringOverridePolicy                    : loaded 2 times (x 85B)
Class [Lorg.objectweb.asm.SymbolTable$Entry;                                          : loaded 2 times (x 69B)
Class com.google.common.cache.CacheLoader                                             : loaded 2 times (x 74B)
Class com.google.common.collect.Iterators$4                                           : loaded 2 times (x 82B)
Class com.google.common.collect.ImmutableBiMap                                        : loaded 2 times (x 143B)
Class com.google.common.collect.AbstractListMultimap                                  : loaded 2 times (x 172B)
Class org.gradle.internal.installation.GradleInstallation$1                           : loaded 2 times (x 75B)
Class org.gradle.api.internal.classpath.ModuleRegistry                                : loaded 2 times (x 70B)
Class org.apache.commons.io.output.NullWriter                                         : loaded 2 times (x 99B)
Class org.jetbrains.kotlin.gradle.logging.GradleKotlinLogger                          : loaded 2 times (x 80B)
Class org.jetbrains.kotlin.gradle.plugin.KotlinPluginLifecycle$ProjectConfigurationResult: loaded 2 times (x 71B)
Class org.jetbrains.kotlin.gradle.internal.KotlinDependenciesManagementKt$configureDefaultVersionsResolutionStrategy$1: loaded 2 times (x 75B)
Class org.jetbrains.kotlin.gradle.model.builder.KotlinModelBuilder$Companion          : loaded 2 times (x 71B)
Class org.jetbrains.kotlin.gradle.plugin.mpp.KotlinUsages                             : loaded 2 times (x 71B)
Class [Lorg.jetbrains.kotlin.build.report.metrics.GradleBuildPerformanceMetric;       : loaded 2 times (x 69B)
Class com.google.common.util.concurrent.internal.InternalFutureFailureAccess          : loaded 2 times (x 72B)
Class com.google.common.collect.Iterators$5                                           : loaded 2 times (x 82B)
Class com.google.common.collect.ImmutableSet$JdkBackedSetBuilderImpl                  : loaded 2 times (x 76B)
Class com.google.common.base.Splitter$SplittingIterator                               : loaded 2 times (x 84B)
Class com.google.common.collect.Iterators$6                                           : loaded 2 times (x 81B)
Class com.google.common.collect.ImmutableSortedAsList                                 : loaded 2 times (x 220B)
Class com.google.common.collect.ImmutableMultimap$Values                              : loaded 2 times (x 126B)
Class com.google.common.io.Closer$SuppressingSuppressor                               : loaded 2 times (x 75B)
Class org.jetbrains.kotlin.gradle.plugin.HasCompilerOptions                           : loaded 2 times (x 70B)
Class org.jetbrains.kotlin.gradle.plugin.mpp.compilationImpl.DefaultKotlinCompilationFriendPathsResolver$FriendArtifactResolver: loaded 2 times (x 70B)
Class org.jetbrains.kotlin.gradle.targets.js.ir.KotlinJsIrTarget                      : loaded 2 times (x 260B)
Class org.jetbrains.kotlin.gradle.plugin.mpp.DefaultKotlinUsageContext                : loaded 2 times (x 108B)
Class org.jetbrains.kotlin.gradle.plugin.KotlinPluginLifecycleImpl$start$3            : loaded 2 times (x 79B)
Class org.jetbrains.kotlin.gradle.plugin.KotlinMultiplatformPluginWrapper             : loaded 2 times (x 86B)
Class [Lorg.jetbrains.kotlin.statistics.metrics.BooleanMetrics;                       : loaded 2 times (x 69B)
Class com.google.common.util.concurrent.AbstractFuture$UnsafeAtomicHelper             : loaded 2 times (x 78B)
Class com.google.common.cache.LocalCache$LocalManualCache$1                           : loaded 2 times (x 75B)
Class com.google.common.base.CharMatcher$ForPredicate                                 : loaded 2 times (x 112B)
Class jdk.internal.jimage.ImageReader$Node                                            : loaded 2 times (x 84B)
Class kotlin.collections.CollectionsKt__CollectionsJVMKt                              : loaded 2 times (x 71B)
Class com.google.common.collect.ImmutableSortedMap$1EntrySet                          : loaded 2 times (x 153B)
Class org.jetbrains.kotlin.gradle.plugin.mpp.compilationImpl.KotlinCompilationConfigurationsContainer: loaded 2 times (x 70B)
Class org.jetbrains.kotlin.gradle.internal.StdlibDependencyManagementKt$addStdlibDependency$1: loaded 2 times (x 75B)
Class [Lorg.jetbrains.kotlin.gradle.plugin.KotlinPluginLifecycle$CoroutineStart;      : loaded 2 times (x 69B)
Class org.jetbrains.kotlin.gradle.dsl.IosSourceSetConventionChecker                   : loaded 2 times (x 74B)
Class org.jetbrains.kotlin.gradle.plugin.diagnostics.KotlinGradleProjectChecker       : loaded 2 times (x 70B)
Class org.jetbrains.kotlin.gradle.dsl.KotlinMultiplatformSourceSetConventions         : loaded 2 times (x 70B)
Class org.jetbrains.kotlin.gradle.plugin.sources.KotlinSourceSetFactory$Companion     : loaded 2 times (x 71B)
Class org.jetbrains.kotlin.statistics.metrics.NumberOverridePolicy$SUM                : loaded 2 times (x 85B)
Class com.google.common.collect.ImmutableCollection                                   : loaded 2 times (x 125B)
Class com.google.common.base.CharMatcher$AnyOf                                        : loaded 2 times (x 112B)
Class org.gradle.api.internal.classpath.DefaultModuleRegistry                         : loaded 2 times (x 86B)
Class jdk.internal.jimage.BasicImageReader$1                                          : loaded 2 times (x 77B)
Class kotlin.sequences.SequencesKt                                                    : loaded 2 times (x 71B)
Class kotlin.collections.CollectionsKt__IteratorsKt                                   : loaded 2 times (x 71B)
Class org.jetbrains.kotlin.gradle.plugin.KotlinGradleBuildServices$Inject             : loaded 2 times (x 100B)
Class org.jetbrains.kotlin.gradle.plugin.mpp.compilationImpl.factory.CompositePostConfigure: loaded 2 times (x 75B)
Class com.google.common.util.concurrent.ListenableFuture                              : loaded 2 times (x 70B)
Class com.google.common.cache.ReferenceEntry                                          : loaded 2 times (x 70B)
Class com.google.common.collect.ImmutableSet$CachingAsList                            : loaded 2 times (x 147B)
Class com.google.common.base.Converter                                                : loaded 2 times (x 90B)
Class com.google.common.collect.Lists                                                 : loaded 2 times (x 71B)
Class com.google.common.base.CharMatcher$Any                                          : loaded 2 times (x 112B)
Class kotlin.text.StringsKt                                                           : loaded 2 times (x 71B)
Class build_6qp6c13kx6zhojg4iaqunayvp$_run_closure1$_closure2                         : loaded 2 times (x 139B)
Class org.jetbrains.kotlin.gradle.tasks.KotlinCompilerExecutionStrategy$Companion     : loaded 2 times (x 71B)
Class org.jetbrains.kotlin.gradle.plugin.CompilerPluginConfig                         : loaded 2 times (x 72B)
Class org.jetbrains.kotlin.gradle.model.builder.KotlinModelBuilder                    : loaded 2 times (x 76B)
Class [Lorg.jetbrains.kotlin.tooling.core.HasMutableExtras;                           : loaded 2 times (x 69B)
Class org.jetbrains.kotlin.gradle.plugin.mpp.KotlinAndroidTarget                      : loaded 2 times (x 165B)
Class org.jetbrains.kotlin.gradle.plugin.DefaultKotlinBasePlugin$addKotlinCompilerConfiguration$1: loaded 2 times (x 75B)
Class org.jetbrains.kotlin.gradle.plugin.internal.DefaultCompatibilityConventionRegistrar: loaded 2 times (x 74B)
Class org.jetbrains.kotlin.gradle.plugin.PropertiesProvider                           : loaded 2 times (x 72B)
Class com.google.common.util.concurrent.AbstractFuture                                : loaded 2 times (x 106B)
Class com.google.common.base.FunctionalEquivalence                                    : loaded 2 times (x 83B)
Class com.google.common.collect.Iterators$9                                           : loaded 2 times (x 81B)
Class com.google.common.collect.AbstractMapBasedMultimap                              : loaded 2 times (x 139B)
Class com.google.common.collect.ImmutableAsList                                       : loaded 2 times (x 209B)
Class kotlin.LazyKt__LazyJVMKt                                                        : loaded 2 times (x 71B)
Class com.google.common.reflect.TypeResolver$TypeTable                                : loaded 2 times (x 73B)
Class com.google.common.io.CharStreams                                                : loaded 2 times (x 71B)
Class com.google.common.collect.ImmutableMultiset                                     : loaded 2 times (x 163B)
Class [Lorg.jetbrains.kotlin.gradle.dsl.jvm.JvmTargetValidationMode;                  : loaded 2 times (x 69B)
Class org.jetbrains.kotlin.gradle.tasks.DefaultKotlinJavaToolchain$javaVersion$1      : loaded 2 times (x 74B)
Class org.jetbrains.kotlin.gradle.plugin.mpp.compilationImpl.factory.KotlinCompilationImplFactory$KotlinCompilationOutputFactory: loaded 2 times (x 70B)
Class org.jetbrains.kotlin.gradle.plugin.KotlinCompilationToRunnableFiles             : loaded 2 times (x 70B)
Class org.jetbrains.kotlin.gradle.tooling.BuildKotlinToolingMetadataTaskKt            : loaded 2 times (x 71B)
Class org.jetbrains.kotlin.gradle.plugin.ProjectLocalConfigurations$setupAttributesMatchingStrategy$1$1: loaded 2 times (x 74B)
Class org.jetbrains.kotlin.statistics.BuildSessionLogger$Companion                    : loaded 2 times (x 71B)
Class org.objectweb.asm.RecordComponentVisitor                                        : loaded 2 times (x 77B)
Class com.google.common.cache.CacheLoader$SupplierToCacheLoader                       : loaded 2 times (x 75B)
Class jdk.internal.jimage.decompressor.Decompressor                                   : loaded 2 times (x 72B)
Class jdk.internal.jimage.ImageReader$Resource                                        : loaded 2 times (x 84B)
Class kotlin.text.StringsKt__StringNumberConversionsKt                                : loaded 2 times (x 71B)
Class com.google.common.reflect.TypeResolver$TypeTable$1                              : loaded 2 times (x 73B)
Class org.jetbrains.kotlin.cli.common.CompilerSystemProperties$value$1                : loaded 2 times (x 125B)
Class com.google.common.collect.UsingToStringOrdering                                 : loaded 2 times (x 114B)
Class org.jetbrains.kotlin.gradle.targets.js.npm.SemverKt                             : loaded 2 times (x 71B)
Class org.jetbrains.kotlin.gradle.internal.StdlibDependencyManagementKt$isStdlibAddedByUser$1: loaded 2 times (x 79B)
Class org.jetbrains.kotlin.gradle.plugin.mpp.KotlinCompilationsKt$sam$java_util_concurrent_Callable$0: loaded 2 times (x 75B)
Class org.jetbrains.kotlin.gradle.tasks.KotlinCompilerPluginData                      : loaded 2 times (x 72B)
Class org.jetbrains.kotlin.compilerRunner.CompilerSystemPropertiesService$Companion$registerIfAbsent$2$1$1: loaded 2 times (x 75B)
Class org.jetbrains.kotlin.gradle.plugin.KotlinCompilationInfo                        : loaded 2 times (x 88B)
Class org.jetbrains.kotlin.gradle.tasks.BaseKotlinCompile                             : loaded 2 times (x 70B)
Class org.jetbrains.kotlin.gradle.plugin.internal.UsesBuildIdProviderService          : loaded 2 times (x 70B)
Class org.jetbrains.kotlin.gradle.plugin.mpp.compilationImpl.KotlinCompilationSourceSetInclusion$include$1: loaded 2 times (x 79B)
Class org.jetbrains.kotlin.gradle.plugin.mpp.compilationImpl.factory.KotlinCompilationImplFactory$KotlinCompilationDependencyConfigurationsFactory: loaded 2 times (x 70B)
Class org.jetbrains.kotlin.gradle.plugin.KotlinPluginLifecycleCoroutineContextElement$Key: loaded 2 times (x 71B)
Class org.jetbrains.kotlin.gradle.internal.IdeaKt                                     : loaded 2 times (x 71B)
Class org.jetbrains.kotlin.tooling.core.ExtrasPropertyKt                              : loaded 2 times (x 71B)
Class org.jetbrains.kotlin.gradle.dsl.KotlinProjectExtensionKt                        : loaded 2 times (x 71B)
Class org.jetbrains.kotlin.gradle.plugin.KotlinGradleBuildServices$Parameters_Decorated: loaded 2 times (x 134B)
Class org.jetbrains.kotlin.gradle.plugin.DefaultKotlinBasePlugin$addKotlinCompilerConfiguration$3: loaded 2 times (x 75B)
Class [Lorg.jetbrains.kotlin.statistics.metrics.IMetricContainerFactory;              : loaded 2 times (x 69B)
Class com.google.common.collect.Maps$EntryTransformer                                 : loaded 2 times (x 70B)
Class org.gradle.internal.service.ServiceLookupException                              : loaded 2 times (x 82B)
Class jdk.internal.jrtfs.JrtFileAttributes                                            : loaded 2 times (x 83B)
Class org.jetbrains.kotlin.gradle.internal.StdlibDependencyManagementKt$isStdlibAddedByUser$2: loaded 2 times (x 78B)
Class org.jetbrains.kotlin.gradle.tasks.GradleCompileTaskProvider_Decorated           : loaded 2 times (x 121B)
Class org.jetbrains.kotlin.gradle.plugin.hierarchy.KotlinSourceSetTreeClassifierKt$sourceSetTreeClassifier$2: loaded 2 times (x 78B)
Class com.google.common.collect.Lists$ReverseList                                     : loaded 2 times (x 200B)
Class com.google.common.collect.ImmutableSortedSet                                    : loaded 2 times (x 299B)
Class org.jetbrains.kotlin.gradle.targets.js.npm.NpmDirectoryDependencyExtension      : loaded 2 times (x 70B)
Class org.jetbrains.kotlin.gradle.plugin.mpp.KotlinUsageContext$MavenScope            : loaded 2 times (x 79B)
Class [Lcom.google.common.cache.LocalCache$EntryFactory;                              : loaded 2 times (x 69B)
Class com.google.common.base.CharMatcher$JavaLetter                                   : loaded 2 times (x 111B)
Class org.gradle.internal.classloader.ClassLoaderFactory                              : loaded 2 times (x 70B)
Class org.apache.commons.io.CloseableURLConnection                                    : loaded 2 times (x 117B)
Class org.jetbrains.kotlin.gradle.tasks.DefaultKotlinJavaToolchain$currentJvmJdkToolsJar$1: loaded 2 times (x 74B)
Class org.jetbrains.kotlin.gradle.plugin.SubpluginEnvironment                         : loaded 2 times (x 72B)
Class org.jetbrains.kotlin.gradle.internal.StdlibDependencyManagementKt$addStdlibDependency$1$1$1: loaded 2 times (x 75B)
Class org.jetbrains.kotlin.gradle.plugin.sources.AbstractKotlinSourceSet              : loaded 2 times (x 141B)
Class org.jetbrains.kotlin.compilerRunner.GradleCliCommonizerKt$maybeCreateCommonizerClasspathConfiguration$1$1: loaded 2 times (x 75B)
Class [Lorg.jetbrains.kotlin.build.report.metrics.ValueType;                          : loaded 2 times (x 69B)
Class com.google.common.cache.LocalCache$LocalManualCache                             : loaded 2 times (x 99B)
Class com.google.common.base.CharMatcher$IsNot                                        : loaded 2 times (x 111B)
Class com.google.common.base.CommonPattern                                            : loaded 2 times (x 74B)
Class org.gradle.internal.service.CachingServiceLocator                               : loaded 2 times (x 82B)
Class build_6vy7nzli5578dryqvh86tl5j0                                                 : loaded 2 times (x 181B)
Class org.jetbrains.kotlin.gradle.dsl.jvm.JvmTargetValidationMode                     : loaded 2 times (x 79B)
Class org.jetbrains.kotlin.gradle.plugin.BuildFinishedListenerService$Companion$registerIfAbsent$2$1: loaded 2 times (x 79B)
Class org.jetbrains.kotlin.gradle.plugin.KotlinTargetConfiguratorKt$WhenMappings      : loaded 2 times (x 71B)
Class com.google.common.collect.AbstractMapBasedMultimap$KeySet                       : loaded 2 times (x 137B)
Class com.google.common.collect.RegularImmutableSortedSet                             : loaded 2 times (x 299B)
Class org.jetbrains.kotlin.project.model.LanguageSettings                             : loaded 2 times (x 70B)
Class org.jetbrains.kotlin.gradle.plugin.BuildFinishFlowAction$Parameters_Decorated   : loaded 2 times (x 137B)
Class org.jetbrains.kotlin.gradle.plugin.internal.CompatibilityConventionRegistrar$Factory: loaded 2 times (x 70B)
Class com.google.common.math.IntMath                                                  : loaded 2 times (x 71B)
Class org.jetbrains.kotlin.gradle.utils.Completable$await$1                           : loaded 2 times (x 88B)
Class build_6vy7nzli5578dryqvh86tl5j0$_run_closure1                                   : loaded 2 times (x 139B)
Class com.google.common.reflect.Types$TypeVariableInvocationHandler                   : loaded 2 times (x 75B)
Class [Lcom.google.common.collect.HashBiMap$BiEntry;                                  : loaded 2 times (x 69B)
Class org.jetbrains.kotlin.gradle.plugin.mpp.KotlinMetadataTarget                     : loaded 2 times (x 167B)
Class com.google.common.collect.MapMakerInternalMap$InternalEntry                     : loaded 2 times (x 70B)
Class org.jetbrains.kotlin.gradle.plugin.diagnostics.CheckKotlinGradlePluginConfigurationErrorsKt$locateOrRegisterCheckKotlinGradlePluginErrorsTask$taskProvider$1$1: loaded 2 times (x 75B)
Class org.jetbrains.kotlin.gradle.plugin.mpp.InternalKotlinCompilation$DefaultImpls   : loaded 2 times (x 71B)
Class org.jetbrains.kotlin.gradle.plugin.mpp.compilationImpl.KotlinCompilationSourceSetInclusion$DefaultAddSourcesToCompileTask: loaded 2 times (x 74B)
Class [Lorg.jetbrains.kotlin.gradle.plugin.KotlinPluginLifecycle$Stage;               : loaded 2 times (x 69B)
Class org.jetbrains.kotlin.gradle.targets.metadata.KotlinMetadataTargetConfiguratorKt$metadataCompilationsCreated$2: loaded 2 times (x 78B)
Class org.jetbrains.kotlin.gradle.dsl.KotlinGradlePluginDsl                           : loaded 2 times (x 70B)
Class org.jetbrains.kotlin.tooling.core.MutableExtras                                 : loaded 2 times (x 70B)
Class org.jetbrains.kotlin.gradle.plugin.KotlinGradleBuildServices$detectKotlinPluginLoadedInMultipleProjects$onRegister$1: loaded 2 times (x 79B)
Class com.google.common.collect.Iterators$10                                          : loaded 2 times (x 81B)
Class com.google.common.collect.ImmutableMapEntry                                     : loaded 2 times (x 85B)
Class com.google.common.base.CharMatcher$JavaDigit                                    : loaded 2 times (x 111B)
Class kotlin.enums.EnumEntries                                                        : loaded 2 times (x 70B)
Class org.jetbrains.kotlin.build.report.metrics.DoNothingBuildMetricsReporter         : loaded 2 times (x 86B)
Class com.google.common.base.Predicates                                               : loaded 2 times (x 71B)
Class com.google.common.collect.ImmutableMultimap                                     : loaded 2 times (x 147B)
Class org.jetbrains.kotlin.gradle.tasks.CompileUsingKotlinDaemon                      : loaded 2 times (x 70B)
Class org.jetbrains.kotlin.gradle.plugin.mpp.KotlinWithJavaTarget                     : loaded 2 times (x 166B)
Class org.jetbrains.kotlin.gradle.dsl.KotlinSingleJavaTargetExtension                 : loaded 2 times (x 124B)
Class org.jetbrains.kotlin.gradle.plugin.KotlinPluginLifecycle$IllegalLifecycleException: loaded 2 times (x 82B)
Class org.jetbrains.kotlin.gradle.plugin.KotlinGradleFinishBuildHandler               : loaded 2 times (x 72B)
Class [Lorg.jetbrains.kotlin.build.report.metrics.BuildPerformanceMetric;             : loaded 2 times (x 69B)
Class org.jetbrains.kotlin.statistics.metrics.StringOverridePolicy$CONCAT             : loaded 2 times (x 85B)
Class org.jetbrains.kotlin.gradle.dsl.KotlinTopLevelExtension                         : loaded 2 times (x 70B)
Class com.google.common.base.Equivalence                                              : loaded 2 times (x 82B)
Class com.google.common.collect.ImmutableMapEntry$NonTerminalImmutableMapEntry        : loaded 2 times (x 85B)
Class com.google.common.base.Function                                                 : loaded 2 times (x 70B)
Class org.apache.commons.io.output.AbstractByteArrayOutputStream                      : loaded 2 times (x 102B)
Class [Lorg.jetbrains.kotlin.cli.common.CompilerSystemProperties;                     : loaded 2 times (x 69B)
Class com.google.common.collect.IndexedImmutableSet$1                                 : loaded 2 times (x 212B)
Class org.jetbrains.kotlin.gradle.plugin.ProjectLocalConfigurationsKt                 : loaded 2 times (x 71B)
Class org.jetbrains.kotlin.gradle.plugin.mpp.compilationImpl.factory.KotlinCompilationImplFactory: loaded 2 times (x 72B)
Class org.jetbrains.kotlin.gradle.internal.KotlinDomApiDependencyManagementKt$addKotlinDomApiDependency$1: loaded 2 times (x 75B)
Class org.jetbrains.kotlin.gradle.plugin.diagnostics.checkers.KotlinTargetAlreadyDeclaredChecker$runChecks$1: loaded 2 times (x 88B)
Class org.jetbrains.kotlin.gradle.plugin.mpp.KotlinTargetWithBinaries                 : loaded 2 times (x 163B)
Class [Lorg.jetbrains.kotlin.gradle.plugin.KotlinSourceSet;                           : loaded 2 times (x 69B)
Class org.jetbrains.kotlin.gradle.plugin.KotlinTargetsContainerWithPresets            : loaded 2 times (x 70B)
Class org.jetbrains.kotlin.statistics.metrics.IMetricContainerFactory                 : loaded 2 times (x 70B)
Class org.jetbrains.kotlin.statistics.MetricValueValidationFailed                     : loaded 2 times (x 82B)
Class org.jetbrains.kotlin.gradle.plugin.PropertiesProvider$localProperties$2         : loaded 2 times (x 79B)
Class com.google.common.cache.CacheBuilder$OneWeigher                                 : loaded 2 times (x 82B)
Class com.google.common.collect.RegularImmutableList                                  : loaded 2 times (x 212B)
Class jdk.internal.jimage.ImageBufferCache                                            : loaded 2 times (x 71B)
Class jdk.internal.jrtfs.JrtPath                                                      : loaded 2 times (x 118B)
Class com.google.common.collect.Maps$EntryFunction                                    : loaded 2 times (x 91B)
Class com.google.common.reflect.Types$ClassOwnership$1LocalClass                      : loaded 2 times (x 71B)
Class com.google.common.collect.ImmutableSortedMap                                    : loaded 2 times (x 217B)
Class org.jetbrains.kotlin.build.report.metrics.BuildMetricsReporterImpl              : loaded 2 times (x 98B)
Class org.jetbrains.kotlin.gradle.tasks.configuration.KaptGenerateStubsConfig         : loaded 2 times (x 72B)
Class org.jetbrains.kotlin.gradle.tasks.configuration.BaseKotlinCompileConfig$1$classpathConfiguration$jvmToolchain$1: loaded 2 times (x 74B)
Class org.jetbrains.kotlin.gradle.targets.js.npm.SemVer                               : loaded 2 times (x 75B)
Class org.jetbrains.kotlin.gradle.utils.WhenPluginEnabledKt$whenPluginsEnabled$1      : loaded 2 times (x 75B)
Class org.jetbrains.kotlin.gradle.tasks.AbstractKotlinCompileTool                     : loaded 2 times (x 366B)
Class [Lorg.jetbrains.kotlin.gradle.report.BuildReportType;                           : loaded 2 times (x 69B)
Class com.google.common.collect.ImmutableBiMapFauxverideShim                          : loaded 2 times (x 120B)
Class org.gradle.internal.classloader.ClasspathUtil                                   : loaded 2 times (x 71B)
Class org.jetbrains.kotlin.gradle.dsl.KotlinCommonCompilerOptionsExtensionsKt$usesK2$1: loaded 2 times (x 74B)
Class org.jetbrains.kotlin.gradle.dsl.KotlinCompile                                   : loaded 2 times (x 70B)
Class org.jetbrains.kotlin.gradle.plugin.mpp.compilationImpl.DefaultKotlinCompilationFriendPathsResolver$DefaultFriendArtifactResolver: loaded 2 times (x 74B)
Class org.jetbrains.kotlin.gradle.plugin.diagnostics.checkers.InternalGradlePropertiesUsageChecker$runChecks$1: loaded 2 times (x 88B)
Class org.jetbrains.kotlin.gradle.utils.StringUtilsKt$lowerCamelCaseName$1            : loaded 2 times (x 125B)
Class org.jetbrains.kotlin.gradle.dsl.JvmTarget$Companion                             : loaded 2 times (x 71B)
Class org.jetbrains.kotlin.gradle.plugin.internal.DefaultConfigurationCacheStartParameterAccessor: loaded 2 times (x 77B)
Class org.jetbrains.kotlin.tooling.core.HasExtras                                     : loaded 2 times (x 70B)
Class com.google.common.base.Charsets                                                 : loaded 2 times (x 71B)
Class com.google.common.util.concurrent.Uninterruptibles                              : loaded 2 times (x 71B)
Class com.google.common.io.CharSource                                                 : loaded 2 times (x 85B)
Class org.jetbrains.kotlin.statistics.metrics.ConcatMetricContainer$Companion         : loaded 2 times (x 71B)
Class org.jetbrains.kotlin.gradle.plugin.sources.DefaultLanguageSettingsBuilder$freeCompilerArgsProvider$1: loaded 2 times (x 95B)
Class org.jetbrains.kotlin.gradle.targets.js.npm.DevNpmDependencyExtension            : loaded 2 times (x 70B)
Class org.jetbrains.kotlin.gradle.plugin.diagnostics.checkers.PreHmppDependenciesUsageChecker: loaded 2 times (x 74B)
Class org.jetbrains.kotlin.gradle.plugin.AbstractKotlinMultiplatformPluginWrapper     : loaded 2 times (x 86B)
Class org.jetbrains.kotlin.gradle.utils.GradleConfigurationUtilsKt$addGradlePluginMetadataAttributes$1: loaded 2 times (x 75B)
Class org.jetbrains.kotlin.gradle.plugin.internal.DefaultProjectIsolationStartParameterAccessor: loaded 2 times (x 77B)
Class com.google.common.collect.Maps                                                  : loaded 2 times (x 71B)
Class com.google.common.base.CharMatcher$JavaUpperCase                                : loaded 2 times (x 111B)
Class org.gradle.api.specs.Spec                                                       : loaded 2 times (x 70B)
Class jdk.internal.jimage.ImageReader$SharedImageReader$LocationVisitor               : loaded 2 times (x 70B)
Class org.apache.commons.io.file.PathFilter                                           : loaded 2 times (x 70B)
Class com.google.common.reflect.Types$JavaVersion                                     : loaded 2 times (x 83B)
Class com.google.common.collect.MapMaker                                              : loaded 2 times (x 72B)
Class org.jetbrains.kotlin.gradle.tasks.KotlinCompile$disableMultiModuleIC$2          : loaded 2 times (x 79B)
Class org.jetbrains.kotlin.gradle.plugin.SubpluginEnvironment$Companion               : loaded 2 times (x 71B)
Class org.jetbrains.kotlin.gradle.tasks.configuration.BaseKotlinCompileConfig$Companion: loaded 2 times (x 71B)
Class org.jetbrains.kotlin.gradle.plugin.mpp.compilationImpl.KotlinCompilationImpl$Params: loaded 2 times (x 72B)
Class org.jetbrains.kotlin.gradle.dsl.KotlinJvmOptions$DefaultImpls                   : loaded 2 times (x 71B)
Class org.jetbrains.kotlin.gradle.tooling.BuildKotlinToolingMetadataTask              : loaded 2 times (x 317B)
Class org.jetbrains.kotlin.gradle.plugin.internal.CompatibilityConventionRegistrarKt  : loaded 2 times (x 71B)
Class org.jetbrains.kotlin.build.report.metrics.GradleBuildPerformanceMetric$Companion: loaded 2 times (x 71B)
Class [Lcom.google.common.collect.ImmutableEntry;                                     : loaded 2 times (x 69B)
Class com.google.common.collect.Sets$3$1                                              : loaded 2 times (x 82B)
Class org.jetbrains.kotlin.gradle.tasks.configuration.AbstractKotlinCompileConfig$1$1 : loaded 2 times (x 74B)
Class org.jetbrains.kotlin.gradle.tasks.KotlinCompile$kotlinOptions$1                 : loaded 2 times (x 79B)
Class org.jetbrains.kotlin.gradle.utils.StringUtilsKt                                 : loaded 2 times (x 71B)
Class org.jetbrains.kotlin.tooling.core.ExtrasLazyProperty                            : loaded 2 times (x 70B)
Class org.jetbrains.kotlin.gradle.utils.CompletableFuture                             : loaded 2 times (x 70B)
Class org.jetbrains.kotlin.build.report.metrics.BuildPerformanceMetric                : loaded 2 times (x 70B)
Class [Lorg.jetbrains.kotlin.statistics.metrics.StringOverridePolicy;                 : loaded 2 times (x 69B)
Class com.google.common.cache.LocalCache$LoadingValueReference                        : loaded 2 times (x 96B)
Class kotlin.collections.EmptyIterator                                                : loaded 2 times (x 89B)
Class kotlin.SynchronizedLazyImpl                                                     : loaded 2 times (x 76B)
Class kotlin.text.StringsKt__RegexExtensionsKt                                        : loaded 2 times (x 71B)
Class org.jetbrains.kotlin.compilerRunner.CompilerSystemPropertiesService$Companion   : loaded 2 times (x 71B)
Class com.google.common.reflect.Invokable$MethodInvokable                             : loaded 2 times (x 107B)
Class com.google.common.io.LineReader$1                                               : loaded 2 times (x 75B)
Class com.google.common.collect.CollectSpliterators                                   : loaded 2 times (x 71B)
Class com.google.common.collect.AbstractMapBasedMultimap$AsMap                        : loaded 2 times (x 128B)
Class com.google.common.collect.MapMakerInternalMap$StrongKeyDummyValueEntry          : loaded 2 times (x 82B)
Class org.jetbrains.kotlin.gradle.tasks.configuration.AbstractKotlinCompileConfig$getClasspathSnapshotDir$1: loaded 2 times (x 74B)
Class org.jetbrains.kotlin.gradle.tasks.configuration.AbstractKotlinCompileConfig$1$2 : loaded 2 times (x 74B)
Class com.google.common.collect.Multimaps$Entries                                     : loaded 2 times (x 118B)
Class org.jetbrains.kotlin.gradle.plugin.diagnostics.checkers.CommonMainOrTestWithDependsOnChecker: loaded 2 times (x 74B)
Class org.jetbrains.kotlin.gradle.plugin.KotlinTarget                                 : loaded 2 times (x 70B)
Class [Lorg.jetbrains.kotlin.statistics.metrics.BooleanAnonymizationPolicy;           : loaded 2 times (x 69B)
Class com.google.common.base.Platform                                                 : loaded 2 times (x 71B)
Class jdk.internal.jimage.ImageReader$Directory                                       : loaded 2 times (x 84B)
Class kotlin.sequences.SequencesKt__SequencesJVMKt                                    : loaded 2 times (x 71B)
Class kotlin.collections.AbstractList                                                 : loaded 2 times (x 197B)
Class kotlin.collections.AbstractCollection                                           : loaded 2 times (x 117B)
Class com.google.common.io.LineReader                                                 : loaded 2 times (x 72B)
Class com.google.common.collect.CompoundOrdering                                      : loaded 2 times (x 115B)
Class com.google.common.collect.AbstractMapBasedMultimap$WrappedList                  : loaded 2 times (x 205B)
Class org.jetbrains.kotlin.gradle.internal.KotlinDependenciesManagementKt$allNonProjectDependencies$1: loaded 2 times (x 74B)
Class [Lorg.jetbrains.kotlin.build.report.metrics.BuildAttributeKind;                 : loaded 2 times (x 69B)
Class org.jetbrains.kotlin.gradle.tasks.K2MultiplatformStructure                      : loaded 2 times (x 74B)
Class org.jetbrains.kotlin.compilerRunner.CompilerSystemPropertiesService$Parameters  : loaded 2 times (x 70B)
Class org.jetbrains.kotlin.gradle.plugin.mpp.compilationImpl.KotlinCompilationSourceSetsContainer: loaded 2 times (x 70B)
Class org.jetbrains.kotlin.gradle.plugin.ProjectLocalConfigurations                   : loaded 2 times (x 71B)
Class org.jetbrains.kotlin.gradle.plugin.mpp.KotlinUsages$KotlinUsagesDisambiguation  : loaded 2 times (x 76B)
Class org.jetbrains.kotlin.tooling.core.Extras$Key$Companion                          : loaded 2 times (x 71B)
Class org.jetbrains.kotlin.tooling.core.Extras$Key                                    : loaded 2 times (x 72B)
Class [Lorg.objectweb.asm.AnnotationWriter;                                           : loaded 2 times (x 69B)
Class com.google.common.primitives.Ints$IntConverter                                  : loaded 2 times (x 90B)
Class com.google.common.collect.Maps$8                                                : loaded 2 times (x 82B)
Class kotlin.LazyKt__LazyKt                                                           : loaded 2 times (x 71B)
Class kotlin.text.StringsKt__StringBuilderJVMKt                                       : loaded 2 times (x 71B)
Class Build_gradle$3                                                                  : loaded 2 times (x 74B)
Class com.google.common.base.Predicates$CompositionPredicate                          : loaded 2 times (x 88B)
Class org.jetbrains.kotlin.gradle.tasks.configuration.AbstractKotlinCompileConfig$1$4 : loaded 2 times (x 75B)
Class com.google.common.collect.Lists$ReverseList$1                                   : loaded 2 times (x 99B)
Class com.google.common.collect.ImmutableRangeSet$Builder                             : loaded 2 times (x 77B)
Class [Lcom.google.common.collect.Iterators$EmptyModifiableIterator;                  : loaded 2 times (x 69B)
Class org.jetbrains.kotlin.gradle.plugin.diagnostics.CheckKotlinGradlePluginConfigurationErrors: loaded 2 times (x 317B)
Class org.jetbrains.kotlin.gradle.plugin.sources.DefaultKotlinSourceSetKt             : loaded 2 times (x 71B)
Class org.jetbrains.kotlin.gradle.dsl.KotlinJvmOptions                                : loaded 2 times (x 70B)
Class org.jetbrains.kotlin.gradle.plugin.mpp.HierarchyAttributeContainer$1            : loaded 2 times (x 78B)
Class org.jetbrains.kotlin.gradle.plugin.KotlinPluginLifecycle                        : loaded 2 times (x 70B)
Class org.jetbrains.kotlin.gradle.plugin.KotlinJsPluginWrapper                        : loaded 2 times (x 86B)
Class org.jetbrains.kotlin.gradle.dsl.ToolchainSupport                                : loaded 2 times (x 70B)
Class org.jetbrains.kotlin.tooling.core.Extras                                        : loaded 2 times (x 70B)
Class org.jetbrains.kotlin.gradle.plugin.mpp.InternalKotlinTarget                     : loaded 2 times (x 70B)
Class org.jetbrains.kotlin.statistics.metrics.NumberAnonymizationPolicy$RANDOM_10_PERCENT: loaded 2 times (x 85B)
Class org.jetbrains.kotlin.statistics.metrics.StringMetrics                           : loaded 2 times (x 80B)
Class com.google.common.collect.Sets$SetView                                          : loaded 2 times (x 138B)
Class com.google.common.cache.LocalCache$StrongValueReference                         : loaded 2 times (x 90B)
Class com.google.common.util.concurrent.AbstractFuture$SynchronizedHelper             : loaded 2 times (x 78B)
Class com.google.common.base.CharMatcher$Invisible                                    : loaded 2 times (x 112B)
Class kotlin.UNINITIALIZED_VALUE                                                      : loaded 2 times (x 71B)
Class com.google.common.graph.SuccessorsFunction                                      : loaded 2 times (x 70B)
Class org.jetbrains.kotlin.gradle.tasks.CompilerPluginOptions                         : loaded 2 times (x 72B)
Class org.jetbrains.kotlin.gradle.tasks.configuration.AbstractKotlinCompileConfig$1$5 : loaded 2 times (x 75B)
Class org.jetbrains.kotlin.gradle.dsl.KotlinCommonCompilerOptionsHelper               : loaded 2 times (x 71B)
Class org.jetbrains.kotlin.gradle.plugin.KotlinJvmPlugin$Companion                    : loaded 2 times (x 71B)
Class org.objectweb.asm.Type                                                          : loaded 2 times (x 72B)
Class org.gradle.internal.classloader.VisitableURLClassLoader$InstrumentingVisitableURLClassLoader: loaded 2 times (x 123B)
Class kotlin.ranges.RangesKt__RangesKt                                                : loaded 2 times (x 71B)
Class kotlin.collections.SetsKt___SetsKt                                              : loaded 2 times (x 71B)
Class kotlin.sequences.SequencesKt__SequencesKt                                       : loaded 2 times (x 71B)
Class org.apache.commons.io.FileUtils                                                 : loaded 2 times (x 71B)
Class com.google.common.collect.MapMakerInternalMap$StrongKeyDummyValueEntry$Helper   : loaded 2 times (x 79B)
Class com.google.common.io.Files$FileByteSink                                         : loaded 2 times (x 77B)
Class org.jetbrains.kotlin.gradle.tasks.configuration.AbstractKotlinCompileConfig$1$6 : loaded 2 times (x 75B)
Class [Lorg.jetbrains.kotlin.gradle.tasks.KotlinCompilerExecutionStrategy;            : loaded 2 times (x 69B)
Class org.jetbrains.kotlin.gradle.tasks.FailedCompilationException                    : loaded 2 times (x 82B)
Class org.jetbrains.kotlin.gradle.plugin.mpp.compilationImpl.KotlinCompilationImpl$associateWith$2: loaded 2 times (x 79B)
Class org.jetbrains.kotlin.gradle.plugin.hierarchy.KotlinSourceSetTreeClassifier      : loaded 2 times (x 70B)
Class org.jetbrains.kotlin.gradle.plugin.mpp.compilationImpl.KotlinCompilationAssociator: loaded 2 times (x 70B)
Class org.jetbrains.kotlin.gradle.plugin.mpp.KotlinNativeTarget                       : loaded 2 times (x 173B)
Class org.jetbrains.kotlin.gradle.plugin.diagnostics.checkers.KotlinSourceSetTreeDependsOnMismatchChecker$runChecks$1: loaded 2 times (x 88B)
Class org.jetbrains.kotlin.gradle.plugin.diagnostics.checkers.PreHmppDependenciesUsageChecker$runChecks$1: loaded 2 times (x 88B)
Class org.jetbrains.kotlin.gradle.plugin.KotlinSourceSetTree$Companion                : loaded 2 times (x 71B)
Class org.jetbrains.kotlin.gradle.plugin.diagnostics.KotlinGradleProjectChecker$Companion: loaded 2 times (x 71B)
Class org.jetbrains.kotlin.gradle.plugin.KotlinGradleBuildServices$Parameters         : loaded 2 times (x 70B)
Class org.jetbrains.kotlin.statistics.fileloggers.MetricsContainer$Companion          : loaded 2 times (x 71B)
Class org.objectweb.asm.ByteVector                                                    : loaded 2 times (x 79B)
Class [Lcom.google.common.cache.CacheBuilder$NullListener;                            : loaded 2 times (x 69B)
Class com.google.common.math.IntMath$1                                                : loaded 2 times (x 71B)
Class org.gradle.internal.classloader.VisitableURLClassLoader$Spec                    : loaded 2 times (x 74B)
Class org.gradle.internal.classpath.DefaultClassPath                                  : loaded 2 times (x 90B)
Class kotlin.sequences.FilteringSequence                                              : loaded 2 times (x 75B)
Class kotlin.text.StringsKt__StringsKt                                                : loaded 2 times (x 71B)
Class com.google.common.reflect.Types$ClassOwnership                                  : loaded 2 times (x 80B)
Class com.google.common.collect.ImmutableSortedMap$1EntrySet$1                        : loaded 2 times (x 212B)
Class org.jetbrains.kotlin.gradle.plugin.mpp.compilationImpl.KotlinCompilationSourceSetInclusion$AddSourcesToCompileTask: loaded 2 times (x 70B)
Class [Lorg.jetbrains.kotlin.gradle.plugin.HasProject;                                : loaded 2 times (x 69B)
Class org.jetbrains.kotlin.gradle.utils.MutableObservableSetImpl                      : loaded 2 times (x 163B)
Class org.jetbrains.kotlin.gradle.tasks.KotlinTasksProvider                           : loaded 2 times (x 72B)
Class org.jetbrains.kotlin.gradle.plugin.KotlinJsCompilerTypeHolder                   : loaded 2 times (x 70B)
Class org.jetbrains.kotlin.gradle.dsl.DefaultToolchainSupport$wireToolchainToTasks$1  : loaded 2 times (x 75B)
Class org.jetbrains.kotlin.gradle.dsl.KotlinCommonCompilerOptions                     : loaded 2 times (x 70B)
Class org.objectweb.asm.Symbol                                                        : loaded 2 times (x 73B)
Class com.google.common.base.AbstractIterator                                         : loaded 2 times (x 80B)
Class com.google.common.collect.Sets$FilteredSet                                      : loaded 2 times (x 137B)
Class com.google.common.io.Java8Compatibility                                         : loaded 2 times (x 71B)
Class com.google.common.io.Closer                                                     : loaded 2 times (x 78B)
Class org.jetbrains.kotlin.build.report.metrics.BuildAttributes                       : loaded 2 times (x 72B)
Class org.jetbrains.kotlin.gradle.plugin.mpp.compilationImpl.KotlinCompilationImpl    : loaded 2 times (x 140B)
Class [Lorg.jetbrains.kotlin.gradle.plugin.mpp.compilationImpl.factory.KotlinCompilationImplFactory$PostConfigure;: loaded 2 times (x 69B)
Class org.jetbrains.kotlin.gradle.plugin.KotlinSourceSet$Companion                    : loaded 2 times (x 71B)
Class [Lorg.jetbrains.kotlin.gradle.report.BuildReportMode;                           : loaded 2 times (x 69B)
Class org.jetbrains.kotlin.statistics.metrics.BooleanOverridePolicy                   : loaded 2 times (x 85B)
Class com.google.common.collect.ImmutableSet                                          : loaded 2 times (x 145B)
Class com.google.common.collect.RegularImmutableMap$Values                            : loaded 2 times (x 207B)
Class com.google.common.base.CharMatcher$BitSetMatcher                                : loaded 2 times (x 112B)
Class com.google.common.base.CharMatcher$Ascii                                        : loaded 2 times (x 112B)
Class org.gradle.internal.classloader.ClassLoaderSpec                                 : loaded 2 times (x 71B)
Class kotlin.collections.CollectionsKt___CollectionsJvmKt                             : loaded 2 times (x 71B)
Class com.google.common.io.ByteSource$EmptyByteSource                                 : loaded 2 times (x 85B)
Class org.jetbrains.kotlin.gradle.tasks.DefaultKotlinJavaToolchain$DefaultJavaToolchainSetter: loaded 2 times (x 75B)
Class org.jetbrains.kotlin.build.report.metrics.BuildAttributeKind                    : loaded 2 times (x 79B)
Class org.jetbrains.kotlin.gradle.plugin.mpp.KotlinCompilationsKt$moduleNameForCompilation$1: loaded 2 times (x 75B)
Class org.jetbrains.kotlin.gradle.plugin.sources.KotlinDependencyScopeKt              : loaded 2 times (x 71B)
Class org.jetbrains.kotlin.compilerRunner.CompilerSystemPropertiesService$Companion$registerIfAbsent$2$1: loaded 2 times (x 79B)
Class org.jetbrains.kotlin.gradle.plugin.mpp.KotlinCompilationsKt$addSourcesToKotlinCompileTask$1: loaded 2 times (x 75B)
Class org.jetbrains.kotlin.gradle.internal.KotlinDependenciesManagementKt$configureDefaultVersionsResolutionStrategy$1$1: loaded 2 times (x 75B)
Class org.jetbrains.kotlin.gradle.plugin.diagnostics.CheckKotlinGradlePluginConfigurationErrorsKt$locateOrRegisterCheckKotlinGradlePluginErrorsTask$taskProvider$1: loaded 2 times (x 75B)
Class org.jetbrains.kotlin.gradle.tooling.BuildKotlinToolingMetadataTaskKt$buildKotlinToolingMetadataTask$1: loaded 2 times (x 78B)
Class org.jetbrains.kotlin.gradle.internal.Kapt3GradleSubplugin$Companion             : loaded 2 times (x 71B)
Class [Lorg.jetbrains.kotlin.statistics.metrics.NumberOverridePolicy;                 : loaded 2 times (x 69B)
Class org.objectweb.asm.AnnotationWriter                                              : loaded 2 times (x 79B)
Class com.google.common.cache.CacheStats                                              : loaded 2 times (x 71B)
Class kotlin.Unit                                                                     : loaded 2 times (x 71B)
Class kotlin.sequences.SequencesKt___SequencesJvmKt                                   : loaded 2 times (x 71B)
Class com.google.common.collect.ImmutableMultisetGwtSerializationDependencies         : loaded 2 times (x 125B)
Class com.google.common.collect.Interners                                             : loaded 2 times (x 71B)
Class com.google.common.io.Closer$Suppressor                                          : loaded 2 times (x 70B)
Class com.google.common.io.LineProcessor                                              : loaded 2 times (x 70B)
Class org.jetbrains.kotlin.gradle.tasks.K2MultiplatformStructure$RefinesEdge          : loaded 2 times (x 72B)
Class org.jetbrains.kotlin.gradle.tasks.configuration.TaskConfigAction$configureTask$1: loaded 2 times (x 79B)
Class org.jetbrains.kotlin.gradle.plugin.diagnostics.checkers.DuplicateSourceSetChecker$runChecks$1: loaded 2 times (x 88B)
Class org.jetbrains.kotlin.gradle.dsl.JvmTarget                                       : loaded 2 times (x 79B)
Class org.jetbrains.kotlin.gradle.internal.ClassLoadersCachingBuildService            : loaded 2 times (x 76B)
Class org.jetbrains.kotlin.gradle.plugin.VariantImplementationFactories$Inject        : loaded 2 times (x 106B)
Class org.jetbrains.kotlin.gradle.plugin.VariantImplementationFactoriesConfigurator$Companion: loaded 2 times (x 71B)
Class org.objectweb.asm.RecordComponentWriter                                         : loaded 2 times (x 78B)
Class com.google.common.util.concurrent.AbstractFuture$Listener                       : loaded 2 times (x 72B)
Class com.google.common.base.CharMatcher$Or                                           : loaded 2 times (x 112B)
Class Settings_gradle$1$1                                                             : loaded 2 times (x 74B)
Class kotlin.ranges.RangesKt                                                          : loaded 2 times (x 71B)
Class com.google.common.collect.ForwardingSet                                         : loaded 2 times (x 151B)
Class org.jetbrains.kotlin.gradle.tasks.KotlinCompile_Decorated                       : loaded 2 times (x 599B)
Class org.jetbrains.kotlin.gradle.plugin.internal.BuildIdService$Companion            : loaded 2 times (x 71B)
Class org.jetbrains.kotlin.gradle.targets.js.dsl.KotlinWasmSubTargetContainerDsl      : loaded 2 times (x 70B)
Class org.jetbrains.kotlin.gradle.plugin.diagnostics.checkers.DisabledCinteropCommonizationInHmppProjectChecker: loaded 2 times (x 74B)
Class org.jetbrains.kotlin.gradle.plugin.diagnostics.checkers.NoKotlinTargetsDeclaredChecker: loaded 2 times (x 74B)
Class org.jetbrains.kotlin.gradle.plugin.KotlinSourceSetContainer                     : loaded 2 times (x 70B)
Class org.objectweb.asm.Attribute                                                     : loaded 2 times (x 77B)
Class com.google.common.base.Supplier                                                 : loaded 2 times (x 70B)
Class org.gradle.internal.classloader.VisitableURLClassLoader                         : loaded 2 times (x 117B)
Class kotlin.collections.ArraysUtilJVM                                                : loaded 2 times (x 71B)
Class kotlin.jvm.functions.Function0                                                  : loaded 2 times (x 70B)
Class com.google.common.collect.NullnessCasts                                         : loaded 2 times (x 71B)
Class com.google.common.io.CharSource$AsByteSource                                    : loaded 2 times (x 85B)
Class com.google.common.collect.ImmutableList$SerializedForm                          : loaded 2 times (x 73B)
Class org.jetbrains.kotlin.gradle.plugin.sources.InternalKotlinSourceSetKt$awaitPlatformCompilations$1: loaded 2 times (x 88B)
Class [Lorg.jetbrains.kotlin.gradle.plugin.sources.KotlinDependencyScope;             : loaded 2 times (x 69B)
Class org.jetbrains.kotlin.gradle.plugin.mpp.compilationImpl.factory.ConfigurationNaming: loaded 2 times (x 70B)
Class org.jetbrains.kotlin.gradle.plugin.mpp.compilationImpl.DefaultKotlinCompilationPostConfigureKt: loaded 2 times (x 71B)
Class org.jetbrains.kotlin.gradle.plugin.diagnostics.KotlinGradleProjectCheckersRunnerKt: loaded 2 times (x 71B)
Class [Lorg.jetbrains.kotlin.tooling.core.HasExtras;                                  : loaded 2 times (x 69B)
Class org.jetbrains.kotlin.gradle.dsl.DefaultToolchainSupport$wireToolchainToTasks$1$1: loaded 2 times (x 75B)
Class org.jetbrains.kotlin.gradle.utils.SingleActionPerProject                        : loaded 2 times (x 73B)
Class com.google.common.util.concurrent.AbstractFuture$Waiter                         : loaded 2 times (x 72B)
Class org.jetbrains.kotlin.gradle.plugin.DefaultKotlinBasePlugin                      : loaded 2 times (x 82B)
Class org.gradle.internal.Cast                                                        : loaded 2 times (x 71B)
Class org.gradle.api.Action                                                           : loaded 2 times (x 70B)
Class kotlin.jvm.functions.Function1                                                  : loaded 2 times (x 70B)
Class com.google.common.collect.HashBiMap                                             : loaded 2 times (x 143B)
Class com.google.common.collect.MapMakerInternalMap                                   : loaded 2 times (x 161B)
Class org.jetbrains.kotlin.gradle.plugin.mpp.compilationImpl.KotlinCompilationCompilerOptionsFromTargetConfigurator: loaded 2 times (x 74B)
Class org.jetbrains.kotlin.gradle.utils.FailuresKt$ideaSyncClasspathModeUtil$1        : loaded 2 times (x 72B)
Class org.jetbrains.kotlin.gradle.plugin.diagnostics.KotlinToolingDiagnosticsCollector$Inject: loaded 2 times (x 96B)
Class org.jetbrains.kotlin.gradle.dsl.KotlinTargetContainerWithWasmPresetFunctions    : loaded 2 times (x 70B)
Class org.jetbrains.kotlin.gradle.plugin.GradleUtilsKt                                : loaded 2 times (x 71B)
Class com.google.common.collect.Sets                                                  : loaded 2 times (x 71B)
Class org.objectweb.asm.Handler                                                       : loaded 2 times (x 72B)
Class com.google.common.base.Ticker                                                   : loaded 2 times (x 72B)
Class com.google.common.base.Strings                                                  : loaded 2 times (x 71B)
Class com.google.common.base.CharMatcher$FastMatcher                                  : loaded 2 times (x 111B)
Class kotlin.jvm.functions.Function2                                                  : loaded 2 times (x 70B)
Class com.google.common.collect.ImmutableSortedSet$Builder                            : loaded 2 times (x 86B)
Class org.jetbrains.kotlin.gradle.tasks.KotlinCompile$javaSources$1                   : loaded 2 times (x 75B)
Class org.jetbrains.kotlin.gradle.plugin.diagnostics.KotlinToolingDiagnosticsCollector: loaded 2 times (x 76B)
Class org.jetbrains.kotlin.tooling.core.MutableExtrasImpl                             : loaded 2 times (x 165B)
Class org.jetbrains.kotlin.gradle.plugin.statistics.KotlinBuildStatsMXBean            : loaded 2 times (x 70B)
Class org.jetbrains.kotlin.gradle.utils.FileUtilsKt                                   : loaded 2 times (x 71B)
Class [Lcom.google.common.cache.LocalCache$Segment;                                   : loaded 2 times (x 69B)
Class [Lcom.google.common.cache.LocalCache$Strength;                                  : loaded 2 times (x 69B)
Class com.google.common.cache.CacheBuilder$1                                          : loaded 2 times (x 85B)
Class com.google.common.collect.ImmutableMap                                          : loaded 2 times (x 120B)
Class com.google.common.base.Predicate                                                : loaded 2 times (x 70B)
Class org.gradle.internal.classpath.DefaultClassPath$ImmutableUniqueList$Builder      : loaded 2 times (x 75B)
Class kotlin.collections.MapsKt___MapsJvmKt                                           : loaded 2 times (x 71B)
Class com.google.common.collect.MapMakerInternalMap$WeakValueReference                : loaded 2 times (x 70B)
Class org.jetbrains.kotlin.gradle.plugin.mpp.KotlinCompilationFactory$DefaultImpls    : loaded 2 times (x 71B)
Class com.google.common.collect.AbstractRangeSet                                      : loaded 2 times (x 114B)
Class org.jetbrains.kotlin.gradle.plugin.diagnostics.checkers.InternalGradlePropertiesUsageChecker: loaded 2 times (x 74B)
Class org.jetbrains.kotlin.gradle.targets.metadata.KotlinMetadataTargetConfiguratorKt : loaded 2 times (x 71B)
Class org.jetbrains.kotlin.gradle.testing.internal.KotlinTestsRegistry$Companion      : loaded 2 times (x 71B)
Class org.jetbrains.kotlin.gradle.dsl.KotlinCommonCompilerToolOptions                 : loaded 2 times (x 70B)
Class org.jetbrains.kotlin.gradle.internal.ClassLoadersCachingBuildService$Companion$registerIfAbsent$1$1: loaded 2 times (x 79B)
Class org.jetbrains.kotlin.gradle.plugin.internal.DefaultConfigurationCacheStartParameterAccessorVariantFactory: loaded 2 times (x 76B)
Class com.google.common.cache.LocalCache                                              : loaded 2 times (x 187B)
Class com.google.common.cache.CacheBuilder$2                                          : loaded 2 times (x 72B)
Class com.google.common.base.CharMatcher$NegatedFastMatcher                           : loaded 2 times (x 113B)
Class kotlin.collections.CollectionsKt___CollectionsKt                                : loaded 2 times (x 71B)
Class Build_gradle$inlined$sam$i$org_gradle_api_Action$0                              : loaded 2 times (x 75B)
Class org.jetbrains.kotlin.build.report.metrics.BuildPerformanceMetrics$Companion     : loaded 2 times (x 71B)
Class org.jetbrains.kotlin.cli.common.arguments.K2JVMCompilerArguments                : loaded 2 times (x 81B)
Class org.jetbrains.kotlin.gradle.plugin.mpp.compilationImpl.DefaultKotlinCompilationSourceSetsContainer$source$1: loaded 2 times (x 79B)
Class org.jetbrains.kotlin.gradle.internal.KotlinTestDependencyManagementKt           : loaded 2 times (x 71B)
Class [Lorg.jetbrains.kotlin.gradle.plugin.sources.ConsistencyCheck;                  : loaded 2 times (x 69B)
Class org.jetbrains.kotlin.gradle.report.ReportingSettings                            : loaded 2 times (x 72B)
Class org.jetbrains.kotlin.statistics.metrics.StringAnonymizationPolicy$ComponentVersionAnonymizer: loaded 2 times (x 78B)
Class [Lcom.google.common.collect.AbstractMapEntry;                                   : loaded 2 times (x 69B)
Class com.google.common.collect.ImmutableEntry                                        : loaded 2 times (x 82B)
Class com.google.common.collect.ArrayListMultimap                                     : loaded 2 times (x 172B)
Class com.google.common.base.AbstractIterator$1                                       : loaded 2 times (x 71B)
Class com.google.common.base.CharMatcher$Digit                                        : loaded 2 times (x 112B)
Class org.jetbrains.kotlin.gradle.plugin.KotlinBasePluginWrapper                      : loaded 2 times (x 86B)
Class org.gradle.api.GradleException                                                  : loaded 2 times (x 82B)
Class jdk.internal.jimage.ImageStrings                                                : loaded 2 times (x 70B)
Class kotlin.text.StringsKt___StringsJvmKt                                            : loaded 2 times (x 71B)
Class com.google.common.io.CharSource$EmptyCharSource                                 : loaded 2 times (x 86B)
Class org.apache.commons.io.StandardLineSeparator                                     : loaded 2 times (x 79B)
Class com.google.common.base.Suppliers$MemoizingSupplier                              : loaded 2 times (x 79B)
Class org.jetbrains.kotlin.gradle.plugin.ProjectLocalConfigurations$ProjectLocalCompatibility: loaded 2 times (x 76B)
Class org.jetbrains.kotlin.gradle.dsl.KotlinJvmCompilerOptions                        : loaded 2 times (x 70B)
Class com.google.common.collect.CollectPreconditions                                  : loaded 2 times (x 71B)
Class com.google.common.base.CharMatcher$JavaIsoControl                               : loaded 2 times (x 112B)
Class kotlin.collections.MapsKt___MapsKt                                              : loaded 2 times (x 71B)
Class kotlin.collections.ArraysKt___ArraysKt                                          : loaded 2 times (x 71B)
Class com.google.common.collect.Maps$AbstractFilteredMap                              : loaded 2 times (x 127B)
Class [Lcom.google.common.collect.MapMakerInternalMap$Strength;                       : loaded 2 times (x 69B)
Class [Lcom.google.common.io.FileWriteMode;                                           : loaded 2 times (x 69B)
Class org.jetbrains.kotlin.gradle.plugin.KotlinPluginLifecycleImpl$launch$1           : loaded 2 times (x 79B)
Class org.jetbrains.kotlin.gradle.utils.Completable                                   : loaded 2 times (x 72B)
Class org.jetbrains.kotlin.gradle.plugin.statistics.KotlinBuildStatsServicesRegistry$Companion: loaded 2 times (x 71B)
Class org.jetbrains.kotlin.gradle.plugin.internal.DefaultCompatibilityConventionRegistrar$Factory: loaded 2 times (x 76B)
Class com.google.common.collect.SortedMapDifference                                   : loaded 2 times (x 70B)
Class com.google.common.base.CharMatcher$JavaLowerCase                                : loaded 2 times (x 111B)
Class kotlin.collections.MapsKt__MapWithDefaultKt                                     : loaded 2 times (x 71B)
Class Build_gradle$1$1                                                                : loaded 2 times (x 78B)
Class com.google.common.collect.Iterables$4                                           : loaded 2 times (x 81B)
Class com.google.common.collect.MapMakerInternalMap$StrongKeyDummyValueSegment        : loaded 2 times (x 142B)
Class com.google.common.cache.LocalCache$WriteThroughEntry                            : loaded 2 times (x 79B)
Class com.google.common.cache.LocalCache$HashIterator                                 : loaded 2 times (x 86B)
Class com.google.common.io.Files                                                      : loaded 2 times (x 71B)
Class org.jetbrains.kotlin.gradle.tasks.DefaultKotlinJavaToolchain$DefaultJdkSetter   : loaded 2 times (x 76B)
Class org.jetbrains.kotlin.cli.common.arguments.CommonCompilerArguments               : loaded 2 times (x 80B)
Class org.jetbrains.kotlin.gradle.plugin.mpp.KotlinOnlyTarget                         : loaded 2 times (x 159B)
Class org.jetbrains.kotlin.gradle.targets.js.npm.BaseNpmDependencyExtension           : loaded 2 times (x 70B)
Class org.jetbrains.kotlin.gradle.dsl.KotlinVersion$Companion                         : loaded 2 times (x 71B)
Class org.jetbrains.kotlin.gradle.InternalKotlinGradlePluginApi                       : loaded 2 times (x 70B)
Class org.jetbrains.kotlin.gradle.dsl.DefaultToolchainSupport                         : loaded 2 times (x 76B)
Class org.jetbrains.kotlin.gradle.plugin.internal.CustomPropertiesFileValueSource     : loaded 2 times (x 82B)
Class com.google.common.cache.LocalCache$EntryFactory                                 : loaded 2 times (x 83B)
Class kotlin.collections.CollectionsKt__MutableCollectionsJVMKt                       : loaded 2 times (x 71B)
Class kotlin.enums.EnumEntriesKt                                                      : loaded 2 times (x 71B)
Class kotlin.text.StringsKt___StringsKt                                               : loaded 2 times (x 71B)
Class com.google.common.collect.Iterables$5                                           : loaded 2 times (x 81B)
Class com.google.common.reflect.Types$NativeTypeVariableEquals                        : loaded 2 times (x 71B)
Class com.google.common.reflect.TypeParameter                                         : loaded 2 times (x 72B)
Class com.google.common.collect.NullsLastOrdering                                     : loaded 2 times (x 115B)
Class [Lcom.google.common.collect.MapMaker$Dummy;                                     : loaded 2 times (x 69B)
Class org.jetbrains.kotlin.gradle.tasks.TaskOutputsBackup                             : loaded 2 times (x 72B)
Class org.jetbrains.kotlin.gradle.internal.StdlibDependencyManagementKt$configureStdlibVersionAlignment$1$1: loaded 2 times (x 75B)
Class org.jetbrains.kotlin.gradle.dsl.KotlinProjectExtension$awaitSourceSets$1        : loaded 2 times (x 88B)
Class org.jetbrains.kotlin.gradle.plugin.KotlinPluginLifecycle$CoroutineStart         : loaded 2 times (x 79B)
Class org.jetbrains.kotlin.gradle.tasks.TasksProviderKt$sam$org_gradle_api_Action$0   : loaded 2 times (x 75B)
Class org.jetbrains.kotlin.gradle.tooling.BuildKotlinToolingMetadataTask$FromKotlinExtension: loaded 2 times (x 317B)
Class org.jetbrains.kotlin.gradle.utils.FailuresKt                                    : loaded 2 times (x 71B)
Class org.jetbrains.kotlin.gradle.internal.ClassLoadersCachingBuildService$Companion$registerIfAbsent$1$1$1: loaded 2 times (x 75B)
Class org.jetbrains.kotlin.tooling.core.HasMutableExtras                              : loaded 2 times (x 70B)
Class com.google.common.cache.LocalCache$AbstractReferenceEntry                       : loaded 2 times (x 107B)
Class com.google.common.base.Splitter$1$1                                             : loaded 2 times (x 86B)
Class com.google.common.base.CharMatcher$Whitespace                                   : loaded 2 times (x 112B)
Class org.gradle.internal.IoActions                                                   : loaded 2 times (x 71B)
Class com.google.common.collect.ImmutableMapKeySet                                    : loaded 2 times (x 150B)
Class org.jetbrains.kotlin.gradle.internal.Kapt3KotlinGradleSubpluginKt               : loaded 2 times (x 71B)
Class org.jetbrains.kotlin.gradle.dsl.KotlinJvmCompile                                : loaded 2 times (x 70B)
Class com.google.common.collect.ImmutableRangeSet$ComplementRanges                    : loaded 2 times (x 207B)
Class org.jetbrains.kotlin.gradle.internal.Kapt3GradleSubplugin                       : loaded 2 times (x 83B)
Class org.jetbrains.kotlin.statistics.metrics.BooleanOverridePolicy$OR                : loaded 2 times (x 85B)
Class org.jetbrains.kotlin.gradle.plugin.UsesVariantImplementationFactories           : loaded 2 times (x 70B)
Class org.objectweb.asm.SymbolTable                                                   : loaded 2 times (x 72B)
Class com.google.common.cache.CacheLoader$InvalidCacheLoadException                   : loaded 2 times (x 82B)
Class com.google.common.collect.ImmutableSet$RegularSetBuilderImpl                    : loaded 2 times (x 77B)
Class com.google.common.base.CharMatcher$SingleWidth                                  : loaded 2 times (x 112B)
Class org.gradle.internal.classloader.SystemClassLoaderSpec                           : loaded 2 times (x 71B)
Class kotlin.jvm.internal.Intrinsics                                                  : loaded 2 times (x 71B)
Class build_6qp6c13kx6zhojg4iaqunayvp$_run_closure1                                   : loaded 2 times (x 139B)
Class org.jetbrains.kotlin.gradle.tasks.CacheableTasksKt$cacheOnlyIfEnabledForKotlin$1$1: loaded 2 times (x 74B)
Class com.google.common.collect.FluentIterable                                        : loaded 2 times (x 81B)
Class org.jetbrains.kotlin.gradle.tasks.configuration.BaseKotlinCompileConfig$1$1     : loaded 2 times (x 74B)
Class org.jetbrains.kotlin.gradle.plugin.mpp.compilationImpl.factory.KotlinCompilationImplFactory$PostConfigure: loaded 2 times (x 70B)
Class org.jetbrains.kotlin.gradle.plugin.diagnostics.checkers.NoKotlinTargetsDeclaredChecker$runChecks$1: loaded 2 times (x 88B)
Class org.jetbrains.kotlin.gradle.plugin.mpp.AbstractKotlinTarget$kotlinComponents$2  : loaded 2 times (x 79B)
Class org.jetbrains.kotlin.gradle.plugin.KotlinPlatformType$CompatibilityRule         : loaded 2 times (x 76B)
Class org.jetbrains.kotlin.gradle.plugin.BuildEventsListenerRegistryHolder            : loaded 2 times (x 72B)
Class [Lorg.jetbrains.kotlin.statistics.metrics.BooleanOverridePolicy;                : loaded 2 times (x 69B)
Class org.jetbrains.kotlin.gradle.plugin.internal.CustomPropertiesFileValueSource$Parameters$Inject: loaded 2 times (x 106B)
Class com.google.common.cache.LocalCache$StrongEntry                                  : loaded 2 times (x 108B)
Class com.google.common.util.concurrent.AbstractFuture$TrustedFuture                  : loaded 2 times (x 114B)
Class com.google.common.cache.LoadingCache                                            : loaded 2 times (x 70B)
Class jdk.internal.jrtfs.JrtFileSystem                                                : loaded 2 times (x 102B)
Class kotlin.collections.MapsKt                                                       : loaded 2 times (x 71B)
Class kotlin.collections.CollectionsKt__IterablesKt                                   : loaded 2 times (x 71B)
Class org.jetbrains.kotlin.statistics.metrics.ConcatMetricContainer                   : loaded 2 times (x 77B)
Class com.google.common.io.ByteStreams$LimitedInputStream                             : loaded 2 times (x 92B)
Class com.google.common.base.Suppliers$NonSerializableMemoizingSupplier               : loaded 2 times (x 79B)
Class org.jetbrains.kotlin.gradle.tasks.GradleCompileTaskProvider                     : loaded 2 times (x 72B)
Class org.jetbrains.kotlin.gradle.plugin.internal.BuildIdService                      : loaded 2 times (x 76B)
Class org.jetbrains.kotlin.gradle.plugin.mpp.compilationImpl.factory.KotlinCompilationDependencyConfigurationsFactoriesKt: loaded 2 times (x 71B)
Class org.jetbrains.kotlin.gradle.plugin.mpp.compilationImpl.DefaultKotlinCompilationFriendPathsResolver: loaded 2 times (x 75B)
Class org.jetbrains.kotlin.gradle.plugin.diagnostics.checkers.WasmSourceSetsNotFoundChecker$runChecks$1: loaded 2 times (x 88B)
Class org.jetbrains.kotlin.gradle.dsl.KotlinVersion                                   : loaded 2 times (x 79B)
Class org.objectweb.asm.MethodWriter                                                  : loaded 2 times (x 106B)
Class [Lcom.google.common.cache.Weigher;                                              : loaded 2 times (x 69B)
Class com.google.common.collect.RegularImmutableMap$BucketOverflowException           : loaded 2 times (x 82B)
Class kotlin.KotlinNullPointerException                                               : loaded 2 times (x 83B)
Class org.jetbrains.kotlin.cli.common.CompilerSystemProperties$Companion              : loaded 2 times (x 71B)
Class com.google.common.collect.ImmutableMultimap$1                                   : loaded 2 times (x 82B)
Class com.google.common.collect.AbstractMapBasedMultimap$RandomAccessWrappedList      : loaded 2 times (x 205B)
Class org.jetbrains.kotlin.gradle.plugin.sources.KotlinDependencyScope$Companion      : loaded 2 times (x 71B)
Class org.jetbrains.kotlin.gradle.plugin.KotlinPluginLifecycleKt$launchInStage$1      : loaded 2 times (x 95B)
Class org.jetbrains.kotlin.gradle.tasks.configuration.BaseKotlinCompileConfig$1$3     : loaded 2 times (x 75B)
Class org.jetbrains.kotlin.gradle.tasks.KotlinJvmCompile                              : loaded 2 times (x 70B)
Class org.jetbrains.kotlin.gradle.plugin.mpp.compilationImpl.KotlinCompilationSourceSetsContainerKt: loaded 2 times (x 71B)
Class org.jetbrains.kotlin.gradle.report.BuildReportMode                              : loaded 2 times (x 79B)
Class org.jetbrains.kotlin.statistics.metrics.StringAnonymizationPolicy$RegexControlled: loaded 2 times (x 79B)
Class org.jetbrains.kotlin.statistics.ValueAnonymizer                                 : loaded 2 times (x 70B)
Class org.jetbrains.kotlin.gradle.plugin.VariantImplementationFactories$Companion$getProvider$2$1$1: loaded 2 times (x 75B)
Class org.jetbrains.kotlin.gradle.plugin.internal.ProjectIsolationStartParameterAccessor$Factory: loaded 2 times (x 70B)
Class kotlin.ranges.RangesKt___RangesKt                                               : loaded 2 times (x 71B)
Class com.google.common.reflect.Types$JavaVersion$1                                   : loaded 2 times (x 83B)
Class org.jetbrains.kotlin.gradle.tasks.KotlinCompile$disableMultiModuleIC$2$1        : loaded 2 times (x 75B)
Class com.google.common.collect.AbstractIterator$State                                : loaded 2 times (x 79B)
Class com.google.common.collect.ImmutableMultimap$2                                   : loaded 2 times (x 81B)
Class org.jetbrains.kotlin.gradle.tasks.DefaultKotlinJavaToolchain$javaExecutable$1   : loaded 2 times (x 75B)
Class org.jetbrains.kotlin.build.report.metrics.BuildAttribute                        : loaded 2 times (x 79B)
Class com.google.common.collect.RegularImmutableBiMap                                 : loaded 2 times (x 148B)
Class org.jetbrains.kotlin.gradle.plugin.mpp.compilationImpl.KotlinCompilationRegisterInSourceSetsConfigurator: loaded 2 times (x 74B)
Class org.jetbrains.kotlin.gradle.plugin.mpp.compilationImpl.factory.DefaultKotlinCompilationTaskNamesContainerFactory: loaded 2 times (x 74B)
Class [Lorg.jetbrains.kotlin.gradle.targets.js.npm.NpmDependency$Scope;               : loaded 2 times (x 69B)
Class org.jetbrains.kotlin.gradle.plugin.KotlinCompilerPluginSupportPlugin            : loaded 2 times (x 70B)
Class org.jetbrains.kotlin.gradle.plugin.mpp.AbstractKotlinTarget$components$2        : loaded 2 times (x 79B)
Class org.jetbrains.kotlin.gradle.plugin.mpp.KotlinUsages$setupAttributesMatchingStrategy$1: loaded 2 times (x 74B)
Class org.jetbrains.kotlin.gradle.utils.AndroidPluginIdsKt                            : loaded 2 times (x 71B)
Class com.google.common.cache.LocalCache$ValueReference                               : loaded 2 times (x 70B)
Class com.google.common.base.CharMatcher$Negated                                      : loaded 2 times (x 113B)
Class com.google.common.base.CharMatcher$Is                                           : loaded 2 times (x 111B)
Class org.jetbrains.kotlin.gradle.plugin.KotlinBasePlugin                             : loaded 2 times (x 70B)
Class kotlin.collections.ArraysKt                                                     : loaded 2 times (x 71B)
Class com.google.common.reflect.Types$JavaVersion$2                                   : loaded 2 times (x 83B)
Class com.google.common.reflect.Types                                                 : loaded 2 times (x 71B)
Class com.google.common.hash.PrimitiveSink                                            : loaded 2 times (x 70B)
Class org.jetbrains.kotlin.gradle.tasks.internal.KotlinJvmOptionsCompat               : loaded 2 times (x 103B)
Class org.jetbrains.kotlin.cli.common.arguments.CommonToolArguments                   : loaded 2 times (x 73B)
Class org.jetbrains.kotlin.gradle.utils.FutureKt                                      : loaded 2 times (x 71B)
Class org.jetbrains.kotlin.gradle.logging.GradleLoggingUtilsKt                        : loaded 2 times (x 71B)
Class com.google.common.util.concurrent.AbstractFuture$Failure                        : loaded 2 times (x 72B)
Class com.google.common.base.Equivalence$Equals                                       : loaded 2 times (x 82B)
Class com.google.common.collect.Hashing                                               : loaded 2 times (x 71B)
Class com.google.common.base.PatternCompiler                                          : loaded 2 times (x 70B)
Class com.google.common.base.Preconditions                                            : loaded 2 times (x 71B)
Class kotlin.collections.SetsKt__SetsKt                                               : loaded 2 times (x 71B)
Class kotlin.LazyKt                                                                   : loaded 2 times (x 71B)
Class [Lorg.apache.commons.io.file.DeleteOption;                                      : loaded 2 times (x 69B)
Class com.google.common.reflect.Types$JavaVersion$3                                   : loaded 2 times (x 83B)
Class com.google.common.collect.ByFunctionOrdering                                    : loaded 2 times (x 115B)
Class com.google.common.collect.ImmutableSetMultimap                                  : loaded 2 times (x 180B)
Class com.google.common.io.CharSink                                                   : loaded 2 times (x 79B)
Class org.jetbrains.kotlin.compilerRunner.GradleCompilerRunner$Companion              : loaded 2 times (x 71B)
Class [Lorg.jetbrains.kotlin.gradle.dsl.PlatformSourceSetConventionsChecker$CheckedPlatformInfo;: loaded 2 times (x 69B)
Class org.jetbrains.kotlin.gradle.plugin.diagnostics.KotlinGradleProjectCheckerContext: loaded 2 times (x 72B)
Class org.jetbrains.kotlin.gradle.plugin.diagnostics.checkers.DuplicateSourceSetChecker: loaded 2 times (x 74B)
Class org.jetbrains.kotlin.gradle.dsl.KotlinTargetContainerWithNativeShortcuts        : loaded 2 times (x 70B)
Class org.jetbrains.kotlin.gradle.plugin.DefaultKotlinBasePlugin$setupAttributeMatchingStrategy$1$1: loaded 2 times (x 79B)
Class org.jetbrains.kotlin.statistics.metrics.NumericalMetrics$Companion              : loaded 2 times (x 71B)
Class [Lorg.jetbrains.kotlin.statistics.metrics.NumberAnonymizationPolicy;            : loaded 2 times (x 69B)
Class org.jetbrains.kotlin.statistics.metrics.NumberOverridePolicy$OVERRIDE           : loaded 2 times (x 85B)
Class com.google.common.base.Joiner$1                                                 : loaded 2 times (x 80B)
Class org.objectweb.asm.Label                                                         : loaded 2 times (x 73B)
Class org.objectweb.asm.CurrentFrame                                                  : loaded 2 times (x 73B)
Class org.objectweb.asm.ClassTooLargeException                                        : loaded 2 times (x 83B)
Class com.google.common.collect.PeekingIterator                                       : loaded 2 times (x 70B)
Class com.google.common.base.CharMatcher                                              : loaded 2 times (x 111B)
Class kotlin.collections.ArraysKt__ArraysJVMKt                                        : loaded 2 times (x 71B)
Class com.google.common.reflect.Types$JavaVersion$4                                   : loaded 2 times (x 83B)
Class com.google.common.io.ByteSource$AsCharSource                                    : loaded 2 times (x 86B)
Class com.google.common.collect.MapMakerInternalMap$InternalEntryHelper               : loaded 2 times (x 70B)
Class com.google.common.collect.Maps$IteratorBasedAbstractMap                         : loaded 2 times (x 125B)
Class com.google.common.collect.Table                                                 : loaded 2 times (x 70B)
Class org.jetbrains.kotlin.gradle.tasks.configuration.AbstractKotlinCompileConfig$2$2$1: loaded 2 times (x 75B)
Class org.jetbrains.kotlin.build.report.metrics.BuildAttributes$Companion             : loaded 2 times (x 71B)
Class org.jetbrains.kotlin.gradle.tasks.KotlinCompilationTask                         : loaded 2 times (x 70B)
Class org.jetbrains.kotlin.gradle.plugin.mpp.compilationImpl.factory.KotlinCompilationImplFactory$ProcessResourcesTaskNameFactory: loaded 2 times (x 70B)
Class com.google.common.collect.RangeGwtSerializationDependencies                     : loaded 2 times (x 71B)
Class org.jetbrains.kotlin.gradle.internal.KotlinDependenciesManagementKt             : loaded 2 times (x 71B)
Class org.jetbrains.kotlin.gradle.plugin.DefaultKotlinBasePlugin$setupAttributeMatchingStrategy$1$2: loaded 2 times (x 79B)
Class org.jetbrains.kotlin.gradle.plugin.internal.CustomPropertiesFileValueSource$Inject: loaded 2 times (x 113B)
Class com.google.common.base.Joiner$2                                                 : loaded 2 times (x 79B)
Class org.objectweb.asm.Frame                                                         : loaded 2 times (x 73B)
Class org.objectweb.asm.MethodVisitor                                                 : loaded 2 times (x 105B)
Class com.google.common.cache.LocalCache$EntryFactory$1                               : loaded 2 times (x 83B)
Class [Lcom.google.common.cache.RemovalListener;                                      : loaded 2 times (x 69B)
Class com.google.common.base.CharMatcher$1                                            : loaded 2 times (x 113B)
Class com.google.common.base.CharMatcher$NamedFastMatcher                             : loaded 2 times (x 112B)
Class kotlin.text.StringsKt__StringBuilderKt                                          : loaded 2 times (x 71B)
Class com.google.common.reflect.Types$JavaVersion$5                                   : loaded 2 times (x 71B)
Class [Lcom.google.common.reflect.Types$ClassOwnership;                               : loaded 2 times (x 69B)
Class org.jetbrains.kotlin.compilerRunner.UsesCompilerSystemPropertiesService         : loaded 2 times (x 70B)
Class org.jetbrains.kotlin.gradle.plugin.mpp.compilationImpl.KotlinCompilationSourceSetInclusion$Companion: loaded 2 times (x 71B)
Class com.google.common.collect.RangeSet                                              : loaded 2 times (x 70B)
Class org.jetbrains.kotlin.gradle.plugin.diagnostics.checkers.MissingNativeStdlibChecker$runChecks$1: loaded 2 times (x 88B)
Class [Lorg.jetbrains.kotlin.gradle.plugin.sources.android.AndroidVariantType;        : loaded 2 times (x 69B)
Class org.jetbrains.kotlin.gradle.plugin.sources.android.AndroidVariantType           : loaded 2 times (x 79B)
Class org.jetbrains.kotlin.gradle.plugin.mpp.KotlinTargetSoftwareComponent            : loaded 2 times (x 89B)
Class org.jetbrains.kotlin.gradle.plugin.mpp.KotlinVariant                            : loaded 2 times (x 101B)
Class org.jetbrains.kotlin.gradle.utils.WhenPluginEnabledKt                           : loaded 2 times (x 71B)
Class org.jetbrains.kotlin.tooling.core.ExtrasProperty                                : loaded 2 times (x 70B)
Class org.jetbrains.kotlin.gradle.plugin.VariantImplementationFactories               : loaded 2 times (x 75B)
Class com.google.common.cache.LocalCache$EntryFactory$2                               : loaded 2 times (x 83B)
Class org.gradle.api.internal.classpath.GlobalCacheRootsProvider                      : loaded 2 times (x 70B)
Class kotlin.Lazy                                                                     : loaded 2 times (x 70B)
Class kotlin.NoWhenBranchMatchedException                                             : loaded 2 times (x 82B)
Class org.jetbrains.kotlin.tooling.core.Extras$Entry$Companion                        : loaded 2 times (x 71B)
Class com.google.common.collect.CollectCollectors                                     : loaded 2 times (x 71B)
Class org.jetbrains.kotlin.gradle.targets.js.dsl.KotlinWasmWasiTargetDsl              : loaded 2 times (x 70B)
Class org.jetbrains.kotlin.gradle.plugin.diagnostics.checkers.DisabledNativeTargetsChecker: loaded 2 times (x 74B)
Class org.jetbrains.kotlin.gradle.internal.CompilerArgumentAware                      : loaded 2 times (x 70B)
Class org.objectweb.asm.ModuleWriter                                                  : loaded 2 times (x 82B)
Class com.google.common.cache.LocalCache$EntryFactory$3                               : loaded 2 times (x 83B)
Class com.google.common.base.Ticker$1                                                 : loaded 2 times (x 72B)
Class com.google.common.collect.ImmutableMapEntrySet$RegularEntrySet                  : loaded 2 times (x 151B)
Class com.google.common.collect.Maps$BiMapConverter                                   : loaded 2 times (x 90B)
Class Native_plugin_loader_gradle$NativePluginLoader                                  : loaded 2 times (x 72B)
Class com.google.common.collect.CollectSpliterators$1                                 : loaded 2 times (x 90B)
Class org.jetbrains.kotlin.gradle.tasks.K2MultiplatformStructure_Decorated            : loaded 2 times (x 135B)
Class org.jetbrains.kotlin.compilerRunner.GradleCompilerRunner                        : loaded 2 times (x 73B)
Class com.google.common.collect.SetMultimap                                           : loaded 2 times (x 70B)
Class org.jetbrains.kotlin.gradle.dsl.AndroidMainSourceSetConventionsChecker$runChecks$1: loaded 2 times (x 88B)
Class org.jetbrains.kotlin.gradle.plugin.sources.FragmentConsistencyChecks            : loaded 2 times (x 72B)
Class org.jetbrains.kotlin.gradle.plugin.mpp.InternalKotlinTargetComponent            : loaded 2 times (x 93B)
Class org.jetbrains.kotlin.gradle.utils.ProviderApiUtilsKt                            : loaded 2 times (x 71B)
Class org.jetbrains.kotlin.gradle.internal.tasks.TaskWithLocalState                   : loaded 2 times (x 70B)
Class org.jetbrains.kotlin.statistics.metrics.BooleanMetrics                          : loaded 2 times (x 80B)
Class com.google.common.cache.LocalCache$EntryFactory$4                               : loaded 2 times (x 83B)
Class com.google.common.collect.ImmutableSet$Builder                                  : loaded 2 times (x 85B)
Class com.google.common.base.CharMatcher$InRange                                      : loaded 2 times (x 111B)
Class kotlin.sequences.ConstrainedOnceSequence                                        : loaded 2 times (x 75B)
Class org.jetbrains.kotlin.gradle.dsl.KotlinCommonCompilerOptionsExtensionsKt         : loaded 2 times (x 71B)
Class com.google.common.io.ByteStreams$1                                              : loaded 2 times (x 85B)
Class com.google.common.collect.ReverseOrdering                                       : loaded 2 times (x 115B)
Class org.jetbrains.kotlin.gradle.plugin.sources.KotlinDependencyScopeKt$WhenMappings : loaded 2 times (x 71B)
Class org.jetbrains.kotlin.gradle.tasks.K2MultiplatformCompilationTask                : loaded 2 times (x 70B)
Class org.jetbrains.kotlin.gradle.plugin.sources.FragmentConsistencyChecks$languageVersionCheck$1: loaded 2 times (x 79B)
Class org.jetbrains.kotlin.gradle.plugin.mpp.DecoratedKotlinCompilation               : loaded 2 times (x 191B)
Class [Lorg.jetbrains.kotlin.gradle.plugin.KotlinPlatformType;                        : loaded 2 times (x 69B)
Class org.jetbrains.kotlin.statistics.metrics.NumberOverridePolicy$AVERAGE            : loaded 2 times (x 85B)
Class org.jetbrains.kotlin.gradle.plugin.VariantImplementationFactories$Parameters$Inject: loaded 2 times (x 106B)
Class com.google.common.cache.LocalCache$EntryFactory$5                               : loaded 2 times (x 83B)
Class kotlin.jvm.internal.markers.KMappedMarker                                       : loaded 2 times (x 70B)
Class kotlin.NotImplementedError                                                      : loaded 2 times (x 82B)
Class org.apache.commons.io.output.AppendableWriter                                   : loaded 2 times (x 100B)
Class com.google.common.collect.HashMultimap                                          : loaded 2 times (x 174B)
Class org.jetbrains.kotlin.gradle.tasks.configuration.BaseKotlinCompileConfig$1       : loaded 2 times (x 79B)
Class org.jetbrains.kotlin.gradle.plugin.UsesBuildFinishedListenerService             : loaded 2 times (x 70B)
Class org.jetbrains.kotlin.gradle.plugin.mpp.compilationImpl.factory.ConfigurationNaming$Default: loaded 2 times (x 75B)
Class org.jetbrains.kotlin.gradle.plugin.mpp.compilationImpl.KotlinCompilationSourceSetInclusion: loaded 2 times (x 72B)
Class org.jetbrains.kotlin.gradle.targets.jvm.KotlinJvmTarget                         : loaded 2 times (x 172B)
Class org.jetbrains.kotlin.gradle.targets.js.dsl.KotlinWasmJsTargetDsl                : loaded 2 times (x 70B)
Class org.jetbrains.kotlin.gradle.plugin.diagnostics.checkers.DisabledNativeTargetsChecker$runChecks$1: loaded 2 times (x 88B)
Class org.jetbrains.kotlin.gradle.plugin.KotlinPluginLifecycleImpl$await$2$1          : loaded 2 times (x 79B)
Class org.jetbrains.kotlin.gradle.plugin.sources.DefaultLanguageSettingsBuilder       : loaded 2 times (x 100B)
Class org.jetbrains.kotlin.gradle.plugin.sources.FragmentConsistencyChecks$languageVersionCheck$2: loaded 2 times (x 78B)
Class org.jetbrains.kotlin.gradle.dsl.KotlinTargetContainerWithPresetFunctions        : loaded 2 times (x 70B)
Class org.jetbrains.kotlin.gradle.utils.GradleConfigurationUtilsKt                    : loaded 2 times (x 71B)
Class org.jetbrains.kotlin.gradle.plugin.StatisticsBuildFlowManager$subscribeForBuildResult$1: loaded 2 times (x 75B)
Class org.jetbrains.kotlin.gradle.plugin.internal.CustomPropertiesFileValueSource$Parameters: loaded 2 times (x 70B)
Class com.google.common.cache.LocalCache$EntryFactory$6                               : loaded 2 times (x 83B)
Class org.gradle.internal.installation.CurrentGradleInstallationLocator               : loaded 2 times (x 71B)
Class org.apache.commons.io.output.ThresholdingOutputStream                           : loaded 2 times (x 94B)
Class com.google.common.io.ByteSource$SlicedByteSource                                : loaded 2 times (x 85B)
Class org.jetbrains.kotlin.statistics.metrics.SumMetricContainer                      : loaded 2 times (x 80B)
Class com.google.common.collect.ImmutableMultimap$Builder                             : loaded 2 times (x 83B)
Class org.jetbrains.kotlin.gradle.tasks.DefaultKotlinJavaToolchain$getToolsJarFromJvm$1: loaded 2 times (x 75B)
Class org.jetbrains.kotlin.build.report.metrics.GcMetrics                             : loaded 2 times (x 72B)
Class org.jetbrains.kotlin.gradle.tasks.configuration.BaseKotlinCompileConfig$2       : loaded 2 times (x 79B)
Class org.jetbrains.kotlin.gradle.plugin.BuildFinishedListenerService$Companion$registerIfAbsent$2$1$1: loaded 2 times (x 75B)
Class com.google.common.collect.Maps$KeySet                                           : loaded 2 times (x 137B)
Class org.jetbrains.kotlin.gradle.plugin.mpp.InternalKotlinCompilation                : loaded 2 times (x 70B)
Class org.jetbrains.kotlin.gradle.plugin.AbstractKotlinJsPluginWrapper                : loaded 2 times (x 86B)
Class org.jetbrains.kotlin.gradle.plugin.KotlinPluginWrapperKt                        : loaded 2 times (x 71B)
Class com.google.common.cache.LocalCache$EntryFactory$7                               : loaded 2 times (x 83B)
Class com.google.common.collect.ImmutableSet$EmptySetBuilderImpl                      : loaded 2 times (x 76B)
Class com.google.common.collect.ImmutableList                                         : loaded 2 times (x 206B)
Class org.gradle.internal.service.DefaultServiceLocator                               : loaded 2 times (x 83B)
Class jdk.internal.jrtfs.JrtDirectoryStream                                           : loaded 2 times (x 89B)
Class com.google.common.collect.ImmutableMultimap$EntryCollection                     : loaded 2 times (x 127B)
Class com.google.common.collect.Maps$EntrySet                                         : loaded 2 times (x 136B)
Class org.jetbrains.kotlin.gradle.tasks.KotlinCompile$scriptExtensions$1              : loaded 2 times (x 79B)
Class org.jetbrains.kotlin.gradle.tasks.K2MultiplatformStructure$Fragment             : loaded 2 times (x 72B)
Class org.jetbrains.kotlin.compilerRunner.CompilerSystemPropertiesService$Companion$registerIfAbsent$1: loaded 2 times (x 75B)
Class org.jetbrains.kotlin.util.capitalizeDecapitalize.CapitalizeDecapitalizeKt       : loaded 2 times (x 71B)
Class org.jetbrains.kotlin.gradle.plugin.diagnostics.checkers.AndroidPluginWithoutAndroidTargetChecker: loaded 2 times (x 74B)
Class org.jetbrains.kotlin.statistics.metrics.NumberOverridePolicy                    : loaded 2 times (x 85B)
Class org.jetbrains.kotlin.statistics.metrics.StringAnonymizationPolicy$AllowedListAnonymizer$Companion: loaded 2 times (x 71B)
Class org.jetbrains.kotlin.gradle.plugin.internal.ProjectIsolationStartParameterAccessorKt: loaded 2 times (x 71B)
Class org.jetbrains.kotlin.gradle.testing.internal.KotlinTestsRegistry                : loaded 2 times (x 72B)
Class com.google.common.cache.LocalCache$EntryFactory$8                               : loaded 2 times (x 83B)
Class com.google.common.collect.ImmutableSet$SetBuilderImpl                           : loaded 2 times (x 76B)
Class org.gradle.internal.installation.CurrentGradleInstallation                      : loaded 2 times (x 73B)
Class com.google.common.collect.ForwardingObject                                      : loaded 2 times (x 72B)
Class org.jetbrains.kotlin.gradle.tasks.KotlinCompilerExecutionStrategy               : loaded 2 times (x 79B)
Class org.jetbrains.kotlin.gradle.plugin.sources.DefaultKotlinSourceSet$special$$inlined$Iterable$1: loaded 2 times (x 79B)
Class org.jetbrains.kotlin.gradle.plugin.mpp.compilationImpl.factory.KotlinCompilationImplFactory$KotlinCompilerOptionsFactory$Options: loaded 2 times (x 72B)
Class org.jetbrains.kotlin.gradle.plugin.KotlinCompilation                            : loaded 2 times (x 70B)
Class org.jetbrains.kotlin.gradle.plugin.KotlinTargetConfiguratorKt                   : loaded 2 times (x 71B)
Class org.jetbrains.kotlin.tooling.core.Extras$Type$Companion                         : loaded 2 times (x 71B)
Class com.google.common.cache.CacheLoader$1                                           : loaded 2 times (x 75B)
Class com.google.common.collect.ImmutableList$SubList                                 : loaded 2 times (x 208B)
Class org.gradle.util.internal.GUtil                                                  : loaded 2 times (x 71B)
Class kotlin.collections.CollectionsKt                                                : loaded 2 times (x 71B)
Class com.google.common.io.ByteSource                                                 : loaded 2 times (x 84B)
Class org.jetbrains.kotlin.gradle.plugin.mpp.InternalKotlinTargetKt$isSourcesPublishableFuture$2: loaded 2 times (x 95B)
Class org.jetbrains.kotlin.gradle.plugin.mpp.KotlinCompilationFactory                 : loaded 2 times (x 70B)
Class org.jetbrains.kotlin.gradle.dsl.IosSourceSetConventionChecker$runChecks$1       : loaded 2 times (x 88B)
Class org.jetbrains.kotlin.gradle.plugin.mpp.AbstractKotlinCompilation                : loaded 2 times (x 191B)
Class org.jetbrains.kotlin.gradle.plugin.diagnostics.checkers.UnusedSourceSetsChecker : loaded 2 times (x 74B)
Class org.jetbrains.kotlin.gradle.utils.Future                                        : loaded 2 times (x 70B)
Class org.jetbrains.kotlin.gradle.plugin.BuildFinishFlowAction$Parameters             : loaded 2 times (x 70B)
Class com.google.common.util.concurrent.AbstractFuture$SetFuture                      : loaded 2 times (x 75B)
Class com.google.common.cache.AbstractCache$StatsCounter                              : loaded 2 times (x 70B)
Class com.google.common.reflect.Types$TypeVariableImpl                                : loaded 2 times (x 72B)
Class com.google.common.io.LineBuffer                                                 : loaded 2 times (x 75B)
Class com.google.common.collect.MapMakerInternalMap$1                                 : loaded 2 times (x 83B)
Class org.jetbrains.kotlin.gradle.targets.js.dsl.KotlinJsSubTargetContainerDsl        : loaded 2 times (x 70B)
Class org.jetbrains.kotlin.tooling.core.MutableExtrasImpl$Companion                   : loaded 2 times (x 71B)
Class org.jetbrains.kotlin.gradle.plugin.KotlinGradleBuildServices$Companion$registerIfAbsent$1: loaded 2 times (x 75B)
Class org.jetbrains.kotlin.statistics.fileloggers.MetricsContainer                    : loaded 2 times (x 77B)
Class org.jetbrains.kotlin.gradle.plugin.internal.ProjectIsolationStartParameterAccessor: loaded 2 times (x 70B)
Class com.google.common.collect.Iterators$MergingIterator                             : loaded 2 times (x 81B)
Class com.google.common.collect.RegularImmutableSet                                   : loaded 2 times (x 148B)
Class org.gradle.internal.installation.GradleInstallation                             : loaded 2 times (x 75B)
Class com.google.common.collect.ForwardingCollection                                  : loaded 2 times (x 130B)
Class com.google.common.collect.LexicographicalOrdering                               : loaded 2 times (x 115B)
Class org.jetbrains.kotlin.gradle.dsl.KotlinJvmCompile$DefaultImpls                   : loaded 2 times (x 71B)
Class org.jetbrains.kotlin.gradle.plugin.mpp.compilationImpl.factory.KotlinCompilationImplFactory$create$1: loaded 2 times (x 75B)
Class org.jetbrains.kotlin.gradle.tasks.KotlinJavaToolchain                           : loaded 2 times (x 70B)
Class org.jetbrains.kotlin.gradle.plugin.BuildFinishFlowAction                        : loaded 2 times (x 74B)
Class org.jetbrains.kotlin.statistics.metrics.BooleanMetrics$Companion                : loaded 2 times (x 71B)
Class org.jetbrains.kotlin.gradle.plugin.internal.CompatibilityConventionRegistrar    : loaded 2 times (x 70B)
Class com.google.common.collect.Iterables                                             : loaded 2 times (x 71B)
Class com.google.common.base.Splitter$Strategy                                        : loaded 2 times (x 70B)
Class org.jetbrains.kotlin.gradle.plugin.mpp.KotlinJvmCompilation                     : loaded 2 times (x 200B)
Class org.jetbrains.kotlin.gradle.plugin.KotlinCompilation$Companion                  : loaded 2 times (x 71B)
Class com.google.common.collect.Lists$RandomAccessReverseList                         : loaded 2 times (x 200B)
Class org.jetbrains.kotlin.gradle.dsl.ToolchainSupport$Companion                      : loaded 2 times (x 71B)
Class org.jetbrains.kotlin.gradle.plugin.KotlinSourceSet                              : loaded 2 times (x 70B)

---------------  S Y S T E M  ---------------

OS:
 Windows 11 , 64 bit Build 26100 (10.0.26100.4484)
OS uptime: 0 days 18:02 hours
Hyper-V role detected

CPU: total 12 (initial active 12) (6 cores per cpu, 2 threads per core) family 6 model 186 stepping 3 microcode 0x4121, cx8, cmov, fxsr, ht, mmx, 3dnowpref, sse, sse2, sse3, ssse3, sse4.1, sse4.2, popcnt, lzcnt, tsc, tscinvbit, avx, avx2, aes, erms, clmul, bmi1, bmi2, adx, sha, fma, vzeroupper, clflush, clflushopt, clwb, hv, serialize, rdtscp, rdpid, fsrm, f16c, cet_ibt, cet_ss
Processor Information for processor 0
  Max Mhz: 1300, Current Mhz: 1300, Mhz Limit: 1300
Processor Information for processor 1
  Max Mhz: 1300, Current Mhz: 1300, Mhz Limit: 1300
Processor Information for processor 2
  Max Mhz: 1300, Current Mhz: 1300, Mhz Limit: 1300
Processor Information for processor 3
  Max Mhz: 1300, Current Mhz: 1300, Mhz Limit: 1300
Processor Information for processor 4
  Max Mhz: 1300, Current Mhz: 900, Mhz Limit: 897
Processor Information for processor 5
  Max Mhz: 1300, Current Mhz: 900, Mhz Limit: 897
Processor Information for processor 6
  Max Mhz: 1300, Current Mhz: 900, Mhz Limit: 897
Processor Information for processor 7
  Max Mhz: 1300, Current Mhz: 900, Mhz Limit: 897
Processor Information for processor 8
  Max Mhz: 1300, Current Mhz: 900, Mhz Limit: 897
Processor Information for processor 9
  Max Mhz: 1300, Current Mhz: 900, Mhz Limit: 897
Processor Information for processor 10
  Max Mhz: 1300, Current Mhz: 900, Mhz Limit: 897
Processor Information for processor 11
  Max Mhz: 1300, Current Mhz: 900, Mhz Limit: 897

Memory: 4k page, system-wide physical 7835M (339M free)
TotalPageFile size 31387M (AvailPageFile size 2M)
current process WorkingSet (physical memory assigned to process): 125M, peak: 948M
current process commit charge ("private bytes"): 1201M, peak: 1205M

vm_info: OpenJDK 64-Bit Server VM (21.0.8+-14018985-b1038.68) for windows-amd64 JRE (21.0.8+-14018985-b1038.68), built on 2025-08-29T19:56:34Z by "builder" with MS VC++ 16.10 / 16.11 (VS2019)

END.
